term,variant,relation_type,lang,confidence,verified_by
Việt Nam,Vietnam,tag,vi,low,"derived from dev tag taxonomy (lotte_tags_vi_en_ko_description_v2.csv, 2026-08-25) - NO per-SKU tag assignment exists yet, matched only via literal substring of the VI tag name inside product titles - needs QA/BA verification + real per-product tag data before use in a real test cycle. Real search-service tag-field boost weight = 0 (ServiceConfig_SearchService.png, 2026-08-25) - tag-dimension queries are NOT expected to rank via tag relevance."
Việt Nam,베트남,tag,vi,low,"derived from dev tag taxonomy (lotte_tags_vi_en_ko_description_v2.csv, 2026-08-25) - NO per-SKU tag assignment exists yet, matched only via literal substring of the VI tag name inside product titles - needs QA/BA verification + real per-product tag data before use in a real test cycle. Real search-service tag-field boost weight = 0 (ServiceConfig_SearchService.png, 2026-08-25) - tag-dimension queries are NOT expected to rank via tag relevance."
Hàng Nhập Khẩu,Imported Goods,tag,vi,low,"derived from dev tag taxonomy (lotte_tags_vi_en_ko_description_v2.csv, 2026-08-25) - NO per-SKU tag assignment exists yet, matched only via literal substring of the VI tag name inside product titles - needs QA/BA verification + real per-product tag data before use in a real test cycle. Real search-service tag-field boost weight = 0 (ServiceConfig_SearchService.png, 2026-08-25) - tag-dimension queries are NOT expected to rank via tag relevance."
Hàng Nhập Khẩu,수입 상품,tag,vi,low,"derived from dev tag taxonomy (lotte_tags_vi_en_ko_description_v2.csv, 2026-08-25) - NO per-SKU tag assignment exists yet, matched only via literal substring of the VI tag name inside product titles - needs QA/BA verification + real per-product tag data before use in a real test cycle. Real search-service tag-field boost weight = 0 (ServiceConfig_SearchService.png, 2026-08-25) - tag-dimension queries are NOT expected to rank via tag relevance."
Ăn Vặt,Snacks,tag,vi,low,"derived from dev tag taxonomy (lotte_tags_vi_en_ko_description_v2.csv, 2026-08-25) - NO per-SKU tag assignment exists yet, matched only via literal substring of the VI tag name inside product titles - needs QA/BA verification + real per-product tag data before use in a real test cycle. Real search-service tag-field boost weight = 0 (ServiceConfig_SearchService.png, 2026-08-25) - tag-dimension queries are NOT expected to rank via tag relevance."
Ăn Vặt,간식,tag,vi,low,"derived from dev tag taxonomy (lotte_tags_vi_en_ko_description_v2.csv, 2026-08-25) - NO per-SKU tag assignment exists yet, matched only via literal substring of the VI tag name inside product titles - needs QA/BA verification + real per-product tag data before use in a real test cycle. Real search-service tag-field boost weight = 0 (ServiceConfig_SearchService.png, 2026-08-25) - tag-dimension queries are NOT expected to rank via tag relevance."
Trung Quốc,China,tag,vi,low,"derived from dev tag taxonomy (lotte_tags_vi_en_ko_description_v2.csv, 2026-08-25) - NO per-SKU tag assignment exists yet, matched only via literal substring of the VI tag name inside product titles - needs QA/BA verification + real per-product tag data before use in a real test cycle. Real search-service tag-field boost weight = 0 (ServiceConfig_SearchService.png, 2026-08-25) - tag-dimension queries are NOT expected to rank via tag relevance."
Trung Quốc,중국,tag,vi,low,"derived from dev tag taxonomy (lotte_tags_vi_en_ko_description_v2.csv, 2026-08-25) - NO per-SKU tag assignment exists yet, matched only via literal substring of the VI tag name inside product titles - needs QA/BA verification + real per-product tag data before use in a real test cycle. Real search-service tag-field boost weight = 0 (ServiceConfig_SearchService.png, 2026-08-25) - tag-dimension queries are NOT expected to rank via tag relevance."
Mỹ Phẩm,Cosmetics,tag,vi,low,"derived from dev tag taxonomy (lotte_tags_vi_en_ko_description_v2.csv, 2026-08-25) - NO per-SKU tag assignment exists yet, matched only via literal substring of the VI tag name inside product titles - needs QA/BA verification + real per-product tag data before use in a real test cycle. Real search-service tag-field boost weight = 0 (ServiceConfig_SearchService.png, 2026-08-25) - tag-dimension queries are NOT expected to rank via tag relevance."
Mỹ Phẩm,화장품,tag,vi,low,"derived from dev tag taxonomy (lotte_tags_vi_en_ko_description_v2.csv, 2026-08-25) - NO per-SKU tag assignment exists yet, matched only via literal substring of the VI tag name inside product titles - needs QA/BA verification + real per-product tag data before use in a real test cycle. Real search-service tag-field boost weight = 0 (ServiceConfig_SearchService.png, 2026-08-25) - tag-dimension queries are NOT expected to rank via tag relevance."
Thực Phẩm Tươi,Fresh Food,tag,vi,low,"derived from dev tag taxonomy (lotte_tags_vi_en_ko_description_v2.csv, 2026-08-25) - NO per-SKU tag assignment exists yet, matched only via literal substring of the VI tag name inside product titles - needs QA/BA verification + real per-product tag data before use in a real test cycle. Real search-service tag-field boost weight = 0 (ServiceConfig_SearchService.png, 2026-08-25) - tag-dimension queries are NOT expected to rank via tag relevance."
Thực Phẩm Tươi,신선식품,tag,vi,low,"derived from dev tag taxonomy (lotte_tags_vi_en_ko_description_v2.csv, 2026-08-25) - NO per-SKU tag assignment exists yet, matched only via literal substring of the VI tag name inside product titles - needs QA/BA verification + real per-product tag data before use in a real test cycle. Real search-service tag-field boost weight = 0 (ServiceConfig_SearchService.png, 2026-08-25) - tag-dimension queries are NOT expected to rank via tag relevance."
Gia Vị,Seasonings,tag,vi,low,"derived from dev tag taxonomy (lotte_tags_vi_en_ko_description_v2.csv, 2026-08-25) - NO per-SKU tag assignment exists yet, matched only via literal substring of the VI tag name inside product titles - needs QA/BA verification + real per-product tag data before use in a real test cycle. Real search-service tag-field boost weight = 0 (ServiceConfig_SearchService.png, 2026-08-25) - tag-dimension queries are NOT expected to rank via tag relevance."
Gia Vị,조미료,tag,vi,low,"derived from dev tag taxonomy (lotte_tags_vi_en_ko_description_v2.csv, 2026-08-25) - NO per-SKU tag assignment exists yet, matched only via literal substring of the VI tag name inside product titles - needs QA/BA verification + real per-product tag data before use in a real test cycle. Real search-service tag-field boost weight = 0 (ServiceConfig_SearchService.png, 2026-08-25) - tag-dimension queries are NOT expected to rank via tag relevance."
Hàn Quốc,South Korea,tag,vi,low,"derived from dev tag taxonomy (lotte_tags_vi_en_ko_description_v2.csv, 2026-08-25) - NO per-SKU tag assignment exists yet, matched only via literal substring of the VI tag name inside product titles - needs QA/BA verification + real per-product tag data before use in a real test cycle. Real search-service tag-field boost weight = 0 (ServiceConfig_SearchService.png, 2026-08-25) - tag-dimension queries are NOT expected to rank via tag relevance."
Hàn Quốc,한국,tag,vi,low,"derived from dev tag taxonomy (lotte_tags_vi_en_ko_description_v2.csv, 2026-08-25) - NO per-SKU tag assignment exists yet, matched only via literal substring of the VI tag name inside product titles - needs QA/BA verification + real per-product tag data before use in a real test cycle. Real search-service tag-field boost weight = 0 (ServiceConfig_SearchService.png, 2026-08-25) - tag-dimension queries are NOT expected to rank via tag relevance."
Choice L,Choice L,tag,vi,low,"derived from dev tag taxonomy (lotte_tags_vi_en_ko_description_v2.csv, 2026-08-25) - NO per-SKU tag assignment exists yet, matched only via literal substring of the VI tag name inside product titles - needs QA/BA verification + real per-product tag data before use in a real test cycle. Real search-service tag-field boost weight = 0 (ServiceConfig_SearchService.png, 2026-08-25) - tag-dimension queries are NOT expected to rank via tag relevance."
Choice L,Choice L,tag,vi,low,"derived from dev tag taxonomy (lotte_tags_vi_en_ko_description_v2.csv, 2026-08-25) - NO per-SKU tag assignment exists yet, matched only via literal substring of the VI tag name inside product titles - needs QA/BA verification + real per-product tag data before use in a real test cycle. Real search-service tag-field boost weight = 0 (ServiceConfig_SearchService.png, 2026-08-25) - tag-dimension queries are NOT expected to rank via tag relevance."
Dụng Cụ Nhà Bếp,Kitchen Utensils,tag,vi,low,"derived from dev tag taxonomy (lotte_tags_vi_en_ko_description_v2.csv, 2026-08-25) - NO per-SKU tag assignment exists yet, matched only via literal substring of the VI tag name inside product titles - needs QA/BA verification + real per-product tag data before use in a real test cycle. Real search-service tag-field boost weight = 0 (ServiceConfig_SearchService.png, 2026-08-25) - tag-dimension queries are NOT expected to rank via tag relevance."
Dụng Cụ Nhà Bếp,주방용품,tag,vi,low,"derived from dev tag taxonomy (lotte_tags_vi_en_ko_description_v2.csv, 2026-08-25) - NO per-SKU tag assignment exists yet, matched only via literal substring of the VI tag name inside product titles - needs QA/BA verification + real per-product tag data before use in a real test cycle. Real search-service tag-field boost weight = 0 (ServiceConfig_SearchService.png, 2026-08-25) - tag-dimension queries are NOT expected to rank via tag relevance."
Đông Lạnh,Frozen Food,tag,vi,low,"derived from dev tag taxonomy (lotte_tags_vi_en_ko_description_v2.csv, 2026-08-25) - NO per-SKU tag assignment exists yet, matched only via literal substring of the VI tag name inside product titles - needs QA/BA verification + real per-product tag data before use in a real test cycle. Real search-service tag-field boost weight = 0 (ServiceConfig_SearchService.png, 2026-08-25) - tag-dimension queries are NOT expected to rank via tag relevance."
Đông Lạnh,냉동식품,tag,vi,low,"derived from dev tag taxonomy (lotte_tags_vi_en_ko_description_v2.csv, 2026-08-25) - NO per-SKU tag assignment exists yet, matched only via literal substring of the VI tag name inside product titles - needs QA/BA verification + real per-product tag data before use in a real test cycle. Real search-service tag-field boost weight = 0 (ServiceConfig_SearchService.png, 2026-08-25) - tag-dimension queries are NOT expected to rank via tag relevance."
Kẹo,Candy,tag,vi,low,"derived from dev tag taxonomy (lotte_tags_vi_en_ko_description_v2.csv, 2026-08-25) - NO per-SKU tag assignment exists yet, matched only via literal substring of the VI tag name inside product titles - needs QA/BA verification + real per-product tag data before use in a real test cycle. Real search-service tag-field boost weight = 0 (ServiceConfig_SearchService.png, 2026-08-25) - tag-dimension queries are NOT expected to rank via tag relevance."
Kẹo,사탕,tag,vi,low,"derived from dev tag taxonomy (lotte_tags_vi_en_ko_description_v2.csv, 2026-08-25) - NO per-SKU tag assignment exists yet, matched only via literal substring of the VI tag name inside product titles - needs QA/BA verification + real per-product tag data before use in a real test cycle. Real search-service tag-field boost weight = 0 (ServiceConfig_SearchService.png, 2026-08-25) - tag-dimension queries are NOT expected to rank via tag relevance."
Sữa Tắm,Body Wash,tag,vi,low,"derived from dev tag taxonomy (lotte_tags_vi_en_ko_description_v2.csv, 2026-08-25) - NO per-SKU tag assignment exists yet, matched only via literal substring of the VI tag name inside product titles - needs QA/BA verification + real per-product tag data before use in a real test cycle. Real search-service tag-field boost weight = 0 (ServiceConfig_SearchService.png, 2026-08-25) - tag-dimension queries are NOT expected to rank via tag relevance."
Sữa Tắm,바디워시,tag,vi,low,"derived from dev tag taxonomy (lotte_tags_vi_en_ko_description_v2.csv, 2026-08-25) - NO per-SKU tag assignment exists yet, matched only via literal substring of the VI tag name inside product titles - needs QA/BA verification + real per-product tag data before use in a real test cycle. Real search-service tag-field boost weight = 0 (ServiceConfig_SearchService.png, 2026-08-25) - tag-dimension queries are NOT expected to rank via tag relevance."
Ăn Liền,Ready to Eat,tag,vi,low,"derived from dev tag taxonomy (lotte_tags_vi_en_ko_description_v2.csv, 2026-08-25) - NO per-SKU tag assignment exists yet, matched only via literal substring of the VI tag name inside product titles - needs QA/BA verification + real per-product tag data before use in a real test cycle. Real search-service tag-field boost weight = 0 (ServiceConfig_SearchService.png, 2026-08-25) - tag-dimension queries are NOT expected to rank via tag relevance."
Ăn Liền,즉석식품,tag,vi,low,"derived from dev tag taxonomy (lotte_tags_vi_en_ko_description_v2.csv, 2026-08-25) - NO per-SKU tag assignment exists yet, matched only via literal substring of the VI tag name inside product titles - needs QA/BA verification + real per-product tag data before use in a real test cycle. Real search-service tag-field boost weight = 0 (ServiceConfig_SearchService.png, 2026-08-25) - tag-dimension queries are NOT expected to rank via tag relevance."
Thái Lan,Thailand,tag,vi,low,"derived from dev tag taxonomy (lotte_tags_vi_en_ko_description_v2.csv, 2026-08-25) - NO per-SKU tag assignment exists yet, matched only via literal substring of the VI tag name inside product titles - needs QA/BA verification + real per-product tag data before use in a real test cycle. Real search-service tag-field boost weight = 0 (ServiceConfig_SearchService.png, 2026-08-25) - tag-dimension queries are NOT expected to rank via tag relevance."
Thái Lan,태국,tag,vi,low,"derived from dev tag taxonomy (lotte_tags_vi_en_ko_description_v2.csv, 2026-08-25) - NO per-SKU tag assignment exists yet, matched only via literal substring of the VI tag name inside product titles - needs QA/BA verification + real per-product tag data before use in a real test cycle. Real search-service tag-field boost weight = 0 (ServiceConfig_SearchService.png, 2026-08-25) - tag-dimension queries are NOT expected to rank via tag relevance."
Đồ Chơi,Toys,tag,vi,low,"derived from dev tag taxonomy (lotte_tags_vi_en_ko_description_v2.csv, 2026-08-25) - NO per-SKU tag assignment exists yet, matched only via literal substring of the VI tag name inside product titles - needs QA/BA verification + real per-product tag data before use in a real test cycle. Real search-service tag-field boost weight = 0 (ServiceConfig_SearchService.png, 2026-08-25) - tag-dimension queries are NOT expected to rank via tag relevance."
Đồ Chơi,장난감,tag,vi,low,"derived from dev tag taxonomy (lotte_tags_vi_en_ko_description_v2.csv, 2026-08-25) - NO per-SKU tag assignment exists yet, matched only via literal substring of the VI tag name inside product titles - needs QA/BA verification + real per-product tag data before use in a real test cycle. Real search-service tag-field boost weight = 0 (ServiceConfig_SearchService.png, 2026-08-25) - tag-dimension queries are NOT expected to rank via tag relevance."
Dầu Gội,Shampoo,tag,vi,low,"derived from dev tag taxonomy (lotte_tags_vi_en_ko_description_v2.csv, 2026-08-25) - NO per-SKU tag assignment exists yet, matched only via literal substring of the VI tag name inside product titles - needs QA/BA verification + real per-product tag data before use in a real test cycle. Real search-service tag-field boost weight = 0 (ServiceConfig_SearchService.png, 2026-08-25) - tag-dimension queries are NOT expected to rank via tag relevance."
Dầu Gội,샴푸,tag,vi,low,"derived from dev tag taxonomy (lotte_tags_vi_en_ko_description_v2.csv, 2026-08-25) - NO per-SKU tag assignment exists yet, matched only via literal substring of the VI tag name inside product titles - needs QA/BA verification + real per-product tag data before use in a real test cycle. Real search-service tag-field boost weight = 0 (ServiceConfig_SearchService.png, 2026-08-25) - tag-dimension queries are NOT expected to rank via tag relevance."
Mì Ăn Liền,Instant Noodles,tag,vi,low,"derived from dev tag taxonomy (lotte_tags_vi_en_ko_description_v2.csv, 2026-08-25) - NO per-SKU tag assignment exists yet, matched only via literal substring of the VI tag name inside product titles - needs QA/BA verification + real per-product tag data before use in a real test cycle. Real search-service tag-field boost weight = 0 (ServiceConfig_SearchService.png, 2026-08-25) - tag-dimension queries are NOT expected to rank via tag relevance."
Mì Ăn Liền,인스턴트 면,tag,vi,low,"derived from dev tag taxonomy (lotte_tags_vi_en_ko_description_v2.csv, 2026-08-25) - NO per-SKU tag assignment exists yet, matched only via literal substring of the VI tag name inside product titles - needs QA/BA verification + real per-product tag data before use in a real test cycle. Real search-service tag-field boost weight = 0 (ServiceConfig_SearchService.png, 2026-08-25) - tag-dimension queries are NOT expected to rank via tag relevance."
Nam Giới,Men,tag,vi,low,"derived from dev tag taxonomy (lotte_tags_vi_en_ko_description_v2.csv, 2026-08-25) - NO per-SKU tag assignment exists yet, matched only via literal substring of the VI tag name inside product titles - needs QA/BA verification + real per-product tag data before use in a real test cycle. Real search-service tag-field boost weight = 0 (ServiceConfig_SearchService.png, 2026-08-25) - tag-dimension queries are NOT expected to rank via tag relevance."
Nam Giới,남성,tag,vi,low,"derived from dev tag taxonomy (lotte_tags_vi_en_ko_description_v2.csv, 2026-08-25) - NO per-SKU tag assignment exists yet, matched only via literal substring of the VI tag name inside product titles - needs QA/BA verification + real per-product tag data before use in a real test cycle. Real search-service tag-field boost weight = 0 (ServiceConfig_SearchService.png, 2026-08-25) - tag-dimension queries are NOT expected to rank via tag relevance."
Giải Khát,Beverages,tag,vi,low,"derived from dev tag taxonomy (lotte_tags_vi_en_ko_description_v2.csv, 2026-08-25) - NO per-SKU tag assignment exists yet, matched only via literal substring of the VI tag name inside product titles - needs QA/BA verification + real per-product tag data before use in a real test cycle. Real search-service tag-field boost weight = 0 (ServiceConfig_SearchService.png, 2026-08-25) - tag-dimension queries are NOT expected to rank via tag relevance."
Giải Khát,음료,tag,vi,low,"derived from dev tag taxonomy (lotte_tags_vi_en_ko_description_v2.csv, 2026-08-25) - NO per-SKU tag assignment exists yet, matched only via literal substring of the VI tag name inside product titles - needs QA/BA verification + real per-product tag data before use in a real test cycle. Real search-service tag-field boost weight = 0 (ServiceConfig_SearchService.png, 2026-08-25) - tag-dimension queries are NOT expected to rank via tag relevance."
Bánh Quy,Cookies,tag,vi,low,"derived from dev tag taxonomy (lotte_tags_vi_en_ko_description_v2.csv, 2026-08-25) - NO per-SKU tag assignment exists yet, matched only via literal substring of the VI tag name inside product titles - needs QA/BA verification + real per-product tag data before use in a real test cycle. Real search-service tag-field boost weight = 0 (ServiceConfig_SearchService.png, 2026-08-25) - tag-dimension queries are NOT expected to rank via tag relevance."
Bánh Quy,쿠키,tag,vi,low,"derived from dev tag taxonomy (lotte_tags_vi_en_ko_description_v2.csv, 2026-08-25) - NO per-SKU tag assignment exists yet, matched only via literal substring of the VI tag name inside product titles - needs QA/BA verification + real per-product tag data before use in a real test cycle. Real search-service tag-field boost weight = 0 (ServiceConfig_SearchService.png, 2026-08-25) - tag-dimension queries are NOT expected to rank via tag relevance."
Nước Ngọt,Soft Drinks,tag,vi,low,"derived from dev tag taxonomy (lotte_tags_vi_en_ko_description_v2.csv, 2026-08-25) - NO per-SKU tag assignment exists yet, matched only via literal substring of the VI tag name inside product titles - needs QA/BA verification + real per-product tag data before use in a real test cycle. Real search-service tag-field boost weight = 0 (ServiceConfig_SearchService.png, 2026-08-25) - tag-dimension queries are NOT expected to rank via tag relevance."
Nước Ngọt,탄산음료,tag,vi,low,"derived from dev tag taxonomy (lotte_tags_vi_en_ko_description_v2.csv, 2026-08-25) - NO per-SKU tag assignment exists yet, matched only via literal substring of the VI tag name inside product titles - needs QA/BA verification + real per-product tag data before use in a real test cycle. Real search-service tag-field boost weight = 0 (ServiceConfig_SearchService.png, 2026-08-25) - tag-dimension queries are NOT expected to rank via tag relevance."
Cà Phê,Coffee,tag,vi,low,"derived from dev tag taxonomy (lotte_tags_vi_en_ko_description_v2.csv, 2026-08-25) - NO per-SKU tag assignment exists yet, matched only via literal substring of the VI tag name inside product titles - needs QA/BA verification + real per-product tag data before use in a real test cycle. Real search-service tag-field boost weight = 0 (ServiceConfig_SearchService.png, 2026-08-25) - tag-dimension queries are NOT expected to rank via tag relevance."
Cà Phê,커피,tag,vi,low,"derived from dev tag taxonomy (lotte_tags_vi_en_ko_description_v2.csv, 2026-08-25) - NO per-SKU tag assignment exists yet, matched only via literal substring of the VI tag name inside product titles - needs QA/BA verification + real per-product tag data before use in a real test cycle. Real search-service tag-field boost weight = 0 (ServiceConfig_SearchService.png, 2026-08-25) - tag-dimension queries are NOT expected to rank via tag relevance."
Sữa Nước,Liquid Milk,tag,vi,low,"derived from dev tag taxonomy (lotte_tags_vi_en_ko_description_v2.csv, 2026-08-25) - NO per-SKU tag assignment exists yet, matched only via literal substring of the VI tag name inside product titles - needs QA/BA verification + real per-product tag data before use in a real test cycle. Real search-service tag-field boost weight = 0 (ServiceConfig_SearchService.png, 2026-08-25) - tag-dimension queries are NOT expected to rank via tag relevance."
Sữa Nước,액상 우유,tag,vi,low,"derived from dev tag taxonomy (lotte_tags_vi_en_ko_description_v2.csv, 2026-08-25) - NO per-SKU tag assignment exists yet, matched only via literal substring of the VI tag name inside product titles - needs QA/BA verification + real per-product tag data before use in a real test cycle. Real search-service tag-field boost weight = 0 (ServiceConfig_SearchService.png, 2026-08-25) - tag-dimension queries are NOT expected to rank via tag relevance."
Đồ Khô,Dry Goods,tag,vi,low,"derived from dev tag taxonomy (lotte_tags_vi_en_ko_description_v2.csv, 2026-08-25) - NO per-SKU tag assignment exists yet, matched only via literal substring of the VI tag name inside product titles - needs QA/BA verification + real per-product tag data before use in a real test cycle. Real search-service tag-field boost weight = 0 (ServiceConfig_SearchService.png, 2026-08-25) - tag-dimension queries are NOT expected to rank via tag relevance."
Đồ Khô,건조식품,tag,vi,low,"derived from dev tag taxonomy (lotte_tags_vi_en_ko_description_v2.csv, 2026-08-25) - NO per-SKU tag assignment exists yet, matched only via literal substring of the VI tag name inside product titles - needs QA/BA verification + real per-product tag data before use in a real test cycle. Real search-service tag-field boost weight = 0 (ServiceConfig_SearchService.png, 2026-08-25) - tag-dimension queries are NOT expected to rank via tag relevance."
Gia Dụng,Household Goods,tag,vi,low,"derived from dev tag taxonomy (lotte_tags_vi_en_ko_description_v2.csv, 2026-08-25) - NO per-SKU tag assignment exists yet, matched only via literal substring of the VI tag name inside product titles - needs QA/BA verification + real per-product tag data before use in a real test cycle. Real search-service tag-field boost weight = 0 (ServiceConfig_SearchService.png, 2026-08-25) - tag-dimension queries are NOT expected to rank via tag relevance."
Gia Dụng,생활용품,tag,vi,low,"derived from dev tag taxonomy (lotte_tags_vi_en_ko_description_v2.csv, 2026-08-25) - NO per-SKU tag assignment exists yet, matched only via literal substring of the VI tag name inside product titles - needs QA/BA verification + real per-product tag data before use in a real test cycle. Real search-service tag-field boost weight = 0 (ServiceConfig_SearchService.png, 2026-08-25) - tag-dimension queries are NOT expected to rank via tag relevance."
Rau Củ Tươi,Fresh Vegetables,tag,vi,low,"derived from dev tag taxonomy (lotte_tags_vi_en_ko_description_v2.csv, 2026-08-25) - NO per-SKU tag assignment exists yet, matched only via literal substring of the VI tag name inside product titles - needs QA/BA verification + real per-product tag data before use in a real test cycle. Real search-service tag-field boost weight = 0 (ServiceConfig_SearchService.png, 2026-08-25) - tag-dimension queries are NOT expected to rank via tag relevance."
Rau Củ Tươi,신선 채소,tag,vi,low,"derived from dev tag taxonomy (lotte_tags_vi_en_ko_description_v2.csv, 2026-08-25) - NO per-SKU tag assignment exists yet, matched only via literal substring of the VI tag name inside product titles - needs QA/BA verification + real per-product tag data before use in a real test cycle. Real search-service tag-field boost weight = 0 (ServiceConfig_SearchService.png, 2026-08-25) - tag-dimension queries are NOT expected to rank via tag relevance."
Nước Giặt,Laundry Detergent,tag,vi,low,"derived from dev tag taxonomy (lotte_tags_vi_en_ko_description_v2.csv, 2026-08-25) - NO per-SKU tag assignment exists yet, matched only via literal substring of the VI tag name inside product titles - needs QA/BA verification + real per-product tag data before use in a real test cycle. Real search-service tag-field boost weight = 0 (ServiceConfig_SearchService.png, 2026-08-25) - tag-dimension queries are NOT expected to rank via tag relevance."
Nước Giặt,액체 세탁세제,tag,vi,low,"derived from dev tag taxonomy (lotte_tags_vi_en_ko_description_v2.csv, 2026-08-25) - NO per-SKU tag assignment exists yet, matched only via literal substring of the VI tag name inside product titles - needs QA/BA verification + real per-product tag data before use in a real test cycle. Real search-service tag-field boost weight = 0 (ServiceConfig_SearchService.png, 2026-08-25) - tag-dimension queries are NOT expected to rank via tag relevance."
Hải Sản,Seafood,tag,vi,low,"derived from dev tag taxonomy (lotte_tags_vi_en_ko_description_v2.csv, 2026-08-25) - NO per-SKU tag assignment exists yet, matched only via literal substring of the VI tag name inside product titles - needs QA/BA verification + real per-product tag data before use in a real test cycle. Real search-service tag-field boost weight = 0 (ServiceConfig_SearchService.png, 2026-08-25) - tag-dimension queries are NOT expected to rank via tag relevance."
Hải Sản,해산물,tag,vi,low,"derived from dev tag taxonomy (lotte_tags_vi_en_ko_description_v2.csv, 2026-08-25) - NO per-SKU tag assignment exists yet, matched only via literal substring of the VI tag name inside product titles - needs QA/BA verification + real per-product tag data before use in a real test cycle. Real search-service tag-field boost weight = 0 (ServiceConfig_SearchService.png, 2026-08-25) - tag-dimension queries are NOT expected to rank via tag relevance."
Ẩm Thực Hàn Quốc,Korean Food,tag,vi,low,"derived from dev tag taxonomy (lotte_tags_vi_en_ko_description_v2.csv, 2026-08-25) - NO per-SKU tag assignment exists yet, matched only via literal substring of the VI tag name inside product titles - needs QA/BA verification + real per-product tag data before use in a real test cycle. Real search-service tag-field boost weight = 0 (ServiceConfig_SearchService.png, 2026-08-25) - tag-dimension queries are NOT expected to rank via tag relevance."
Ẩm Thực Hàn Quốc,한식,tag,vi,low,"derived from dev tag taxonomy (lotte_tags_vi_en_ko_description_v2.csv, 2026-08-25) - NO per-SKU tag assignment exists yet, matched only via literal substring of the VI tag name inside product titles - needs QA/BA verification + real per-product tag data before use in a real test cycle. Real search-service tag-field boost weight = 0 (ServiceConfig_SearchService.png, 2026-08-25) - tag-dimension queries are NOT expected to rank via tag relevance."
Trái Cây,Fruit,tag,vi,low,"derived from dev tag taxonomy (lotte_tags_vi_en_ko_description_v2.csv, 2026-08-25) - NO per-SKU tag assignment exists yet, matched only via literal substring of the VI tag name inside product titles - needs QA/BA verification + real per-product tag data before use in a real test cycle. Real search-service tag-field boost weight = 0 (ServiceConfig_SearchService.png, 2026-08-25) - tag-dimension queries are NOT expected to rank via tag relevance."
Trái Cây,과일,tag,vi,low,"derived from dev tag taxonomy (lotte_tags_vi_en_ko_description_v2.csv, 2026-08-25) - NO per-SKU tag assignment exists yet, matched only via literal substring of the VI tag name inside product titles - needs QA/BA verification + real per-product tag data before use in a real test cycle. Real search-service tag-field boost weight = 0 (ServiceConfig_SearchService.png, 2026-08-25) - tag-dimension queries are NOT expected to rank via tag relevance."
Sữa Chua,Yogurt,tag,vi,low,"derived from dev tag taxonomy (lotte_tags_vi_en_ko_description_v2.csv, 2026-08-25) - NO per-SKU tag assignment exists yet, matched only via literal substring of the VI tag name inside product titles - needs QA/BA verification + real per-product tag data before use in a real test cycle. Real search-service tag-field boost weight = 0 (ServiceConfig_SearchService.png, 2026-08-25) - tag-dimension queries are NOT expected to rank via tag relevance."
Sữa Chua,요거트,tag,vi,low,"derived from dev tag taxonomy (lotte_tags_vi_en_ko_description_v2.csv, 2026-08-25) - NO per-SKU tag assignment exists yet, matched only via literal substring of the VI tag name inside product titles - needs QA/BA verification + real per-product tag data before use in a real test cycle. Real search-service tag-field boost weight = 0 (ServiceConfig_SearchService.png, 2026-08-25) - tag-dimension queries are NOT expected to rank via tag relevance."
365 Fresh,365 Fresh,tag,vi,low,"derived from dev tag taxonomy (lotte_tags_vi_en_ko_description_v2.csv, 2026-08-25) - NO per-SKU tag assignment exists yet, matched only via literal substring of the VI tag name inside product titles - needs QA/BA verification + real per-product tag data before use in a real test cycle. Real search-service tag-field boost weight = 0 (ServiceConfig_SearchService.png, 2026-08-25) - tag-dimension queries are NOT expected to rank via tag relevance."
365 Fresh,365 Fresh,tag,vi,low,"derived from dev tag taxonomy (lotte_tags_vi_en_ko_description_v2.csv, 2026-08-25) - NO per-SKU tag assignment exists yet, matched only via literal substring of the VI tag name inside product titles - needs QA/BA verification + real per-product tag data before use in a real test cycle. Real search-service tag-field boost weight = 0 (ServiceConfig_SearchService.png, 2026-08-25) - tag-dimension queries are NOT expected to rank via tag relevance."
Socola,Chocolate,tag,vi,low,"derived from dev tag taxonomy (lotte_tags_vi_en_ko_description_v2.csv, 2026-08-25) - NO per-SKU tag assignment exists yet, matched only via literal substring of the VI tag name inside product titles - needs QA/BA verification + real per-product tag data before use in a real test cycle. Real search-service tag-field boost weight = 0 (ServiceConfig_SearchService.png, 2026-08-25) - tag-dimension queries are NOT expected to rank via tag relevance."
Socola,초콜릿,tag,vi,low,"derived from dev tag taxonomy (lotte_tags_vi_en_ko_description_v2.csv, 2026-08-25) - NO per-SKU tag assignment exists yet, matched only via literal substring of the VI tag name inside product titles - needs QA/BA verification + real per-product tag data before use in a real test cycle. Real search-service tag-field boost weight = 0 (ServiceConfig_SearchService.png, 2026-08-25) - tag-dimension queries are NOT expected to rank via tag relevance."
Bia,Beer,tag,vi,low,"derived from dev tag taxonomy (lotte_tags_vi_en_ko_description_v2.csv, 2026-08-25) - NO per-SKU tag assignment exists yet, matched only via literal substring of the VI tag name inside product titles - needs QA/BA verification + real per-product tag data before use in a real test cycle. Real search-service tag-field boost weight = 0 (ServiceConfig_SearchService.png, 2026-08-25) - tag-dimension queries are NOT expected to rank via tag relevance."
Bia,맥주,tag,vi,low,"derived from dev tag taxonomy (lotte_tags_vi_en_ko_description_v2.csv, 2026-08-25) - NO per-SKU tag assignment exists yet, matched only via literal substring of the VI tag name inside product titles - needs QA/BA verification + real per-product tag data before use in a real test cycle. Real search-service tag-field boost weight = 0 (ServiceConfig_SearchService.png, 2026-08-25) - tag-dimension queries are NOT expected to rank via tag relevance."
Dầu Ăn,Cooking Oil,tag,vi,low,"derived from dev tag taxonomy (lotte_tags_vi_en_ko_description_v2.csv, 2026-08-25) - NO per-SKU tag assignment exists yet, matched only via literal substring of the VI tag name inside product titles - needs QA/BA verification + real per-product tag data before use in a real test cycle. Real search-service tag-field boost weight = 0 (ServiceConfig_SearchService.png, 2026-08-25) - tag-dimension queries are NOT expected to rank via tag relevance."
Dầu Ăn,식용유,tag,vi,low,"derived from dev tag taxonomy (lotte_tags_vi_en_ko_description_v2.csv, 2026-08-25) - NO per-SKU tag assignment exists yet, matched only via literal substring of the VI tag name inside product titles - needs QA/BA verification + real per-product tag data before use in a real test cycle. Real search-service tag-field boost weight = 0 (ServiceConfig_SearchService.png, 2026-08-25) - tag-dimension queries are NOT expected to rank via tag relevance."
Rong Biển,Seaweed,tag,vi,low,"derived from dev tag taxonomy (lotte_tags_vi_en_ko_description_v2.csv, 2026-08-25) - NO per-SKU tag assignment exists yet, matched only via literal substring of the VI tag name inside product titles - needs QA/BA verification + real per-product tag data before use in a real test cycle. Real search-service tag-field boost weight = 0 (ServiceConfig_SearchService.png, 2026-08-25) - tag-dimension queries are NOT expected to rank via tag relevance."
Rong Biển,김·해조류,tag,vi,low,"derived from dev tag taxonomy (lotte_tags_vi_en_ko_description_v2.csv, 2026-08-25) - NO per-SKU tag assignment exists yet, matched only via literal substring of the VI tag name inside product titles - needs QA/BA verification + real per-product tag data before use in a real test cycle. Real search-service tag-field boost weight = 0 (ServiceConfig_SearchService.png, 2026-08-25) - tag-dimension queries are NOT expected to rank via tag relevance."
Xúc Xích,Sausage,tag,vi,low,"derived from dev tag taxonomy (lotte_tags_vi_en_ko_description_v2.csv, 2026-08-25) - NO per-SKU tag assignment exists yet, matched only via literal substring of the VI tag name inside product titles - needs QA/BA verification + real per-product tag data before use in a real test cycle. Real search-service tag-field boost weight = 0 (ServiceConfig_SearchService.png, 2026-08-25) - tag-dimension queries are NOT expected to rank via tag relevance."
Xúc Xích,소시지,tag,vi,low,"derived from dev tag taxonomy (lotte_tags_vi_en_ko_description_v2.csv, 2026-08-25) - NO per-SKU tag assignment exists yet, matched only via literal substring of the VI tag name inside product titles - needs QA/BA verification + real per-product tag data before use in a real test cycle. Real search-service tag-field boost weight = 0 (ServiceConfig_SearchService.png, 2026-08-25) - tag-dimension queries are NOT expected to rank via tag relevance."
Giặt Máy,Machine Wash,tag,vi,low,"derived from dev tag taxonomy (lotte_tags_vi_en_ko_description_v2.csv, 2026-08-25) - NO per-SKU tag assignment exists yet, matched only via literal substring of the VI tag name inside product titles - needs QA/BA verification + real per-product tag data before use in a real test cycle. Real search-service tag-field boost weight = 0 (ServiceConfig_SearchService.png, 2026-08-25) - tag-dimension queries are NOT expected to rank via tag relevance."
Giặt Máy,세탁기용,tag,vi,low,"derived from dev tag taxonomy (lotte_tags_vi_en_ko_description_v2.csv, 2026-08-25) - NO per-SKU tag assignment exists yet, matched only via literal substring of the VI tag name inside product titles - needs QA/BA verification + real per-product tag data before use in a real test cycle. Real search-service tag-field boost weight = 0 (ServiceConfig_SearchService.png, 2026-08-25) - tag-dimension queries are NOT expected to rank via tag relevance."
Bữa Sáng,Breakfast,tag,vi,low,"derived from dev tag taxonomy (lotte_tags_vi_en_ko_description_v2.csv, 2026-08-25) - NO per-SKU tag assignment exists yet, matched only via literal substring of the VI tag name inside product titles - needs QA/BA verification + real per-product tag data before use in a real test cycle. Real search-service tag-field boost weight = 0 (ServiceConfig_SearchService.png, 2026-08-25) - tag-dimension queries are NOT expected to rank via tag relevance."
Bữa Sáng,아침식사,tag,vi,low,"derived from dev tag taxonomy (lotte_tags_vi_en_ko_description_v2.csv, 2026-08-25) - NO per-SKU tag assignment exists yet, matched only via literal substring of the VI tag name inside product titles - needs QA/BA verification + real per-product tag data before use in a real test cycle. Real search-service tag-field boost weight = 0 (ServiceConfig_SearchService.png, 2026-08-25) - tag-dimension queries are NOT expected to rank via tag relevance."
Có Cồn,Alcoholic,tag,vi,low,"derived from dev tag taxonomy (lotte_tags_vi_en_ko_description_v2.csv, 2026-08-25) - NO per-SKU tag assignment exists yet, matched only via literal substring of the VI tag name inside product titles - needs QA/BA verification + real per-product tag data before use in a real test cycle. Real search-service tag-field boost weight = 0 (ServiceConfig_SearchService.png, 2026-08-25) - tag-dimension queries are NOT expected to rank via tag relevance."
Có Cồn,알코올 함유,tag,vi,low,"derived from dev tag taxonomy (lotte_tags_vi_en_ko_description_v2.csv, 2026-08-25) - NO per-SKU tag assignment exists yet, matched only via literal substring of the VI tag name inside product titles - needs QA/BA verification + real per-product tag data before use in a real test cycle. Real search-service tag-field boost weight = 0 (ServiceConfig_SearchService.png, 2026-08-25) - tag-dimension queries are NOT expected to rank via tag relevance."
Kẹo Dẻo,Gummy Candy,tag,vi,low,"derived from dev tag taxonomy (lotte_tags_vi_en_ko_description_v2.csv, 2026-08-25) - NO per-SKU tag assignment exists yet, matched only via literal substring of the VI tag name inside product titles - needs QA/BA verification + real per-product tag data before use in a real test cycle. Real search-service tag-field boost weight = 0 (ServiceConfig_SearchService.png, 2026-08-25) - tag-dimension queries are NOT expected to rank via tag relevance."
Kẹo Dẻo,젤리 캔디,tag,vi,low,"derived from dev tag taxonomy (lotte_tags_vi_en_ko_description_v2.csv, 2026-08-25) - NO per-SKU tag assignment exists yet, matched only via literal substring of the VI tag name inside product titles - needs QA/BA verification + real per-product tag data before use in a real test cycle. Real search-service tag-field boost weight = 0 (ServiceConfig_SearchService.png, 2026-08-25) - tag-dimension queries are NOT expected to rank via tag relevance."
Không Đường,Sugar Free,tag,vi,low,"derived from dev tag taxonomy (lotte_tags_vi_en_ko_description_v2.csv, 2026-08-25) - NO per-SKU tag assignment exists yet, matched only via literal substring of the VI tag name inside product titles - needs QA/BA verification + real per-product tag data before use in a real test cycle. Real search-service tag-field boost weight = 0 (ServiceConfig_SearchService.png, 2026-08-25) - tag-dimension queries are NOT expected to rank via tag relevance."
Không Đường,무설탕,tag,vi,low,"derived from dev tag taxonomy (lotte_tags_vi_en_ko_description_v2.csv, 2026-08-25) - NO per-SKU tag assignment exists yet, matched only via literal substring of the VI tag name inside product titles - needs QA/BA verification + real per-product tag data before use in a real test cycle. Real search-service tag-field boost weight = 0 (ServiceConfig_SearchService.png, 2026-08-25) - tag-dimension queries are NOT expected to rank via tag relevance."
Trà Gói,Packaged Tea,tag,vi,low,"derived from dev tag taxonomy (lotte_tags_vi_en_ko_description_v2.csv, 2026-08-25) - NO per-SKU tag assignment exists yet, matched only via literal substring of the VI tag name inside product titles - needs QA/BA verification + real per-product tag data before use in a real test cycle. Real search-service tag-field boost weight = 0 (ServiceConfig_SearchService.png, 2026-08-25) - tag-dimension queries are NOT expected to rank via tag relevance."
Trà Gói,포장 차,tag,vi,low,"derived from dev tag taxonomy (lotte_tags_vi_en_ko_description_v2.csv, 2026-08-25) - NO per-SKU tag assignment exists yet, matched only via literal substring of the VI tag name inside product titles - needs QA/BA verification + real per-product tag data before use in a real test cycle. Real search-service tag-field boost weight = 0 (ServiceConfig_SearchService.png, 2026-08-25) - tag-dimension queries are NOT expected to rank via tag relevance."
Cà Phê Hòa Tan,Instant Coffee,tag,vi,low,"derived from dev tag taxonomy (lotte_tags_vi_en_ko_description_v2.csv, 2026-08-25) - NO per-SKU tag assignment exists yet, matched only via literal substring of the VI tag name inside product titles - needs QA/BA verification + real per-product tag data before use in a real test cycle. Real search-service tag-field boost weight = 0 (ServiceConfig_SearchService.png, 2026-08-25) - tag-dimension queries are NOT expected to rank via tag relevance."
Cà Phê Hòa Tan,인스턴트 커피,tag,vi,low,"derived from dev tag taxonomy (lotte_tags_vi_en_ko_description_v2.csv, 2026-08-25) - NO per-SKU tag assignment exists yet, matched only via literal substring of the VI tag name inside product titles - needs QA/BA verification + real per-product tag data before use in a real test cycle. Real search-service tag-field boost weight = 0 (ServiceConfig_SearchService.png, 2026-08-25) - tag-dimension queries are NOT expected to rank via tag relevance."
Nhật Bản,Japan,tag,vi,low,"derived from dev tag taxonomy (lotte_tags_vi_en_ko_description_v2.csv, 2026-08-25) - NO per-SKU tag assignment exists yet, matched only via literal substring of the VI tag name inside product titles - needs QA/BA verification + real per-product tag data before use in a real test cycle. Real search-service tag-field boost weight = 0 (ServiceConfig_SearchService.png, 2026-08-25) - tag-dimension queries are NOT expected to rank via tag relevance."
Nhật Bản,일본,tag,vi,low,"derived from dev tag taxonomy (lotte_tags_vi_en_ko_description_v2.csv, 2026-08-25) - NO per-SKU tag assignment exists yet, matched only via literal substring of the VI tag name inside product titles - needs QA/BA verification + real per-product tag data before use in a real test cycle. Real search-service tag-field boost weight = 0 (ServiceConfig_SearchService.png, 2026-08-25) - tag-dimension queries are NOT expected to rank via tag relevance."
Sữa Tươi,Fresh Milk,tag,vi,low,"derived from dev tag taxonomy (lotte_tags_vi_en_ko_description_v2.csv, 2026-08-25) - NO per-SKU tag assignment exists yet, matched only via literal substring of the VI tag name inside product titles - needs QA/BA verification + real per-product tag data before use in a real test cycle. Real search-service tag-field boost weight = 0 (ServiceConfig_SearchService.png, 2026-08-25) - tag-dimension queries are NOT expected to rank via tag relevance."
Sữa Tươi,신선 우유,tag,vi,low,"derived from dev tag taxonomy (lotte_tags_vi_en_ko_description_v2.csv, 2026-08-25) - NO per-SKU tag assignment exists yet, matched only via literal substring of the VI tag name inside product titles - needs QA/BA verification + real per-product tag data before use in a real test cycle. Real search-service tag-field boost weight = 0 (ServiceConfig_SearchService.png, 2026-08-25) - tag-dimension queries are NOT expected to rank via tag relevance."
Thời Trang,Fashion,tag,vi,low,"derived from dev tag taxonomy (lotte_tags_vi_en_ko_description_v2.csv, 2026-08-25) - NO per-SKU tag assignment exists yet, matched only via literal substring of the VI tag name inside product titles - needs QA/BA verification + real per-product tag data before use in a real test cycle. Real search-service tag-field boost weight = 0 (ServiceConfig_SearchService.png, 2026-08-25) - tag-dimension queries are NOT expected to rank via tag relevance."
Thời Trang,패션,tag,vi,low,"derived from dev tag taxonomy (lotte_tags_vi_en_ko_description_v2.csv, 2026-08-25) - NO per-SKU tag assignment exists yet, matched only via literal substring of the VI tag name inside product titles - needs QA/BA verification + real per-product tag data before use in a real test cycle. Real search-service tag-field boost weight = 0 (ServiceConfig_SearchService.png, 2026-08-25) - tag-dimension queries are NOT expected to rank via tag relevance."
Hạt Sấy,Roasted & Dried Nuts,tag,vi,low,"derived from dev tag taxonomy (lotte_tags_vi_en_ko_description_v2.csv, 2026-08-25) - NO per-SKU tag assignment exists yet, matched only via literal substring of the VI tag name inside product titles - needs QA/BA verification + real per-product tag data before use in a real test cycle. Real search-service tag-field boost weight = 0 (ServiceConfig_SearchService.png, 2026-08-25) - tag-dimension queries are NOT expected to rank via tag relevance."
Hạt Sấy,구운·건조 견과,tag,vi,low,"derived from dev tag taxonomy (lotte_tags_vi_en_ko_description_v2.csv, 2026-08-25) - NO per-SKU tag assignment exists yet, matched only via literal substring of the VI tag name inside product titles - needs QA/BA verification + real per-product tag data before use in a real test cycle. Real search-service tag-field boost weight = 0 (ServiceConfig_SearchService.png, 2026-08-25) - tag-dimension queries are NOT expected to rank via tag relevance."
Phô Mai,Cheese,tag,vi,low,"derived from dev tag taxonomy (lotte_tags_vi_en_ko_description_v2.csv, 2026-08-25) - NO per-SKU tag assignment exists yet, matched only via literal substring of the VI tag name inside product titles - needs QA/BA verification + real per-product tag data before use in a real test cycle. Real search-service tag-field boost weight = 0 (ServiceConfig_SearchService.png, 2026-08-25) - tag-dimension queries are NOT expected to rank via tag relevance."
Phô Mai,치즈,tag,vi,low,"derived from dev tag taxonomy (lotte_tags_vi_en_ko_description_v2.csv, 2026-08-25) - NO per-SKU tag assignment exists yet, matched only via literal substring of the VI tag name inside product titles - needs QA/BA verification + real per-product tag data before use in a real test cycle. Real search-service tag-field boost weight = 0 (ServiceConfig_SearchService.png, 2026-08-25) - tag-dimension queries are NOT expected to rank via tag relevance."
Malaysia,Malaysia,tag,vi,low,"derived from dev tag taxonomy (lotte_tags_vi_en_ko_description_v2.csv, 2026-08-25) - NO per-SKU tag assignment exists yet, matched only via literal substring of the VI tag name inside product titles - needs QA/BA verification + real per-product tag data before use in a real test cycle. Real search-service tag-field boost weight = 0 (ServiceConfig_SearchService.png, 2026-08-25) - tag-dimension queries are NOT expected to rank via tag relevance."
Malaysia,말레이시아,tag,vi,low,"derived from dev tag taxonomy (lotte_tags_vi_en_ko_description_v2.csv, 2026-08-25) - NO per-SKU tag assignment exists yet, matched only via literal substring of the VI tag name inside product titles - needs QA/BA verification + real per-product tag data before use in a real test cycle. Real search-service tag-field boost weight = 0 (ServiceConfig_SearchService.png, 2026-08-25) - tag-dimension queries are NOT expected to rank via tag relevance."
Vệ Sinh Bếp,Kitchen Cleaning,tag,vi,low,"derived from dev tag taxonomy (lotte_tags_vi_en_ko_description_v2.csv, 2026-08-25) - NO per-SKU tag assignment exists yet, matched only via literal substring of the VI tag name inside product titles - needs QA/BA verification + real per-product tag data before use in a real test cycle. Real search-service tag-field boost weight = 0 (ServiceConfig_SearchService.png, 2026-08-25) - tag-dimension queries are NOT expected to rank via tag relevance."
Vệ Sinh Bếp,주방 청소,tag,vi,low,"derived from dev tag taxonomy (lotte_tags_vi_en_ko_description_v2.csv, 2026-08-25) - NO per-SKU tag assignment exists yet, matched only via literal substring of the VI tag name inside product titles - needs QA/BA verification + real per-product tag data before use in a real test cycle. Real search-service tag-field boost weight = 0 (ServiceConfig_SearchService.png, 2026-08-25) - tag-dimension queries are NOT expected to rank via tag relevance."
Tiệt Trùng,Sterilizing,tag,vi,low,"derived from dev tag taxonomy (lotte_tags_vi_en_ko_description_v2.csv, 2026-08-25) - NO per-SKU tag assignment exists yet, matched only via literal substring of the VI tag name inside product titles - needs QA/BA verification + real per-product tag data before use in a real test cycle. Real search-service tag-field boost weight = 0 (ServiceConfig_SearchService.png, 2026-08-25) - tag-dimension queries are NOT expected to rank via tag relevance."
Tiệt Trùng,살균,tag,vi,low,"derived from dev tag taxonomy (lotte_tags_vi_en_ko_description_v2.csv, 2026-08-25) - NO per-SKU tag assignment exists yet, matched only via literal substring of the VI tag name inside product titles - needs QA/BA verification + real per-product tag data before use in a real test cycle. Real search-service tag-field boost weight = 0 (ServiceConfig_SearchService.png, 2026-08-25) - tag-dimension queries are NOT expected to rank via tag relevance."
Món Nhanh,Quick Meals,tag,vi,low,"derived from dev tag taxonomy (lotte_tags_vi_en_ko_description_v2.csv, 2026-08-25) - NO per-SKU tag assignment exists yet, matched only via literal substring of the VI tag name inside product titles - needs QA/BA verification + real per-product tag data before use in a real test cycle. Real search-service tag-field boost weight = 0 (ServiceConfig_SearchService.png, 2026-08-25) - tag-dimension queries are NOT expected to rank via tag relevance."
Món Nhanh,간편식,tag,vi,low,"derived from dev tag taxonomy (lotte_tags_vi_en_ko_description_v2.csv, 2026-08-25) - NO per-SKU tag assignment exists yet, matched only via literal substring of the VI tag name inside product titles - needs QA/BA verification + real per-product tag data before use in a real test cycle. Real search-service tag-field boost weight = 0 (ServiceConfig_SearchService.png, 2026-08-25) - tag-dimension queries are NOT expected to rank via tag relevance."
Lăn Khử Mùi,Roll-On Deodorant,tag,vi,low,"derived from dev tag taxonomy (lotte_tags_vi_en_ko_description_v2.csv, 2026-08-25) - NO per-SKU tag assignment exists yet, matched only via literal substring of the VI tag name inside product titles - needs QA/BA verification + real per-product tag data before use in a real test cycle. Real search-service tag-field boost weight = 0 (ServiceConfig_SearchService.png, 2026-08-25) - tag-dimension queries are NOT expected to rank via tag relevance."
Lăn Khử Mùi,롤온 데오도란트,tag,vi,low,"derived from dev tag taxonomy (lotte_tags_vi_en_ko_description_v2.csv, 2026-08-25) - NO per-SKU tag assignment exists yet, matched only via literal substring of the VI tag name inside product titles - needs QA/BA verification + real per-product tag data before use in a real test cycle. Real search-service tag-field boost weight = 0 (ServiceConfig_SearchService.png, 2026-08-25) - tag-dimension queries are NOT expected to rank via tag relevance."
Nước Mắm,Fish Sauce,tag,vi,low,"derived from dev tag taxonomy (lotte_tags_vi_en_ko_description_v2.csv, 2026-08-25) - NO per-SKU tag assignment exists yet, matched only via literal substring of the VI tag name inside product titles - needs QA/BA verification + real per-product tag data before use in a real test cycle. Real search-service tag-field boost weight = 0 (ServiceConfig_SearchService.png, 2026-08-25) - tag-dimension queries are NOT expected to rank via tag relevance."
Nước Mắm,피시소스,tag,vi,low,"derived from dev tag taxonomy (lotte_tags_vi_en_ko_description_v2.csv, 2026-08-25) - NO per-SKU tag assignment exists yet, matched only via literal substring of the VI tag name inside product titles - needs QA/BA verification + real per-product tag data before use in a real test cycle. Real search-service tag-field boost weight = 0 (ServiceConfig_SearchService.png, 2026-08-25) - tag-dimension queries are NOT expected to rank via tag relevance."
Nước Rửa Chén,Dishwashing Liquid,tag,vi,low,"derived from dev tag taxonomy (lotte_tags_vi_en_ko_description_v2.csv, 2026-08-25) - NO per-SKU tag assignment exists yet, matched only via literal substring of the VI tag name inside product titles - needs QA/BA verification + real per-product tag data before use in a real test cycle. Real search-service tag-field boost weight = 0 (ServiceConfig_SearchService.png, 2026-08-25) - tag-dimension queries are NOT expected to rank via tag relevance."
Nước Rửa Chén,주방세제,tag,vi,low,"derived from dev tag taxonomy (lotte_tags_vi_en_ko_description_v2.csv, 2026-08-25) - NO per-SKU tag assignment exists yet, matched only via literal substring of the VI tag name inside product titles - needs QA/BA verification + real per-product tag data before use in a real test cycle. Real search-service tag-field boost weight = 0 (ServiceConfig_SearchService.png, 2026-08-25) - tag-dimension queries are NOT expected to rank via tag relevance."
Dầu Xả,Conditioner,tag,vi,low,"derived from dev tag taxonomy (lotte_tags_vi_en_ko_description_v2.csv, 2026-08-25) - NO per-SKU tag assignment exists yet, matched only via literal substring of the VI tag name inside product titles - needs QA/BA verification + real per-product tag data before use in a real test cycle. Real search-service tag-field boost weight = 0 (ServiceConfig_SearchService.png, 2026-08-25) - tag-dimension queries are NOT expected to rank via tag relevance."
Dầu Xả,컨디셔너,tag,vi,low,"derived from dev tag taxonomy (lotte_tags_vi_en_ko_description_v2.csv, 2026-08-25) - NO per-SKU tag assignment exists yet, matched only via literal substring of the VI tag name inside product titles - needs QA/BA verification + real per-product tag data before use in a real test cycle. Real search-service tag-field boost weight = 0 (ServiceConfig_SearchService.png, 2026-08-25) - tag-dimension queries are NOT expected to rank via tag relevance."
Khăn Giấy Khô,Dry Tissue,tag,vi,low,"derived from dev tag taxonomy (lotte_tags_vi_en_ko_description_v2.csv, 2026-08-25) - NO per-SKU tag assignment exists yet, matched only via literal substring of the VI tag name inside product titles - needs QA/BA verification + real per-product tag data before use in a real test cycle. Real search-service tag-field boost weight = 0 (ServiceConfig_SearchService.png, 2026-08-25) - tag-dimension queries are NOT expected to rank via tag relevance."
Khăn Giấy Khô,마른 티슈,tag,vi,low,"derived from dev tag taxonomy (lotte_tags_vi_en_ko_description_v2.csv, 2026-08-25) - NO per-SKU tag assignment exists yet, matched only via literal substring of the VI tag name inside product titles - needs QA/BA verification + real per-product tag data before use in a real test cycle. Real search-service tag-field boost weight = 0 (ServiceConfig_SearchService.png, 2026-08-25) - tag-dimension queries are NOT expected to rank via tag relevance."
Thịt Heo,Pork,tag,vi,low,"derived from dev tag taxonomy (lotte_tags_vi_en_ko_description_v2.csv, 2026-08-25) - NO per-SKU tag assignment exists yet, matched only via literal substring of the VI tag name inside product titles - needs QA/BA verification + real per-product tag data before use in a real test cycle. Real search-service tag-field boost weight = 0 (ServiceConfig_SearchService.png, 2026-08-25) - tag-dimension queries are NOT expected to rank via tag relevance."
Thịt Heo,돼지고기,tag,vi,low,"derived from dev tag taxonomy (lotte_tags_vi_en_ko_description_v2.csv, 2026-08-25) - NO per-SKU tag assignment exists yet, matched only via literal substring of the VI tag name inside product titles - needs QA/BA verification + real per-product tag data before use in a real test cycle. Real search-service tag-field boost weight = 0 (ServiceConfig_SearchService.png, 2026-08-25) - tag-dimension queries are NOT expected to rank via tag relevance."
Chống Nắng,Sun Protection,tag,vi,low,"derived from dev tag taxonomy (lotte_tags_vi_en_ko_description_v2.csv, 2026-08-25) - NO per-SKU tag assignment exists yet, matched only via literal substring of the VI tag name inside product titles - needs QA/BA verification + real per-product tag data before use in a real test cycle. Real search-service tag-field boost weight = 0 (ServiceConfig_SearchService.png, 2026-08-25) - tag-dimension queries are NOT expected to rank via tag relevance."
Chống Nắng,자외선 차단,tag,vi,low,"derived from dev tag taxonomy (lotte_tags_vi_en_ko_description_v2.csv, 2026-08-25) - NO per-SKU tag assignment exists yet, matched only via literal substring of the VI tag name inside product titles - needs QA/BA verification + real per-product tag data before use in a real test cycle. Real search-service tag-field boost weight = 0 (ServiceConfig_SearchService.png, 2026-08-25) - tag-dimension queries are NOT expected to rank via tag relevance."
Hộp Đựng Thực Phẩm,Food Storage Container,tag,vi,low,"derived from dev tag taxonomy (lotte_tags_vi_en_ko_description_v2.csv, 2026-08-25) - NO per-SKU tag assignment exists yet, matched only via literal substring of the VI tag name inside product titles - needs QA/BA verification + real per-product tag data before use in a real test cycle. Real search-service tag-field boost weight = 0 (ServiceConfig_SearchService.png, 2026-08-25) - tag-dimension queries are NOT expected to rank via tag relevance."
Hộp Đựng Thực Phẩm,식품 보관용기,tag,vi,low,"derived from dev tag taxonomy (lotte_tags_vi_en_ko_description_v2.csv, 2026-08-25) - NO per-SKU tag assignment exists yet, matched only via literal substring of the VI tag name inside product titles - needs QA/BA verification + real per-product tag data before use in a real test cycle. Real search-service tag-field boost weight = 0 (ServiceConfig_SearchService.png, 2026-08-25) - tag-dimension queries are NOT expected to rank via tag relevance."
Sữa Rửa Mặt,Facial Cleanser,tag,vi,low,"derived from dev tag taxonomy (lotte_tags_vi_en_ko_description_v2.csv, 2026-08-25) - NO per-SKU tag assignment exists yet, matched only via literal substring of the VI tag name inside product titles - needs QA/BA verification + real per-product tag data before use in a real test cycle. Real search-service tag-field boost weight = 0 (ServiceConfig_SearchService.png, 2026-08-25) - tag-dimension queries are NOT expected to rank via tag relevance."
Sữa Rửa Mặt,클렌저,tag,vi,low,"derived from dev tag taxonomy (lotte_tags_vi_en_ko_description_v2.csv, 2026-08-25) - NO per-SKU tag assignment exists yet, matched only via literal substring of the VI tag name inside product titles - needs QA/BA verification + real per-product tag data before use in a real test cycle. Real search-service tag-field boost weight = 0 (ServiceConfig_SearchService.png, 2026-08-25) - tag-dimension queries are NOT expected to rank via tag relevance."
Khăn Giấy Ướt,Wet Wipes,tag,vi,low,"derived from dev tag taxonomy (lotte_tags_vi_en_ko_description_v2.csv, 2026-08-25) - NO per-SKU tag assignment exists yet, matched only via literal substring of the VI tag name inside product titles - needs QA/BA verification + real per-product tag data before use in a real test cycle. Real search-service tag-field boost weight = 0 (ServiceConfig_SearchService.png, 2026-08-25) - tag-dimension queries are NOT expected to rank via tag relevance."
Khăn Giấy Ướt,물티슈,tag,vi,low,"derived from dev tag taxonomy (lotte_tags_vi_en_ko_description_v2.csv, 2026-08-25) - NO per-SKU tag assignment exists yet, matched only via literal substring of the VI tag name inside product titles - needs QA/BA verification + real per-product tag data before use in a real test cycle. Real search-service tag-field boost weight = 0 (ServiceConfig_SearchService.png, 2026-08-25) - tag-dimension queries are NOT expected to rank via tag relevance."
Rau Lá,Leafy Vegetables,tag,vi,low,"derived from dev tag taxonomy (lotte_tags_vi_en_ko_description_v2.csv, 2026-08-25) - NO per-SKU tag assignment exists yet, matched only via literal substring of the VI tag name inside product titles - needs QA/BA verification + real per-product tag data before use in a real test cycle. Real search-service tag-field boost weight = 0 (ServiceConfig_SearchService.png, 2026-08-25) - tag-dimension queries are NOT expected to rank via tag relevance."
Rau Lá,잎채소,tag,vi,low,"derived from dev tag taxonomy (lotte_tags_vi_en_ko_description_v2.csv, 2026-08-25) - NO per-SKU tag assignment exists yet, matched only via literal substring of the VI tag name inside product titles - needs QA/BA verification + real per-product tag data before use in a real test cycle. Real search-service tag-field boost weight = 0 (ServiceConfig_SearchService.png, 2026-08-25) - tag-dimension queries are NOT expected to rank via tag relevance."
Bàn Chà,Scrub Brush,tag,vi,low,"derived from dev tag taxonomy (lotte_tags_vi_en_ko_description_v2.csv, 2026-08-25) - NO per-SKU tag assignment exists yet, matched only via literal substring of the VI tag name inside product titles - needs QA/BA verification + real per-product tag data before use in a real test cycle. Real search-service tag-field boost weight = 0 (ServiceConfig_SearchService.png, 2026-08-25) - tag-dimension queries are NOT expected to rank via tag relevance."
Bàn Chà,청소 브러시,tag,vi,low,"derived from dev tag taxonomy (lotte_tags_vi_en_ko_description_v2.csv, 2026-08-25) - NO per-SKU tag assignment exists yet, matched only via literal substring of the VI tag name inside product titles - needs QA/BA verification + real per-product tag data before use in a real test cycle. Real search-service tag-field boost weight = 0 (ServiceConfig_SearchService.png, 2026-08-25) - tag-dimension queries are NOT expected to rank via tag relevance."
Indonesia,Indonesia,tag,vi,low,"derived from dev tag taxonomy (lotte_tags_vi_en_ko_description_v2.csv, 2026-08-25) - NO per-SKU tag assignment exists yet, matched only via literal substring of the VI tag name inside product titles - needs QA/BA verification + real per-product tag data before use in a real test cycle. Real search-service tag-field boost weight = 0 (ServiceConfig_SearchService.png, 2026-08-25) - tag-dimension queries are NOT expected to rank via tag relevance."
Indonesia,인도네시아,tag,vi,low,"derived from dev tag taxonomy (lotte_tags_vi_en_ko_description_v2.csv, 2026-08-25) - NO per-SKU tag assignment exists yet, matched only via literal substring of the VI tag name inside product titles - needs QA/BA verification + real per-product tag data before use in a real test cycle. Real search-service tag-field boost weight = 0 (ServiceConfig_SearchService.png, 2026-08-25) - tag-dimension queries are NOT expected to rank via tag relevance."
Thịt Gà,Chicken,tag,vi,low,"derived from dev tag taxonomy (lotte_tags_vi_en_ko_description_v2.csv, 2026-08-25) - NO per-SKU tag assignment exists yet, matched only via literal substring of the VI tag name inside product titles - needs QA/BA verification + real per-product tag data before use in a real test cycle. Real search-service tag-field boost weight = 0 (ServiceConfig_SearchService.png, 2026-08-25) - tag-dimension queries are NOT expected to rank via tag relevance."
Thịt Gà,닭고기,tag,vi,low,"derived from dev tag taxonomy (lotte_tags_vi_en_ko_description_v2.csv, 2026-08-25) - NO per-SKU tag assignment exists yet, matched only via literal substring of the VI tag name inside product titles - needs QA/BA verification + real per-product tag data before use in a real test cycle. Real search-service tag-field boost weight = 0 (ServiceConfig_SearchService.png, 2026-08-25) - tag-dimension queries are NOT expected to rank via tag relevance."
Thơm Phòng,Room Fragrance,tag,vi,low,"derived from dev tag taxonomy (lotte_tags_vi_en_ko_description_v2.csv, 2026-08-25) - NO per-SKU tag assignment exists yet, matched only via literal substring of the VI tag name inside product titles - needs QA/BA verification + real per-product tag data before use in a real test cycle. Real search-service tag-field boost weight = 0 (ServiceConfig_SearchService.png, 2026-08-25) - tag-dimension queries are NOT expected to rank via tag relevance."
Thơm Phòng,실내 방향제,tag,vi,low,"derived from dev tag taxonomy (lotte_tags_vi_en_ko_description_v2.csv, 2026-08-25) - NO per-SKU tag assignment exists yet, matched only via literal substring of the VI tag name inside product titles - needs QA/BA verification + real per-product tag data before use in a real test cycle. Real search-service tag-field boost weight = 0 (ServiceConfig_SearchService.png, 2026-08-25) - tag-dimension queries are NOT expected to rank via tag relevance."
Ngũ Cốc,Cereals,tag,vi,low,"derived from dev tag taxonomy (lotte_tags_vi_en_ko_description_v2.csv, 2026-08-25) - NO per-SKU tag assignment exists yet, matched only via literal substring of the VI tag name inside product titles - needs QA/BA verification + real per-product tag data before use in a real test cycle. Real search-service tag-field boost weight = 0 (ServiceConfig_SearchService.png, 2026-08-25) - tag-dimension queries are NOT expected to rank via tag relevance."
Ngũ Cốc,시리얼·곡물,tag,vi,low,"derived from dev tag taxonomy (lotte_tags_vi_en_ko_description_v2.csv, 2026-08-25) - NO per-SKU tag assignment exists yet, matched only via literal substring of the VI tag name inside product titles - needs QA/BA verification + real per-product tag data before use in a real test cycle. Real search-service tag-field boost weight = 0 (ServiceConfig_SearchService.png, 2026-08-25) - tag-dimension queries are NOT expected to rank via tag relevance."
Thịt Bò,Beef,tag,vi,low,"derived from dev tag taxonomy (lotte_tags_vi_en_ko_description_v2.csv, 2026-08-25) - NO per-SKU tag assignment exists yet, matched only via literal substring of the VI tag name inside product titles - needs QA/BA verification + real per-product tag data before use in a real test cycle. Real search-service tag-field boost weight = 0 (ServiceConfig_SearchService.png, 2026-08-25) - tag-dimension queries are NOT expected to rank via tag relevance."
Thịt Bò,소고기,tag,vi,low,"derived from dev tag taxonomy (lotte_tags_vi_en_ko_description_v2.csv, 2026-08-25) - NO per-SKU tag assignment exists yet, matched only via literal substring of the VI tag name inside product titles - needs QA/BA verification + real per-product tag data before use in a real test cycle. Real search-service tag-field boost weight = 0 (ServiceConfig_SearchService.png, 2026-08-25) - tag-dimension queries are NOT expected to rank via tag relevance."
Ly Nước,Drinking Glass,tag,vi,low,"derived from dev tag taxonomy (lotte_tags_vi_en_ko_description_v2.csv, 2026-08-25) - NO per-SKU tag assignment exists yet, matched only via literal substring of the VI tag name inside product titles - needs QA/BA verification + real per-product tag data before use in a real test cycle. Real search-service tag-field boost weight = 0 (ServiceConfig_SearchService.png, 2026-08-25) - tag-dimension queries are NOT expected to rank via tag relevance."
Ly Nước,음료컵,tag,vi,low,"derived from dev tag taxonomy (lotte_tags_vi_en_ko_description_v2.csv, 2026-08-25) - NO per-SKU tag assignment exists yet, matched only via literal substring of the VI tag name inside product titles - needs QA/BA verification + real per-product tag data before use in a real test cycle. Real search-service tag-field boost weight = 0 (ServiceConfig_SearchService.png, 2026-08-25) - tag-dimension queries are NOT expected to rank via tag relevance."
Rượu Vang,Wine,tag,vi,low,"derived from dev tag taxonomy (lotte_tags_vi_en_ko_description_v2.csv, 2026-08-25) - NO per-SKU tag assignment exists yet, matched only via literal substring of the VI tag name inside product titles - needs QA/BA verification + real per-product tag data before use in a real test cycle. Real search-service tag-field boost weight = 0 (ServiceConfig_SearchService.png, 2026-08-25) - tag-dimension queries are NOT expected to rank via tag relevance."
Rượu Vang,와인,tag,vi,low,"derived from dev tag taxonomy (lotte_tags_vi_en_ko_description_v2.csv, 2026-08-25) - NO per-SKU tag assignment exists yet, matched only via literal substring of the VI tag name inside product titles - needs QA/BA verification + real per-product tag data before use in a real test cycle. Real search-service tag-field boost weight = 0 (ServiceConfig_SearchService.png, 2026-08-25) - tag-dimension queries are NOT expected to rank via tag relevance."
Sơ Chế Sẵn,Pre-Prepared,tag,vi,low,"derived from dev tag taxonomy (lotte_tags_vi_en_ko_description_v2.csv, 2026-08-25) - NO per-SKU tag assignment exists yet, matched only via literal substring of the VI tag name inside product titles - needs QA/BA verification + real per-product tag data before use in a real test cycle. Real search-service tag-field boost weight = 0 (ServiceConfig_SearchService.png, 2026-08-25) - tag-dimension queries are NOT expected to rank via tag relevance."
Sơ Chế Sẵn,손질 완료,tag,vi,low,"derived from dev tag taxonomy (lotte_tags_vi_en_ko_description_v2.csv, 2026-08-25) - NO per-SKU tag assignment exists yet, matched only via literal substring of the VI tag name inside product titles - needs QA/BA verification + real per-product tag data before use in a real test cycle. Real search-service tag-field boost weight = 0 (ServiceConfig_SearchService.png, 2026-08-25) - tag-dimension queries are NOT expected to rank via tag relevance."
Sữa Hạt,Plant-Based Nut Milk,tag,vi,low,"derived from dev tag taxonomy (lotte_tags_vi_en_ko_description_v2.csv, 2026-08-25) - NO per-SKU tag assignment exists yet, matched only via literal substring of the VI tag name inside product titles - needs QA/BA verification + real per-product tag data before use in a real test cycle. Real search-service tag-field boost weight = 0 (ServiceConfig_SearchService.png, 2026-08-25) - tag-dimension queries are NOT expected to rank via tag relevance."
Sữa Hạt,견과 식물성 음료,tag,vi,low,"derived from dev tag taxonomy (lotte_tags_vi_en_ko_description_v2.csv, 2026-08-25) - NO per-SKU tag assignment exists yet, matched only via literal substring of the VI tag name inside product titles - needs QA/BA verification + real per-product tag data before use in a real test cycle. Real search-service tag-field boost weight = 0 (ServiceConfig_SearchService.png, 2026-08-25) - tag-dimension queries are NOT expected to rank via tag relevance."
Đáy Từ,Induction-Compatible,tag,vi,low,"derived from dev tag taxonomy (lotte_tags_vi_en_ko_description_v2.csv, 2026-08-25) - NO per-SKU tag assignment exists yet, matched only via literal substring of the VI tag name inside product titles - needs QA/BA verification + real per-product tag data before use in a real test cycle. Real search-service tag-field boost weight = 0 (ServiceConfig_SearchService.png, 2026-08-25) - tag-dimension queries are NOT expected to rank via tag relevance."
Đáy Từ,인덕션 호환,tag,vi,low,"derived from dev tag taxonomy (lotte_tags_vi_en_ko_description_v2.csv, 2026-08-25) - NO per-SKU tag assignment exists yet, matched only via literal substring of the VI tag name inside product titles - needs QA/BA verification + real per-product tag data before use in a real test cycle. Real search-service tag-field boost weight = 0 (ServiceConfig_SearchService.png, 2026-08-25) - tag-dimension queries are NOT expected to rank via tag relevance."
Nước Lau Sàn,Floor Cleaner,tag,vi,low,"derived from dev tag taxonomy (lotte_tags_vi_en_ko_description_v2.csv, 2026-08-25) - NO per-SKU tag assignment exists yet, matched only via literal substring of the VI tag name inside product titles - needs QA/BA verification + real per-product tag data before use in a real test cycle. Real search-service tag-field boost weight = 0 (ServiceConfig_SearchService.png, 2026-08-25) - tag-dimension queries are NOT expected to rank via tag relevance."
Nước Lau Sàn,바닥 세정제,tag,vi,low,"derived from dev tag taxonomy (lotte_tags_vi_en_ko_description_v2.csv, 2026-08-25) - NO per-SKU tag assignment exists yet, matched only via literal substring of the VI tag name inside product titles - needs QA/BA verification + real per-product tag data before use in a real test cycle. Real search-service tag-field boost weight = 0 (ServiceConfig_SearchService.png, 2026-08-25) - tag-dimension queries are NOT expected to rank via tag relevance."
Úc,Australia,tag,vi,low,"derived from dev tag taxonomy (lotte_tags_vi_en_ko_description_v2.csv, 2026-08-25) - NO per-SKU tag assignment exists yet, matched only via literal substring of the VI tag name inside product titles - needs QA/BA verification + real per-product tag data before use in a real test cycle. Real search-service tag-field boost weight = 0 (ServiceConfig_SearchService.png, 2026-08-25) - tag-dimension queries are NOT expected to rank via tag relevance."
Úc,호주,tag,vi,low,"derived from dev tag taxonomy (lotte_tags_vi_en_ko_description_v2.csv, 2026-08-25) - NO per-SKU tag assignment exists yet, matched only via literal substring of the VI tag name inside product titles - needs QA/BA verification + real per-product tag data before use in a real test cycle. Real search-service tag-field boost weight = 0 (ServiceConfig_SearchService.png, 2026-08-25) - tag-dimension queries are NOT expected to rank via tag relevance."
Ít Đường,Low Sugar,tag,vi,low,"derived from dev tag taxonomy (lotte_tags_vi_en_ko_description_v2.csv, 2026-08-25) - NO per-SKU tag assignment exists yet, matched only via literal substring of the VI tag name inside product titles - needs QA/BA verification + real per-product tag data before use in a real test cycle. Real search-service tag-field boost weight = 0 (ServiceConfig_SearchService.png, 2026-08-25) - tag-dimension queries are NOT expected to rank via tag relevance."
Ít Đường,저당,tag,vi,low,"derived from dev tag taxonomy (lotte_tags_vi_en_ko_description_v2.csv, 2026-08-25) - NO per-SKU tag assignment exists yet, matched only via literal substring of the VI tag name inside product titles - needs QA/BA verification + real per-product tag data before use in a real test cycle. Real search-service tag-field boost weight = 0 (ServiceConfig_SearchService.png, 2026-08-25) - tag-dimension queries are NOT expected to rank via tag relevance."
Nhà Tắm,Bathroom,tag,vi,low,"derived from dev tag taxonomy (lotte_tags_vi_en_ko_description_v2.csv, 2026-08-25) - NO per-SKU tag assignment exists yet, matched only via literal substring of the VI tag name inside product titles - needs QA/BA verification + real per-product tag data before use in a real test cycle. Real search-service tag-field boost weight = 0 (ServiceConfig_SearchService.png, 2026-08-25) - tag-dimension queries are NOT expected to rank via tag relevance."
Nhà Tắm,욕실,tag,vi,low,"derived from dev tag taxonomy (lotte_tags_vi_en_ko_description_v2.csv, 2026-08-25) - NO per-SKU tag assignment exists yet, matched only via literal substring of the VI tag name inside product titles - needs QA/BA verification + real per-product tag data before use in a real test cycle. Real search-service tag-field boost weight = 0 (ServiceConfig_SearchService.png, 2026-08-25) - tag-dimension queries are NOT expected to rank via tag relevance."
Mỹ,United States,tag,vi,low,"derived from dev tag taxonomy (lotte_tags_vi_en_ko_description_v2.csv, 2026-08-25) - NO per-SKU tag assignment exists yet, matched only via literal substring of the VI tag name inside product titles - needs QA/BA verification + real per-product tag data before use in a real test cycle. Real search-service tag-field boost weight = 0 (ServiceConfig_SearchService.png, 2026-08-25) - tag-dimension queries are NOT expected to rank via tag relevance."
Mỹ,미국,tag,vi,low,"derived from dev tag taxonomy (lotte_tags_vi_en_ko_description_v2.csv, 2026-08-25) - NO per-SKU tag assignment exists yet, matched only via literal substring of the VI tag name inside product titles - needs QA/BA verification + real per-product tag data before use in a real test cycle. Real search-service tag-field boost weight = 0 (ServiceConfig_SearchService.png, 2026-08-25) - tag-dimension queries are NOT expected to rank via tag relevance."
Món Chay,Vegetarian Food,tag,vi,low,"derived from dev tag taxonomy (lotte_tags_vi_en_ko_description_v2.csv, 2026-08-25) - NO per-SKU tag assignment exists yet, matched only via literal substring of the VI tag name inside product titles - needs QA/BA verification + real per-product tag data before use in a real test cycle. Real search-service tag-field boost weight = 0 (ServiceConfig_SearchService.png, 2026-08-25) - tag-dimension queries are NOT expected to rank via tag relevance."
Món Chay,채식 음식,tag,vi,low,"derived from dev tag taxonomy (lotte_tags_vi_en_ko_description_v2.csv, 2026-08-25) - NO per-SKU tag assignment exists yet, matched only via literal substring of the VI tag name inside product titles - needs QA/BA verification + real per-product tag data before use in a real test cycle. Real search-service tag-field boost weight = 0 (ServiceConfig_SearchService.png, 2026-08-25) - tag-dimension queries are NOT expected to rank via tag relevance."
Bình Nước,Water Bottle,tag,vi,low,"derived from dev tag taxonomy (lotte_tags_vi_en_ko_description_v2.csv, 2026-08-25) - NO per-SKU tag assignment exists yet, matched only via literal substring of the VI tag name inside product titles - needs QA/BA verification + real per-product tag data before use in a real test cycle. Real search-service tag-field boost weight = 0 (ServiceConfig_SearchService.png, 2026-08-25) - tag-dimension queries are NOT expected to rank via tag relevance."
Bình Nước,물병,tag,vi,low,"derived from dev tag taxonomy (lotte_tags_vi_en_ko_description_v2.csv, 2026-08-25) - NO per-SKU tag assignment exists yet, matched only via literal substring of the VI tag name inside product titles - needs QA/BA verification + real per-product tag data before use in a real test cycle. Real search-service tag-field boost weight = 0 (ServiceConfig_SearchService.png, 2026-08-25) - tag-dimension queries are NOT expected to rank via tag relevance."
Giặt Xả,Laundry Detergent & Softener,tag,vi,low,"derived from dev tag taxonomy (lotte_tags_vi_en_ko_description_v2.csv, 2026-08-25) - NO per-SKU tag assignment exists yet, matched only via literal substring of the VI tag name inside product titles - needs QA/BA verification + real per-product tag data before use in a real test cycle. Real search-service tag-field boost weight = 0 (ServiceConfig_SearchService.png, 2026-08-25) - tag-dimension queries are NOT expected to rank via tag relevance."
Giặt Xả,세탁세제·섬유유연제,tag,vi,low,"derived from dev tag taxonomy (lotte_tags_vi_en_ko_description_v2.csv, 2026-08-25) - NO per-SKU tag assignment exists yet, matched only via literal substring of the VI tag name inside product titles - needs QA/BA verification + real per-product tag data before use in a real test cycle. Real search-service tag-field boost weight = 0 (ServiceConfig_SearchService.png, 2026-08-25) - tag-dimension queries are NOT expected to rank via tag relevance."
Khoai Tây,Potato,tag,vi,low,"derived from dev tag taxonomy (lotte_tags_vi_en_ko_description_v2.csv, 2026-08-25) - NO per-SKU tag assignment exists yet, matched only via literal substring of the VI tag name inside product titles - needs QA/BA verification + real per-product tag data before use in a real test cycle. Real search-service tag-field boost weight = 0 (ServiceConfig_SearchService.png, 2026-08-25) - tag-dimension queries are NOT expected to rank via tag relevance."
Khoai Tây,감자,tag,vi,low,"derived from dev tag taxonomy (lotte_tags_vi_en_ko_description_v2.csv, 2026-08-25) - NO per-SKU tag assignment exists yet, matched only via literal substring of the VI tag name inside product titles - needs QA/BA verification + real per-product tag data before use in a real test cycle. Real search-service tag-field boost weight = 0 (ServiceConfig_SearchService.png, 2026-08-25) - tag-dimension queries are NOT expected to rank via tag relevance."
Nhà Bếp,Kitchen,tag,vi,low,"derived from dev tag taxonomy (lotte_tags_vi_en_ko_description_v2.csv, 2026-08-25) - NO per-SKU tag assignment exists yet, matched only via literal substring of the VI tag name inside product titles - needs QA/BA verification + real per-product tag data before use in a real test cycle. Real search-service tag-field boost weight = 0 (ServiceConfig_SearchService.png, 2026-08-25) - tag-dimension queries are NOT expected to rank via tag relevance."
Nhà Bếp,주방,tag,vi,low,"derived from dev tag taxonomy (lotte_tags_vi_en_ko_description_v2.csv, 2026-08-25) - NO per-SKU tag assignment exists yet, matched only via literal substring of the VI tag name inside product titles - needs QA/BA verification + real per-product tag data before use in a real test cycle. Real search-service tag-field boost weight = 0 (ServiceConfig_SearchService.png, 2026-08-25) - tag-dimension queries are NOT expected to rank via tag relevance."
Mặt Nạ,Face Mask,tag,vi,low,"derived from dev tag taxonomy (lotte_tags_vi_en_ko_description_v2.csv, 2026-08-25) - NO per-SKU tag assignment exists yet, matched only via literal substring of the VI tag name inside product titles - needs QA/BA verification + real per-product tag data before use in a real test cycle. Real search-service tag-field boost weight = 0 (ServiceConfig_SearchService.png, 2026-08-25) - tag-dimension queries are NOT expected to rank via tag relevance."
Mặt Nạ,마스크팩,tag,vi,low,"derived from dev tag taxonomy (lotte_tags_vi_en_ko_description_v2.csv, 2026-08-25) - NO per-SKU tag assignment exists yet, matched only via literal substring of the VI tag name inside product titles - needs QA/BA verification + real per-product tag data before use in a real test cycle. Real search-service tag-field boost weight = 0 (ServiceConfig_SearchService.png, 2026-08-25) - tag-dimension queries are NOT expected to rank via tag relevance."
Bánh Gạo,Rice Crackers,tag,vi,low,"derived from dev tag taxonomy (lotte_tags_vi_en_ko_description_v2.csv, 2026-08-25) - NO per-SKU tag assignment exists yet, matched only via literal substring of the VI tag name inside product titles - needs QA/BA verification + real per-product tag data before use in a real test cycle. Real search-service tag-field boost weight = 0 (ServiceConfig_SearchService.png, 2026-08-25) - tag-dimension queries are NOT expected to rank via tag relevance."
Bánh Gạo,쌀과자,tag,vi,low,"derived from dev tag taxonomy (lotte_tags_vi_en_ko_description_v2.csv, 2026-08-25) - NO per-SKU tag assignment exists yet, matched only via literal substring of the VI tag name inside product titles - needs QA/BA verification + real per-product tag data before use in a real test cycle. Real search-service tag-field boost weight = 0 (ServiceConfig_SearchService.png, 2026-08-25) - tag-dimension queries are NOT expected to rank via tag relevance."
Sấy Khô,Dried,tag,vi,low,"derived from dev tag taxonomy (lotte_tags_vi_en_ko_description_v2.csv, 2026-08-25) - NO per-SKU tag assignment exists yet, matched only via literal substring of the VI tag name inside product titles - needs QA/BA verification + real per-product tag data before use in a real test cycle. Real search-service tag-field boost weight = 0 (ServiceConfig_SearchService.png, 2026-08-25) - tag-dimension queries are NOT expected to rank via tag relevance."
Sấy Khô,건조,tag,vi,low,"derived from dev tag taxonomy (lotte_tags_vi_en_ko_description_v2.csv, 2026-08-25) - NO per-SKU tag assignment exists yet, matched only via literal substring of the VI tag name inside product titles - needs QA/BA verification + real per-product tag data before use in a real test cycle. Real search-service tag-field boost weight = 0 (ServiceConfig_SearchService.png, 2026-08-25) - tag-dimension queries are NOT expected to rank via tag relevance."
Hạt Nêm,Seasoning Granules,tag,vi,low,"derived from dev tag taxonomy (lotte_tags_vi_en_ko_description_v2.csv, 2026-08-25) - NO per-SKU tag assignment exists yet, matched only via literal substring of the VI tag name inside product titles - needs QA/BA verification + real per-product tag data before use in a real test cycle. Real search-service tag-field boost weight = 0 (ServiceConfig_SearchService.png, 2026-08-25) - tag-dimension queries are NOT expected to rank via tag relevance."
Hạt Nêm,조미 과립,tag,vi,low,"derived from dev tag taxonomy (lotte_tags_vi_en_ko_description_v2.csv, 2026-08-25) - NO per-SKU tag assignment exists yet, matched only via literal substring of the VI tag name inside product titles - needs QA/BA verification + real per-product tag data before use in a real test cycle. Real search-service tag-field boost weight = 0 (ServiceConfig_SearchService.png, 2026-08-25) - tag-dimension queries are NOT expected to rank via tag relevance."
Gạo,Rice,tag,vi,low,"derived from dev tag taxonomy (lotte_tags_vi_en_ko_description_v2.csv, 2026-08-25) - NO per-SKU tag assignment exists yet, matched only via literal substring of the VI tag name inside product titles - needs QA/BA verification + real per-product tag data before use in a real test cycle. Real search-service tag-field boost weight = 0 (ServiceConfig_SearchService.png, 2026-08-25) - tag-dimension queries are NOT expected to rank via tag relevance."
Gạo,쌀,tag,vi,low,"derived from dev tag taxonomy (lotte_tags_vi_en_ko_description_v2.csv, 2026-08-25) - NO per-SKU tag assignment exists yet, matched only via literal substring of the VI tag name inside product titles - needs QA/BA verification + real per-product tag data before use in a real test cycle. Real search-service tag-field boost weight = 0 (ServiceConfig_SearchService.png, 2026-08-25) - tag-dimension queries are NOT expected to rank via tag relevance."
Cà Phê Hạt,Coffee Beans,tag,vi,low,"derived from dev tag taxonomy (lotte_tags_vi_en_ko_description_v2.csv, 2026-08-25) - NO per-SKU tag assignment exists yet, matched only via literal substring of the VI tag name inside product titles - needs QA/BA verification + real per-product tag data before use in a real test cycle. Real search-service tag-field boost weight = 0 (ServiceConfig_SearchService.png, 2026-08-25) - tag-dimension queries are NOT expected to rank via tag relevance."
Cà Phê Hạt,원두커피,tag,vi,low,"derived from dev tag taxonomy (lotte_tags_vi_en_ko_description_v2.csv, 2026-08-25) - NO per-SKU tag assignment exists yet, matched only via literal substring of the VI tag name inside product titles - needs QA/BA verification + real per-product tag data before use in a real test cycle. Real search-service tag-field boost weight = 0 (ServiceConfig_SearchService.png, 2026-08-25) - tag-dimension queries are NOT expected to rank via tag relevance."
Ý,Italy,tag,vi,low,"derived from dev tag taxonomy (lotte_tags_vi_en_ko_description_v2.csv, 2026-08-25) - NO per-SKU tag assignment exists yet, matched only via literal substring of the VI tag name inside product titles - needs QA/BA verification + real per-product tag data before use in a real test cycle. Real search-service tag-field boost weight = 0 (ServiceConfig_SearchService.png, 2026-08-25) - tag-dimension queries are NOT expected to rank via tag relevance."
Ý,이탈리아,tag,vi,low,"derived from dev tag taxonomy (lotte_tags_vi_en_ko_description_v2.csv, 2026-08-25) - NO per-SKU tag assignment exists yet, matched only via literal substring of the VI tag name inside product titles - needs QA/BA verification + real per-product tag data before use in a real test cycle. Real search-service tag-field boost weight = 0 (ServiceConfig_SearchService.png, 2026-08-25) - tag-dimension queries are NOT expected to rank via tag relevance."
Bánh Ngọt,Sweet Pastries,tag,vi,low,"derived from dev tag taxonomy (lotte_tags_vi_en_ko_description_v2.csv, 2026-08-25) - NO per-SKU tag assignment exists yet, matched only via literal substring of the VI tag name inside product titles - needs QA/BA verification + real per-product tag data before use in a real test cycle. Real search-service tag-field boost weight = 0 (ServiceConfig_SearchService.png, 2026-08-25) - tag-dimension queries are NOT expected to rank via tag relevance."
Bánh Ngọt,디저트 빵,tag,vi,low,"derived from dev tag taxonomy (lotte_tags_vi_en_ko_description_v2.csv, 2026-08-25) - NO per-SKU tag assignment exists yet, matched only via literal substring of the VI tag name inside product titles - needs QA/BA verification + real per-product tag data before use in a real test cycle. Real search-service tag-field boost weight = 0 (ServiceConfig_SearchService.png, 2026-08-25) - tag-dimension queries are NOT expected to rank via tag relevance."
Chảo,Frying Pan,tag,vi,low,"derived from dev tag taxonomy (lotte_tags_vi_en_ko_description_v2.csv, 2026-08-25) - NO per-SKU tag assignment exists yet, matched only via literal substring of the VI tag name inside product titles - needs QA/BA verification + real per-product tag data before use in a real test cycle. Real search-service tag-field boost weight = 0 (ServiceConfig_SearchService.png, 2026-08-25) - tag-dimension queries are NOT expected to rank via tag relevance."
Chảo,프라이팬,tag,vi,low,"derived from dev tag taxonomy (lotte_tags_vi_en_ko_description_v2.csv, 2026-08-25) - NO per-SKU tag assignment exists yet, matched only via literal substring of the VI tag name inside product titles - needs QA/BA verification + real per-product tag data before use in a real test cycle. Real search-service tag-field boost weight = 0 (ServiceConfig_SearchService.png, 2026-08-25) - tag-dimension queries are NOT expected to rank via tag relevance."
Cá Tươi,Fresh Fish,tag,vi,low,"derived from dev tag taxonomy (lotte_tags_vi_en_ko_description_v2.csv, 2026-08-25) - NO per-SKU tag assignment exists yet, matched only via literal substring of the VI tag name inside product titles - needs QA/BA verification + real per-product tag data before use in a real test cycle. Real search-service tag-field boost weight = 0 (ServiceConfig_SearchService.png, 2026-08-25) - tag-dimension queries are NOT expected to rank via tag relevance."
Cá Tươi,신선 생선,tag,vi,low,"derived from dev tag taxonomy (lotte_tags_vi_en_ko_description_v2.csv, 2026-08-25) - NO per-SKU tag assignment exists yet, matched only via literal substring of the VI tag name inside product titles - needs QA/BA verification + real per-product tag data before use in a real test cycle. Real search-service tag-field boost weight = 0 (ServiceConfig_SearchService.png, 2026-08-25) - tag-dimension queries are NOT expected to rank via tag relevance."
Gối,Pillow,tag,vi,low,"derived from dev tag taxonomy (lotte_tags_vi_en_ko_description_v2.csv, 2026-08-25) - NO per-SKU tag assignment exists yet, matched only via literal substring of the VI tag name inside product titles - needs QA/BA verification + real per-product tag data before use in a real test cycle. Real search-service tag-field boost weight = 0 (ServiceConfig_SearchService.png, 2026-08-25) - tag-dimension queries are NOT expected to rank via tag relevance."
Gối,베개,tag,vi,low,"derived from dev tag taxonomy (lotte_tags_vi_en_ko_description_v2.csv, 2026-08-25) - NO per-SKU tag assignment exists yet, matched only via literal substring of the VI tag name inside product titles - needs QA/BA verification + real per-product tag data before use in a real test cycle. Real search-service tag-field boost weight = 0 (ServiceConfig_SearchService.png, 2026-08-25) - tag-dimension queries are NOT expected to rank via tag relevance."
Inox 304,304 Stainless Steel,tag,vi,low,"derived from dev tag taxonomy (lotte_tags_vi_en_ko_description_v2.csv, 2026-08-25) - NO per-SKU tag assignment exists yet, matched only via literal substring of the VI tag name inside product titles - needs QA/BA verification + real per-product tag data before use in a real test cycle. Real search-service tag-field boost weight = 0 (ServiceConfig_SearchService.png, 2026-08-25) - tag-dimension queries are NOT expected to rank via tag relevance."
Inox 304,304 스테인리스,tag,vi,low,"derived from dev tag taxonomy (lotte_tags_vi_en_ko_description_v2.csv, 2026-08-25) - NO per-SKU tag assignment exists yet, matched only via literal substring of the VI tag name inside product titles - needs QA/BA verification + real per-product tag data before use in a real test cycle. Real search-service tag-field boost weight = 0 (ServiceConfig_SearchService.png, 2026-08-25) - tag-dimension queries are NOT expected to rank via tag relevance."
Muối,Salt,tag,vi,low,"derived from dev tag taxonomy (lotte_tags_vi_en_ko_description_v2.csv, 2026-08-25) - NO per-SKU tag assignment exists yet, matched only via literal substring of the VI tag name inside product titles - needs QA/BA verification + real per-product tag data before use in a real test cycle. Real search-service tag-field boost weight = 0 (ServiceConfig_SearchService.png, 2026-08-25) - tag-dimension queries are NOT expected to rank via tag relevance."
Muối,소금,tag,vi,low,"derived from dev tag taxonomy (lotte_tags_vi_en_ko_description_v2.csv, 2026-08-25) - NO per-SKU tag assignment exists yet, matched only via literal substring of the VI tag name inside product titles - needs QA/BA verification + real per-product tag data before use in a real test cycle. Real search-service tag-field boost weight = 0 (ServiceConfig_SearchService.png, 2026-08-25) - tag-dimension queries are NOT expected to rank via tag relevance."
Pizza,Pizza,tag,vi,low,"derived from dev tag taxonomy (lotte_tags_vi_en_ko_description_v2.csv, 2026-08-25) - NO per-SKU tag assignment exists yet, matched only via literal substring of the VI tag name inside product titles - needs QA/BA verification + real per-product tag data before use in a real test cycle. Real search-service tag-field boost weight = 0 (ServiceConfig_SearchService.png, 2026-08-25) - tag-dimension queries are NOT expected to rank via tag relevance."
Pizza,피자,tag,vi,low,"derived from dev tag taxonomy (lotte_tags_vi_en_ko_description_v2.csv, 2026-08-25) - NO per-SKU tag assignment exists yet, matched only via literal substring of the VI tag name inside product titles - needs QA/BA verification + real per-product tag data before use in a real test cycle. Real search-service tag-field boost weight = 0 (ServiceConfig_SearchService.png, 2026-08-25) - tag-dimension queries are NOT expected to rank via tag relevance."
Thú Bông,Plush Toys,tag,vi,low,"derived from dev tag taxonomy (lotte_tags_vi_en_ko_description_v2.csv, 2026-08-25) - NO per-SKU tag assignment exists yet, matched only via literal substring of the VI tag name inside product titles - needs QA/BA verification + real per-product tag data before use in a real test cycle. Real search-service tag-field boost weight = 0 (ServiceConfig_SearchService.png, 2026-08-25) - tag-dimension queries are NOT expected to rank via tag relevance."
Thú Bông,봉제인형,tag,vi,low,"derived from dev tag taxonomy (lotte_tags_vi_en_ko_description_v2.csv, 2026-08-25) - NO per-SKU tag assignment exists yet, matched only via literal substring of the VI tag name inside product titles - needs QA/BA verification + real per-product tag data before use in a real test cycle. Real search-service tag-field boost weight = 0 (ServiceConfig_SearchService.png, 2026-08-25) - tag-dimension queries are NOT expected to rank via tag relevance."
Rổ,Basket,tag,vi,low,"derived from dev tag taxonomy (lotte_tags_vi_en_ko_description_v2.csv, 2026-08-25) - NO per-SKU tag assignment exists yet, matched only via literal substring of the VI tag name inside product titles - needs QA/BA verification + real per-product tag data before use in a real test cycle. Real search-service tag-field boost weight = 0 (ServiceConfig_SearchService.png, 2026-08-25) - tag-dimension queries are NOT expected to rank via tag relevance."
Rổ,바구니,tag,vi,low,"derived from dev tag taxonomy (lotte_tags_vi_en_ko_description_v2.csv, 2026-08-25) - NO per-SKU tag assignment exists yet, matched only via literal substring of the VI tag name inside product titles - needs QA/BA verification + real per-product tag data before use in a real test cycle. Real search-service tag-field boost weight = 0 (ServiceConfig_SearchService.png, 2026-08-25) - tag-dimension queries are NOT expected to rank via tag relevance."
Hữu Cơ,Organic,tag,vi,low,"derived from dev tag taxonomy (lotte_tags_vi_en_ko_description_v2.csv, 2026-08-25) - NO per-SKU tag assignment exists yet, matched only via literal substring of the VI tag name inside product titles - needs QA/BA verification + real per-product tag data before use in a real test cycle. Real search-service tag-field boost weight = 0 (ServiceConfig_SearchService.png, 2026-08-25) - tag-dimension queries are NOT expected to rank via tag relevance."
Hữu Cơ,유기농,tag,vi,low,"derived from dev tag taxonomy (lotte_tags_vi_en_ko_description_v2.csv, 2026-08-25) - NO per-SKU tag assignment exists yet, matched only via literal substring of the VI tag name inside product titles - needs QA/BA verification + real per-product tag data before use in a real test cycle. Real search-service tag-field boost weight = 0 (ServiceConfig_SearchService.png, 2026-08-25) - tag-dimension queries are NOT expected to rank via tag relevance."
Cotton,Cotton,tag,vi,low,"derived from dev tag taxonomy (lotte_tags_vi_en_ko_description_v2.csv, 2026-08-25) - NO per-SKU tag assignment exists yet, matched only via literal substring of the VI tag name inside product titles - needs QA/BA verification + real per-product tag data before use in a real test cycle. Real search-service tag-field boost weight = 0 (ServiceConfig_SearchService.png, 2026-08-25) - tag-dimension queries are NOT expected to rank via tag relevance."
Cotton,면,tag,vi,low,"derived from dev tag taxonomy (lotte_tags_vi_en_ko_description_v2.csv, 2026-08-25) - NO per-SKU tag assignment exists yet, matched only via literal substring of the VI tag name inside product titles - needs QA/BA verification + real per-product tag data before use in a real test cycle. Real search-service tag-field boost weight = 0 (ServiceConfig_SearchService.png, 2026-08-25) - tag-dimension queries are NOT expected to rank via tag relevance."
Bánh Que,Biscuit Sticks,tag,vi,low,"derived from dev tag taxonomy (lotte_tags_vi_en_ko_description_v2.csv, 2026-08-25) - NO per-SKU tag assignment exists yet, matched only via literal substring of the VI tag name inside product titles - needs QA/BA verification + real per-product tag data before use in a real test cycle. Real search-service tag-field boost weight = 0 (ServiceConfig_SearchService.png, 2026-08-25) - tag-dimension queries are NOT expected to rank via tag relevance."
Bánh Que,스틱 과자,tag,vi,low,"derived from dev tag taxonomy (lotte_tags_vi_en_ko_description_v2.csv, 2026-08-25) - NO per-SKU tag assignment exists yet, matched only via literal substring of the VI tag name inside product titles - needs QA/BA verification + real per-product tag data before use in a real test cycle. Real search-service tag-field boost weight = 0 (ServiceConfig_SearchService.png, 2026-08-25) - tag-dimension queries are NOT expected to rank via tag relevance."
Vang Đỏ,Red Wine,tag,vi,low,"derived from dev tag taxonomy (lotte_tags_vi_en_ko_description_v2.csv, 2026-08-25) - NO per-SKU tag assignment exists yet, matched only via literal substring of the VI tag name inside product titles - needs QA/BA verification + real per-product tag data before use in a real test cycle. Real search-service tag-field boost weight = 0 (ServiceConfig_SearchService.png, 2026-08-25) - tag-dimension queries are NOT expected to rank via tag relevance."
Vang Đỏ,레드 와인,tag,vi,low,"derived from dev tag taxonomy (lotte_tags_vi_en_ko_description_v2.csv, 2026-08-25) - NO per-SKU tag assignment exists yet, matched only via literal substring of the VI tag name inside product titles - needs QA/BA verification + real per-product tag data before use in a real test cycle. Real search-service tag-field boost weight = 0 (ServiceConfig_SearchService.png, 2026-08-25) - tag-dimension queries are NOT expected to rank via tag relevance."
Đồ Sơ Sinh,Newborn Essentials,tag,vi,low,"derived from dev tag taxonomy (lotte_tags_vi_en_ko_description_v2.csv, 2026-08-25) - NO per-SKU tag assignment exists yet, matched only via literal substring of the VI tag name inside product titles - needs QA/BA verification + real per-product tag data before use in a real test cycle. Real search-service tag-field boost weight = 0 (ServiceConfig_SearchService.png, 2026-08-25) - tag-dimension queries are NOT expected to rank via tag relevance."
Đồ Sơ Sinh,신생아 용품,tag,vi,low,"derived from dev tag taxonomy (lotte_tags_vi_en_ko_description_v2.csv, 2026-08-25) - NO per-SKU tag assignment exists yet, matched only via literal substring of the VI tag name inside product titles - needs QA/BA verification + real per-product tag data before use in a real test cycle. Real search-service tag-field boost weight = 0 (ServiceConfig_SearchService.png, 2026-08-25) - tag-dimension queries are NOT expected to rank via tag relevance."
Đồ Chơi Xe,Toy Vehicles,tag,vi,low,"derived from dev tag taxonomy (lotte_tags_vi_en_ko_description_v2.csv, 2026-08-25) - NO per-SKU tag assignment exists yet, matched only via literal substring of the VI tag name inside product titles - needs QA/BA verification + real per-product tag data before use in a real test cycle. Real search-service tag-field boost weight = 0 (ServiceConfig_SearchService.png, 2026-08-25) - tag-dimension queries are NOT expected to rank via tag relevance."
Đồ Chơi Xe,자동차 장난감,tag,vi,low,"derived from dev tag taxonomy (lotte_tags_vi_en_ko_description_v2.csv, 2026-08-25) - NO per-SKU tag assignment exists yet, matched only via literal substring of the VI tag name inside product titles - needs QA/BA verification + real per-product tag data before use in a real test cycle. Real search-service tag-field boost weight = 0 (ServiceConfig_SearchService.png, 2026-08-25) - tag-dimension queries are NOT expected to rank via tag relevance."
Nước Tẩy Trang,Micellar Cleansing Water,tag,vi,low,"derived from dev tag taxonomy (lotte_tags_vi_en_ko_description_v2.csv, 2026-08-25) - NO per-SKU tag assignment exists yet, matched only via literal substring of the VI tag name inside product titles - needs QA/BA verification + real per-product tag data before use in a real test cycle. Real search-service tag-field boost weight = 0 (ServiceConfig_SearchService.png, 2026-08-25) - tag-dimension queries are NOT expected to rank via tag relevance."
Nước Tẩy Trang,클렌징 워터,tag,vi,low,"derived from dev tag taxonomy (lotte_tags_vi_en_ko_description_v2.csv, 2026-08-25) - NO per-SKU tag assignment exists yet, matched only via literal substring of the VI tag name inside product titles - needs QA/BA verification + real per-product tag data before use in a real test cycle. Real search-service tag-field boost weight = 0 (ServiceConfig_SearchService.png, 2026-08-25) - tag-dimension queries are NOT expected to rank via tag relevance."
Sáp Thơm,Scented Wax,tag,vi,low,"derived from dev tag taxonomy (lotte_tags_vi_en_ko_description_v2.csv, 2026-08-25) - NO per-SKU tag assignment exists yet, matched only via literal substring of the VI tag name inside product titles - needs QA/BA verification + real per-product tag data before use in a real test cycle. Real search-service tag-field boost weight = 0 (ServiceConfig_SearchService.png, 2026-08-25) - tag-dimension queries are NOT expected to rank via tag relevance."
Sáp Thơm,방향 왁스,tag,vi,low,"derived from dev tag taxonomy (lotte_tags_vi_en_ko_description_v2.csv, 2026-08-25) - NO per-SKU tag assignment exists yet, matched only via literal substring of the VI tag name inside product titles - needs QA/BA verification + real per-product tag data before use in a real test cycle. Real search-service tag-field boost weight = 0 (ServiceConfig_SearchService.png, 2026-08-25) - tag-dimension queries are NOT expected to rank via tag relevance."
Diệt Côn Trùng,Insect Control,tag,vi,low,"derived from dev tag taxonomy (lotte_tags_vi_en_ko_description_v2.csv, 2026-08-25) - NO per-SKU tag assignment exists yet, matched only via literal substring of the VI tag name inside product titles - needs QA/BA verification + real per-product tag data before use in a real test cycle. Real search-service tag-field boost weight = 0 (ServiceConfig_SearchService.png, 2026-08-25) - tag-dimension queries are NOT expected to rank via tag relevance."
Diệt Côn Trùng,해충 방제,tag,vi,low,"derived from dev tag taxonomy (lotte_tags_vi_en_ko_description_v2.csv, 2026-08-25) - NO per-SKU tag assignment exists yet, matched only via literal substring of the VI tag name inside product titles - needs QA/BA verification + real per-product tag data before use in a real test cycle. Real search-service tag-field boost weight = 0 (ServiceConfig_SearchService.png, 2026-08-25) - tag-dimension queries are NOT expected to rank via tag relevance."
Bông Tẩy Trang,Cotton Pads,tag,vi,low,"derived from dev tag taxonomy (lotte_tags_vi_en_ko_description_v2.csv, 2026-08-25) - NO per-SKU tag assignment exists yet, matched only via literal substring of the VI tag name inside product titles - needs QA/BA verification + real per-product tag data before use in a real test cycle. Real search-service tag-field boost weight = 0 (ServiceConfig_SearchService.png, 2026-08-25) - tag-dimension queries are NOT expected to rank via tag relevance."
Bông Tẩy Trang,화장솜,tag,vi,low,"derived from dev tag taxonomy (lotte_tags_vi_en_ko_description_v2.csv, 2026-08-25) - NO per-SKU tag assignment exists yet, matched only via literal substring of the VI tag name inside product titles - needs QA/BA verification + real per-product tag data before use in a real test cycle. Real search-service tag-field boost weight = 0 (ServiceConfig_SearchService.png, 2026-08-25) - tag-dimension queries are NOT expected to rank via tag relevance."
Tráng Miệng,Dessert,tag,vi,low,"derived from dev tag taxonomy (lotte_tags_vi_en_ko_description_v2.csv, 2026-08-25) - NO per-SKU tag assignment exists yet, matched only via literal substring of the VI tag name inside product titles - needs QA/BA verification + real per-product tag data before use in a real test cycle. Real search-service tag-field boost weight = 0 (ServiceConfig_SearchService.png, 2026-08-25) - tag-dimension queries are NOT expected to rank via tag relevance."
Tráng Miệng,디저트,tag,vi,low,"derived from dev tag taxonomy (lotte_tags_vi_en_ko_description_v2.csv, 2026-08-25) - NO per-SKU tag assignment exists yet, matched only via literal substring of the VI tag name inside product titles - needs QA/BA verification + real per-product tag data before use in a real test cycle. Real search-service tag-field boost weight = 0 (ServiceConfig_SearchService.png, 2026-08-25) - tag-dimension queries are NOT expected to rank via tag relevance."
Nước Tương,Soy Sauce,tag,vi,low,"derived from dev tag taxonomy (lotte_tags_vi_en_ko_description_v2.csv, 2026-08-25) - NO per-SKU tag assignment exists yet, matched only via literal substring of the VI tag name inside product titles - needs QA/BA verification + real per-product tag data before use in a real test cycle. Real search-service tag-field boost weight = 0 (ServiceConfig_SearchService.png, 2026-08-25) - tag-dimension queries are NOT expected to rank via tag relevance."
Nước Tương,간장,tag,vi,low,"derived from dev tag taxonomy (lotte_tags_vi_en_ko_description_v2.csv, 2026-08-25) - NO per-SKU tag assignment exists yet, matched only via literal substring of the VI tag name inside product titles - needs QA/BA verification + real per-product tag data before use in a real test cycle. Real search-service tag-field boost weight = 0 (ServiceConfig_SearchService.png, 2026-08-25) - tag-dimension queries are NOT expected to rank via tag relevance."
Tương Ớt,Chili Sauce,tag,vi,low,"derived from dev tag taxonomy (lotte_tags_vi_en_ko_description_v2.csv, 2026-08-25) - NO per-SKU tag assignment exists yet, matched only via literal substring of the VI tag name inside product titles - needs QA/BA verification + real per-product tag data before use in a real test cycle. Real search-service tag-field boost weight = 0 (ServiceConfig_SearchService.png, 2026-08-25) - tag-dimension queries are NOT expected to rank via tag relevance."
Tương Ớt,칠리소스,tag,vi,low,"derived from dev tag taxonomy (lotte_tags_vi_en_ko_description_v2.csv, 2026-08-25) - NO per-SKU tag assignment exists yet, matched only via literal substring of the VI tag name inside product titles - needs QA/BA verification + real per-product tag data before use in a real test cycle. Real search-service tag-field boost weight = 0 (ServiceConfig_SearchService.png, 2026-08-25) - tag-dimension queries are NOT expected to rank via tag relevance."
Tã Giấy,Disposable Diapers,tag,vi,low,"derived from dev tag taxonomy (lotte_tags_vi_en_ko_description_v2.csv, 2026-08-25) - NO per-SKU tag assignment exists yet, matched only via literal substring of the VI tag name inside product titles - needs QA/BA verification + real per-product tag data before use in a real test cycle. Real search-service tag-field boost weight = 0 (ServiceConfig_SearchService.png, 2026-08-25) - tag-dimension queries are NOT expected to rank via tag relevance."
Tã Giấy,일회용 기저귀,tag,vi,low,"derived from dev tag taxonomy (lotte_tags_vi_en_ko_description_v2.csv, 2026-08-25) - NO per-SKU tag assignment exists yet, matched only via literal substring of the VI tag name inside product titles - needs QA/BA verification + real per-product tag data before use in a real test cycle. Real search-service tag-field boost weight = 0 (ServiceConfig_SearchService.png, 2026-08-25) - tag-dimension queries are NOT expected to rank via tag relevance."
Pháp,France,tag,vi,low,"derived from dev tag taxonomy (lotte_tags_vi_en_ko_description_v2.csv, 2026-08-25) - NO per-SKU tag assignment exists yet, matched only via literal substring of the VI tag name inside product titles - needs QA/BA verification + real per-product tag data before use in a real test cycle. Real search-service tag-field boost weight = 0 (ServiceConfig_SearchService.png, 2026-08-25) - tag-dimension queries are NOT expected to rank via tag relevance."
Pháp,프랑스,tag,vi,low,"derived from dev tag taxonomy (lotte_tags_vi_en_ko_description_v2.csv, 2026-08-25) - NO per-SKU tag assignment exists yet, matched only via literal substring of the VI tag name inside product titles - needs QA/BA verification + real per-product tag data before use in a real test cycle. Real search-service tag-field boost weight = 0 (ServiceConfig_SearchService.png, 2026-08-25) - tag-dimension queries are NOT expected to rank via tag relevance."
New Zealand,New Zealand,tag,vi,low,"derived from dev tag taxonomy (lotte_tags_vi_en_ko_description_v2.csv, 2026-08-25) - NO per-SKU tag assignment exists yet, matched only via literal substring of the VI tag name inside product titles - needs QA/BA verification + real per-product tag data before use in a real test cycle. Real search-service tag-field boost weight = 0 (ServiceConfig_SearchService.png, 2026-08-25) - tag-dimension queries are NOT expected to rank via tag relevance."
New Zealand,뉴질랜드,tag,vi,low,"derived from dev tag taxonomy (lotte_tags_vi_en_ko_description_v2.csv, 2026-08-25) - NO per-SKU tag assignment exists yet, matched only via literal substring of the VI tag name inside product titles - needs QA/BA verification + real per-product tag data before use in a real test cycle. Real search-service tag-field boost weight = 0 (ServiceConfig_SearchService.png, 2026-08-25) - tag-dimension queries are NOT expected to rank via tag relevance."
Chăn Ga Gối,Bedding,tag,vi,low,"derived from dev tag taxonomy (lotte_tags_vi_en_ko_description_v2.csv, 2026-08-25) - NO per-SKU tag assignment exists yet, matched only via literal substring of the VI tag name inside product titles - needs QA/BA verification + real per-product tag data before use in a real test cycle. Real search-service tag-field boost weight = 0 (ServiceConfig_SearchService.png, 2026-08-25) - tag-dimension queries are NOT expected to rank via tag relevance."
Chăn Ga Gối,침구,tag,vi,low,"derived from dev tag taxonomy (lotte_tags_vi_en_ko_description_v2.csv, 2026-08-25) - NO per-SKU tag assignment exists yet, matched only via literal substring of the VI tag name inside product titles - needs QA/BA verification + real per-product tag data before use in a real test cycle. Real search-service tag-field boost weight = 0 (ServiceConfig_SearchService.png, 2026-08-25) - tag-dimension queries are NOT expected to rank via tag relevance."
Trứng,Eggs,tag,vi,low,"derived from dev tag taxonomy (lotte_tags_vi_en_ko_description_v2.csv, 2026-08-25) - NO per-SKU tag assignment exists yet, matched only via literal substring of the VI tag name inside product titles - needs QA/BA verification + real per-product tag data before use in a real test cycle. Real search-service tag-field boost weight = 0 (ServiceConfig_SearchService.png, 2026-08-25) - tag-dimension queries are NOT expected to rank via tag relevance."
Trứng,계란,tag,vi,low,"derived from dev tag taxonomy (lotte_tags_vi_en_ko_description_v2.csv, 2026-08-25) - NO per-SKU tag assignment exists yet, matched only via literal substring of the VI tag name inside product titles - needs QA/BA verification + real per-product tag data before use in a real test cycle. Real search-service tag-field boost weight = 0 (ServiceConfig_SearchService.png, 2026-08-25) - tag-dimension queries are NOT expected to rank via tag relevance."
Mật Ong,Honey,tag,vi,low,"derived from dev tag taxonomy (lotte_tags_vi_en_ko_description_v2.csv, 2026-08-25) - NO per-SKU tag assignment exists yet, matched only via literal substring of the VI tag name inside product titles - needs QA/BA verification + real per-product tag data before use in a real test cycle. Real search-service tag-field boost weight = 0 (ServiceConfig_SearchService.png, 2026-08-25) - tag-dimension queries are NOT expected to rank via tag relevance."
Mật Ong,꿀,tag,vi,low,"derived from dev tag taxonomy (lotte_tags_vi_en_ko_description_v2.csv, 2026-08-25) - NO per-SKU tag assignment exists yet, matched only via literal substring of the VI tag name inside product titles - needs QA/BA verification + real per-product tag data before use in a real test cycle. Real search-service tag-field boost weight = 0 (ServiceConfig_SearchService.png, 2026-08-25) - tag-dimension queries are NOT expected to rank via tag relevance."
Món Việt,Vietnamese Food,tag,vi,low,"derived from dev tag taxonomy (lotte_tags_vi_en_ko_description_v2.csv, 2026-08-25) - NO per-SKU tag assignment exists yet, matched only via literal substring of the VI tag name inside product titles - needs QA/BA verification + real per-product tag data before use in a real test cycle. Real search-service tag-field boost weight = 0 (ServiceConfig_SearchService.png, 2026-08-25) - tag-dimension queries are NOT expected to rank via tag relevance."
Món Việt,베트남 음식,tag,vi,low,"derived from dev tag taxonomy (lotte_tags_vi_en_ko_description_v2.csv, 2026-08-25) - NO per-SKU tag assignment exists yet, matched only via literal substring of the VI tag name inside product titles - needs QA/BA verification + real per-product tag data before use in a real test cycle. Real search-service tag-field boost weight = 0 (ServiceConfig_SearchService.png, 2026-08-25) - tag-dimension queries are NOT expected to rank via tag relevance."
Kem Dưỡng Da,Moisturizing Cream,tag,vi,low,"derived from dev tag taxonomy (lotte_tags_vi_en_ko_description_v2.csv, 2026-08-25) - NO per-SKU tag assignment exists yet, matched only via literal substring of the VI tag name inside product titles - needs QA/BA verification + real per-product tag data before use in a real test cycle. Real search-service tag-field boost weight = 0 (ServiceConfig_SearchService.png, 2026-08-25) - tag-dimension queries are NOT expected to rank via tag relevance."
Kem Dưỡng Da,보습 크림,tag,vi,low,"derived from dev tag taxonomy (lotte_tags_vi_en_ko_description_v2.csv, 2026-08-25) - NO per-SKU tag assignment exists yet, matched only via literal substring of the VI tag name inside product titles - needs QA/BA verification + real per-product tag data before use in a real test cycle. Real search-service tag-field boost weight = 0 (ServiceConfig_SearchService.png, 2026-08-25) - tag-dimension queries are NOT expected to rank via tag relevance."
Dao Cạo,Razor,tag,vi,low,"derived from dev tag taxonomy (lotte_tags_vi_en_ko_description_v2.csv, 2026-08-25) - NO per-SKU tag assignment exists yet, matched only via literal substring of the VI tag name inside product titles - needs QA/BA verification + real per-product tag data before use in a real test cycle. Real search-service tag-field boost weight = 0 (ServiceConfig_SearchService.png, 2026-08-25) - tag-dimension queries are NOT expected to rank via tag relevance."
Dao Cạo,면도기,tag,vi,low,"derived from dev tag taxonomy (lotte_tags_vi_en_ko_description_v2.csv, 2026-08-25) - NO per-SKU tag assignment exists yet, matched only via literal substring of the VI tag name inside product titles - needs QA/BA verification + real per-product tag data before use in a real test cycle. Real search-service tag-field boost weight = 0 (ServiceConfig_SearchService.png, 2026-08-25) - tag-dimension queries are NOT expected to rank via tag relevance."
Cá Hộp,Canned Fish,tag,vi,low,"derived from dev tag taxonomy (lotte_tags_vi_en_ko_description_v2.csv, 2026-08-25) - NO per-SKU tag assignment exists yet, matched only via literal substring of the VI tag name inside product titles - needs QA/BA verification + real per-product tag data before use in a real test cycle. Real search-service tag-field boost weight = 0 (ServiceConfig_SearchService.png, 2026-08-25) - tag-dimension queries are NOT expected to rank via tag relevance."
Cá Hộp,생선 통조림,tag,vi,low,"derived from dev tag taxonomy (lotte_tags_vi_en_ko_description_v2.csv, 2026-08-25) - NO per-SKU tag assignment exists yet, matched only via literal substring of the VI tag name inside product titles - needs QA/BA verification + real per-product tag data before use in a real test cycle. Real search-service tag-field boost weight = 0 (ServiceConfig_SearchService.png, 2026-08-25) - tag-dimension queries are NOT expected to rank via tag relevance."
Làm Bánh,Baking,tag,vi,low,"derived from dev tag taxonomy (lotte_tags_vi_en_ko_description_v2.csv, 2026-08-25) - NO per-SKU tag assignment exists yet, matched only via literal substring of the VI tag name inside product titles - needs QA/BA verification + real per-product tag data before use in a real test cycle. Real search-service tag-field boost weight = 0 (ServiceConfig_SearchService.png, 2026-08-25) - tag-dimension queries are NOT expected to rank via tag relevance."
Làm Bánh,베이킹,tag,vi,low,"derived from dev tag taxonomy (lotte_tags_vi_en_ko_description_v2.csv, 2026-08-25) - NO per-SKU tag assignment exists yet, matched only via literal substring of the VI tag name inside product titles - needs QA/BA verification + real per-product tag data before use in a real test cycle. Real search-service tag-field boost weight = 0 (ServiceConfig_SearchService.png, 2026-08-25) - tag-dimension queries are NOT expected to rank via tag relevance."
Nước Ép Hỗn Hợp,Mixed Fruit Juice,tag,vi,low,"derived from dev tag taxonomy (lotte_tags_vi_en_ko_description_v2.csv, 2026-08-25) - NO per-SKU tag assignment exists yet, matched only via literal substring of the VI tag name inside product titles - needs QA/BA verification + real per-product tag data before use in a real test cycle. Real search-service tag-field boost weight = 0 (ServiceConfig_SearchService.png, 2026-08-25) - tag-dimension queries are NOT expected to rank via tag relevance."
Nước Ép Hỗn Hợp,혼합 과일주스,tag,vi,low,"derived from dev tag taxonomy (lotte_tags_vi_en_ko_description_v2.csv, 2026-08-25) - NO per-SKU tag assignment exists yet, matched only via literal substring of the VI tag name inside product titles - needs QA/BA verification + real per-product tag data before use in a real test cycle. Real search-service tag-field boost weight = 0 (ServiceConfig_SearchService.png, 2026-08-25) - tag-dimension queries are NOT expected to rank via tag relevance."
Thau,Basin,tag,vi,low,"derived from dev tag taxonomy (lotte_tags_vi_en_ko_description_v2.csv, 2026-08-25) - NO per-SKU tag assignment exists yet, matched only via literal substring of the VI tag name inside product titles - needs QA/BA verification + real per-product tag data before use in a real test cycle. Real search-service tag-field boost weight = 0 (ServiceConfig_SearchService.png, 2026-08-25) - tag-dimension queries are NOT expected to rank via tag relevance."
Thau,대야,tag,vi,low,"derived from dev tag taxonomy (lotte_tags_vi_en_ko_description_v2.csv, 2026-08-25) - NO per-SKU tag assignment exists yet, matched only via literal substring of the VI tag name inside product titles - needs QA/BA verification + real per-product tag data before use in a real test cycle. Real search-service tag-field boost weight = 0 (ServiceConfig_SearchService.png, 2026-08-25) - tag-dimension queries are NOT expected to rank via tag relevance."
Sốt Ướp,Marinade Sauce,tag,vi,low,"derived from dev tag taxonomy (lotte_tags_vi_en_ko_description_v2.csv, 2026-08-25) - NO per-SKU tag assignment exists yet, matched only via literal substring of the VI tag name inside product titles - needs QA/BA verification + real per-product tag data before use in a real test cycle. Real search-service tag-field boost weight = 0 (ServiceConfig_SearchService.png, 2026-08-25) - tag-dimension queries are NOT expected to rank via tag relevance."
Sốt Ướp,양념 소스,tag,vi,low,"derived from dev tag taxonomy (lotte_tags_vi_en_ko_description_v2.csv, 2026-08-25) - NO per-SKU tag assignment exists yet, matched only via literal substring of the VI tag name inside product titles - needs QA/BA verification + real per-product tag data before use in a real test cycle. Real search-service tag-field boost weight = 0 (ServiceConfig_SearchService.png, 2026-08-25) - tag-dimension queries are NOT expected to rank via tag relevance."
Bánh Xốp,Wafer,tag,vi,low,"derived from dev tag taxonomy (lotte_tags_vi_en_ko_description_v2.csv, 2026-08-25) - NO per-SKU tag assignment exists yet, matched only via literal substring of the VI tag name inside product titles - needs QA/BA verification + real per-product tag data before use in a real test cycle. Real search-service tag-field boost weight = 0 (ServiceConfig_SearchService.png, 2026-08-25) - tag-dimension queries are NOT expected to rank via tag relevance."
Bánh Xốp,웨이퍼,tag,vi,low,"derived from dev tag taxonomy (lotte_tags_vi_en_ko_description_v2.csv, 2026-08-25) - NO per-SKU tag assignment exists yet, matched only via literal substring of the VI tag name inside product titles - needs QA/BA verification + real per-product tag data before use in a real test cycle. Real search-service tag-field boost weight = 0 (ServiceConfig_SearchService.png, 2026-08-25) - tag-dimension queries are NOT expected to rank via tag relevance."
Cắt Lát,Sliced,tag,vi,low,"derived from dev tag taxonomy (lotte_tags_vi_en_ko_description_v2.csv, 2026-08-25) - NO per-SKU tag assignment exists yet, matched only via literal substring of the VI tag name inside product titles - needs QA/BA verification + real per-product tag data before use in a real test cycle. Real search-service tag-field boost weight = 0 (ServiceConfig_SearchService.png, 2026-08-25) - tag-dimension queries are NOT expected to rank via tag relevance."
Cắt Lát,슬라이스,tag,vi,low,"derived from dev tag taxonomy (lotte_tags_vi_en_ko_description_v2.csv, 2026-08-25) - NO per-SKU tag assignment exists yet, matched only via literal substring of the VI tag name inside product titles - needs QA/BA verification + real per-product tag data before use in a real test cycle. Real search-service tag-field boost weight = 0 (ServiceConfig_SearchService.png, 2026-08-25) - tag-dimension queries are NOT expected to rank via tag relevance."
Xịt Phòng,Room Spray,tag,vi,low,"derived from dev tag taxonomy (lotte_tags_vi_en_ko_description_v2.csv, 2026-08-25) - NO per-SKU tag assignment exists yet, matched only via literal substring of the VI tag name inside product titles - needs QA/BA verification + real per-product tag data before use in a real test cycle. Real search-service tag-field boost weight = 0 (ServiceConfig_SearchService.png, 2026-08-25) - tag-dimension queries are NOT expected to rank via tag relevance."
Xịt Phòng,룸 스프레이,tag,vi,low,"derived from dev tag taxonomy (lotte_tags_vi_en_ko_description_v2.csv, 2026-08-25) - NO per-SKU tag assignment exists yet, matched only via literal substring of the VI tag name inside product titles - needs QA/BA verification + real per-product tag data before use in a real test cycle. Real search-service tag-field boost weight = 0 (ServiceConfig_SearchService.png, 2026-08-25) - tag-dimension queries are NOT expected to rank via tag relevance."
Đồ Ngọt,Sweets,tag,vi,low,"derived from dev tag taxonomy (lotte_tags_vi_en_ko_description_v2.csv, 2026-08-25) - NO per-SKU tag assignment exists yet, matched only via literal substring of the VI tag name inside product titles - needs QA/BA verification + real per-product tag data before use in a real test cycle. Real search-service tag-field boost weight = 0 (ServiceConfig_SearchService.png, 2026-08-25) - tag-dimension queries are NOT expected to rank via tag relevance."
Đồ Ngọt,단 음식,tag,vi,low,"derived from dev tag taxonomy (lotte_tags_vi_en_ko_description_v2.csv, 2026-08-25) - NO per-SKU tag assignment exists yet, matched only via literal substring of the VI tag name inside product titles - needs QA/BA verification + real per-product tag data before use in a real test cycle. Real search-service tag-field boost weight = 0 (ServiceConfig_SearchService.png, 2026-08-25) - tag-dimension queries are NOT expected to rank via tag relevance."
Hạt Điều,Cashew,tag,vi,low,"derived from dev tag taxonomy (lotte_tags_vi_en_ko_description_v2.csv, 2026-08-25) - NO per-SKU tag assignment exists yet, matched only via literal substring of the VI tag name inside product titles - needs QA/BA verification + real per-product tag data before use in a real test cycle. Real search-service tag-field boost weight = 0 (ServiceConfig_SearchService.png, 2026-08-25) - tag-dimension queries are NOT expected to rank via tag relevance."
Hạt Điều,캐슈넛,tag,vi,low,"derived from dev tag taxonomy (lotte_tags_vi_en_ko_description_v2.csv, 2026-08-25) - NO per-SKU tag assignment exists yet, matched only via literal substring of the VI tag name inside product titles - needs QA/BA verification + real per-product tag data before use in a real test cycle. Real search-service tag-field boost weight = 0 (ServiceConfig_SearchService.png, 2026-08-25) - tag-dimension queries are NOT expected to rank via tag relevance."
Sữa Tắm Bé,Baby Body Wash,tag,vi,low,"derived from dev tag taxonomy (lotte_tags_vi_en_ko_description_v2.csv, 2026-08-25) - NO per-SKU tag assignment exists yet, matched only via literal substring of the VI tag name inside product titles - needs QA/BA verification + real per-product tag data before use in a real test cycle. Real search-service tag-field boost weight = 0 (ServiceConfig_SearchService.png, 2026-08-25) - tag-dimension queries are NOT expected to rank via tag relevance."
Sữa Tắm Bé,베이비 바디워시,tag,vi,low,"derived from dev tag taxonomy (lotte_tags_vi_en_ko_description_v2.csv, 2026-08-25) - NO per-SKU tag assignment exists yet, matched only via literal substring of the VI tag name inside product titles - needs QA/BA verification + real per-product tag data before use in a real test cycle. Real search-service tag-field boost weight = 0 (ServiceConfig_SearchService.png, 2026-08-25) - tag-dimension queries are NOT expected to rank via tag relevance."
Nồi,Pot,tag,vi,low,"derived from dev tag taxonomy (lotte_tags_vi_en_ko_description_v2.csv, 2026-08-25) - NO per-SKU tag assignment exists yet, matched only via literal substring of the VI tag name inside product titles - needs QA/BA verification + real per-product tag data before use in a real test cycle. Real search-service tag-field boost weight = 0 (ServiceConfig_SearchService.png, 2026-08-25) - tag-dimension queries are NOT expected to rank via tag relevance."
Nồi,냄비,tag,vi,low,"derived from dev tag taxonomy (lotte_tags_vi_en_ko_description_v2.csv, 2026-08-25) - NO per-SKU tag assignment exists yet, matched only via literal substring of the VI tag name inside product titles - needs QA/BA verification + real per-product tag data before use in a real test cycle. Real search-service tag-field boost weight = 0 (ServiceConfig_SearchService.png, 2026-08-25) - tag-dimension queries are NOT expected to rank via tag relevance."
Rượu Mạnh,Spirits,tag,vi,low,"derived from dev tag taxonomy (lotte_tags_vi_en_ko_description_v2.csv, 2026-08-25) - NO per-SKU tag assignment exists yet, matched only via literal substring of the VI tag name inside product titles - needs QA/BA verification + real per-product tag data before use in a real test cycle. Real search-service tag-field boost weight = 0 (ServiceConfig_SearchService.png, 2026-08-25) - tag-dimension queries are NOT expected to rank via tag relevance."
Rượu Mạnh,증류주,tag,vi,low,"derived from dev tag taxonomy (lotte_tags_vi_en_ko_description_v2.csv, 2026-08-25) - NO per-SKU tag assignment exists yet, matched only via literal substring of the VI tag name inside product titles - needs QA/BA verification + real per-product tag data before use in a real test cycle. Real search-service tag-field boost weight = 0 (ServiceConfig_SearchService.png, 2026-08-25) - tag-dimension queries are NOT expected to rank via tag relevance."
Đĩa Sứ,Porcelain Plate,tag,vi,low,"derived from dev tag taxonomy (lotte_tags_vi_en_ko_description_v2.csv, 2026-08-25) - NO per-SKU tag assignment exists yet, matched only via literal substring of the VI tag name inside product titles - needs QA/BA verification + real per-product tag data before use in a real test cycle. Real search-service tag-field boost weight = 0 (ServiceConfig_SearchService.png, 2026-08-25) - tag-dimension queries are NOT expected to rank via tag relevance."
Đĩa Sứ,도자기 접시,tag,vi,low,"derived from dev tag taxonomy (lotte_tags_vi_en_ko_description_v2.csv, 2026-08-25) - NO per-SKU tag assignment exists yet, matched only via literal substring of the VI tag name inside product titles - needs QA/BA verification + real per-product tag data before use in a real test cycle. Real search-service tag-field boost weight = 0 (ServiceConfig_SearchService.png, 2026-08-25) - tag-dimension queries are NOT expected to rank via tag relevance."
Khô Cá,Dried Fish,tag,vi,low,"derived from dev tag taxonomy (lotte_tags_vi_en_ko_description_v2.csv, 2026-08-25) - NO per-SKU tag assignment exists yet, matched only via literal substring of the VI tag name inside product titles - needs QA/BA verification + real per-product tag data before use in a real test cycle. Real search-service tag-field boost weight = 0 (ServiceConfig_SearchService.png, 2026-08-25) - tag-dimension queries are NOT expected to rank via tag relevance."
Khô Cá,건어물 생선,tag,vi,low,"derived from dev tag taxonomy (lotte_tags_vi_en_ko_description_v2.csv, 2026-08-25) - NO per-SKU tag assignment exists yet, matched only via literal substring of the VI tag name inside product titles - needs QA/BA verification + real per-product tag data before use in a real test cycle. Real search-service tag-field boost weight = 0 (ServiceConfig_SearchService.png, 2026-08-25) - tag-dimension queries are NOT expected to rank via tag relevance."
Kẹo Gum,Chewing Gum,tag,vi,low,"derived from dev tag taxonomy (lotte_tags_vi_en_ko_description_v2.csv, 2026-08-25) - NO per-SKU tag assignment exists yet, matched only via literal substring of the VI tag name inside product titles - needs QA/BA verification + real per-product tag data before use in a real test cycle. Real search-service tag-field boost weight = 0 (ServiceConfig_SearchService.png, 2026-08-25) - tag-dimension queries are NOT expected to rank via tag relevance."
Kẹo Gum,껌,tag,vi,low,"derived from dev tag taxonomy (lotte_tags_vi_en_ko_description_v2.csv, 2026-08-25) - NO per-SKU tag assignment exists yet, matched only via literal substring of the VI tag name inside product titles - needs QA/BA verification + real per-product tag data before use in a real test cycle. Real search-service tag-field boost weight = 0 (ServiceConfig_SearchService.png, 2026-08-25) - tag-dimension queries are NOT expected to rank via tag relevance."
Bút Gel,Gel Pen,tag,vi,low,"derived from dev tag taxonomy (lotte_tags_vi_en_ko_description_v2.csv, 2026-08-25) - NO per-SKU tag assignment exists yet, matched only via literal substring of the VI tag name inside product titles - needs QA/BA verification + real per-product tag data before use in a real test cycle. Real search-service tag-field boost weight = 0 (ServiceConfig_SearchService.png, 2026-08-25) - tag-dimension queries are NOT expected to rank via tag relevance."
Bút Gel,젤펜,tag,vi,low,"derived from dev tag taxonomy (lotte_tags_vi_en_ko_description_v2.csv, 2026-08-25) - NO per-SKU tag assignment exists yet, matched only via literal substring of the VI tag name inside product titles - needs QA/BA verification + real per-product tag data before use in a real test cycle. Real search-service tag-field boost weight = 0 (ServiceConfig_SearchService.png, 2026-08-25) - tag-dimension queries are NOT expected to rank via tag relevance."
Thức Ăn Thú Cưng,Pet Food,tag,vi,low,"derived from dev tag taxonomy (lotte_tags_vi_en_ko_description_v2.csv, 2026-08-25) - NO per-SKU tag assignment exists yet, matched only via literal substring of the VI tag name inside product titles - needs QA/BA verification + real per-product tag data before use in a real test cycle. Real search-service tag-field boost weight = 0 (ServiceConfig_SearchService.png, 2026-08-25) - tag-dimension queries are NOT expected to rank via tag relevance."
Thức Ăn Thú Cưng,반려동물 사료,tag,vi,low,"derived from dev tag taxonomy (lotte_tags_vi_en_ko_description_v2.csv, 2026-08-25) - NO per-SKU tag assignment exists yet, matched only via literal substring of the VI tag name inside product titles - needs QA/BA verification + real per-product tag data before use in a real test cycle. Real search-service tag-field boost weight = 0 (ServiceConfig_SearchService.png, 2026-08-25) - tag-dimension queries are NOT expected to rank via tag relevance."
Trà Xanh,Green Tea,tag,vi,low,"derived from dev tag taxonomy (lotte_tags_vi_en_ko_description_v2.csv, 2026-08-25) - NO per-SKU tag assignment exists yet, matched only via literal substring of the VI tag name inside product titles - needs QA/BA verification + real per-product tag data before use in a real test cycle. Real search-service tag-field boost weight = 0 (ServiceConfig_SearchService.png, 2026-08-25) - tag-dimension queries are NOT expected to rank via tag relevance."
Trà Xanh,녹차,tag,vi,low,"derived from dev tag taxonomy (lotte_tags_vi_en_ko_description_v2.csv, 2026-08-25) - NO per-SKU tag assignment exists yet, matched only via literal substring of the VI tag name inside product titles - needs QA/BA verification + real per-product tag data before use in a real test cycle. Real search-service tag-field boost weight = 0 (ServiceConfig_SearchService.png, 2026-08-25) - tag-dimension queries are NOT expected to rank via tag relevance."
Móc Treo,Hanger,tag,vi,low,"derived from dev tag taxonomy (lotte_tags_vi_en_ko_description_v2.csv, 2026-08-25) - NO per-SKU tag assignment exists yet, matched only via literal substring of the VI tag name inside product titles - needs QA/BA verification + real per-product tag data before use in a real test cycle. Real search-service tag-field boost weight = 0 (ServiceConfig_SearchService.png, 2026-08-25) - tag-dimension queries are NOT expected to rank via tag relevance."
Móc Treo,걸이,tag,vi,low,"derived from dev tag taxonomy (lotte_tags_vi_en_ko_description_v2.csv, 2026-08-25) - NO per-SKU tag assignment exists yet, matched only via literal substring of the VI tag name inside product titles - needs QA/BA verification + real per-product tag data before use in a real test cycle. Real search-service tag-field boost weight = 0 (ServiceConfig_SearchService.png, 2026-08-25) - tag-dimension queries are NOT expected to rank via tag relevance."
Đậu Phộng,Peanut,tag,vi,low,"derived from dev tag taxonomy (lotte_tags_vi_en_ko_description_v2.csv, 2026-08-25) - NO per-SKU tag assignment exists yet, matched only via literal substring of the VI tag name inside product titles - needs QA/BA verification + real per-product tag data before use in a real test cycle. Real search-service tag-field boost weight = 0 (ServiceConfig_SearchService.png, 2026-08-25) - tag-dimension queries are NOT expected to rank via tag relevance."
Đậu Phộng,땅콩,tag,vi,low,"derived from dev tag taxonomy (lotte_tags_vi_en_ko_description_v2.csv, 2026-08-25) - NO per-SKU tag assignment exists yet, matched only via literal substring of the VI tag name inside product titles - needs QA/BA verification + real per-product tag data before use in a real test cycle. Real search-service tag-field boost weight = 0 (ServiceConfig_SearchService.png, 2026-08-25) - tag-dimension queries are NOT expected to rank via tag relevance."
Sữa Bột,Powdered Milk,tag,vi,low,"derived from dev tag taxonomy (lotte_tags_vi_en_ko_description_v2.csv, 2026-08-25) - NO per-SKU tag assignment exists yet, matched only via literal substring of the VI tag name inside product titles - needs QA/BA verification + real per-product tag data before use in a real test cycle. Real search-service tag-field boost weight = 0 (ServiceConfig_SearchService.png, 2026-08-25) - tag-dimension queries are NOT expected to rank via tag relevance."
Sữa Bột,분유·분말 우유,tag,vi,low,"derived from dev tag taxonomy (lotte_tags_vi_en_ko_description_v2.csv, 2026-08-25) - NO per-SKU tag assignment exists yet, matched only via literal substring of the VI tag name inside product titles - needs QA/BA verification + real per-product tag data before use in a real test cycle. Real search-service tag-field boost weight = 0 (ServiceConfig_SearchService.png, 2026-08-25) - tag-dimension queries are NOT expected to rank via tag relevance."
Đức,Germany,tag,vi,low,"derived from dev tag taxonomy (lotte_tags_vi_en_ko_description_v2.csv, 2026-08-25) - NO per-SKU tag assignment exists yet, matched only via literal substring of the VI tag name inside product titles - needs QA/BA verification + real per-product tag data before use in a real test cycle. Real search-service tag-field boost weight = 0 (ServiceConfig_SearchService.png, 2026-08-25) - tag-dimension queries are NOT expected to rank via tag relevance."
Đức,독일,tag,vi,low,"derived from dev tag taxonomy (lotte_tags_vi_en_ko_description_v2.csv, 2026-08-25) - NO per-SKU tag assignment exists yet, matched only via literal substring of the VI tag name inside product titles - needs QA/BA verification + real per-product tag data before use in a real test cycle. Real search-service tag-field boost weight = 0 (ServiceConfig_SearchService.png, 2026-08-25) - tag-dimension queries are NOT expected to rank via tag relevance."
Thạch,Jelly,tag,vi,low,"derived from dev tag taxonomy (lotte_tags_vi_en_ko_description_v2.csv, 2026-08-25) - NO per-SKU tag assignment exists yet, matched only via literal substring of the VI tag name inside product titles - needs QA/BA verification + real per-product tag data before use in a real test cycle. Real search-service tag-field boost weight = 0 (ServiceConfig_SearchService.png, 2026-08-25) - tag-dimension queries are NOT expected to rank via tag relevance."
Thạch,젤리,tag,vi,low,"derived from dev tag taxonomy (lotte_tags_vi_en_ko_description_v2.csv, 2026-08-25) - NO per-SKU tag assignment exists yet, matched only via literal substring of the VI tag name inside product titles - needs QA/BA verification + real per-product tag data before use in a real test cycle. Real search-service tag-field boost weight = 0 (ServiceConfig_SearchService.png, 2026-08-25) - tag-dimension queries are NOT expected to rank via tag relevance."
Chống Dính,Non-Stick,tag,vi,low,"derived from dev tag taxonomy (lotte_tags_vi_en_ko_description_v2.csv, 2026-08-25) - NO per-SKU tag assignment exists yet, matched only via literal substring of the VI tag name inside product titles - needs QA/BA verification + real per-product tag data before use in a real test cycle. Real search-service tag-field boost weight = 0 (ServiceConfig_SearchService.png, 2026-08-25) - tag-dimension queries are NOT expected to rank via tag relevance."
Chống Dính,논스틱,tag,vi,low,"derived from dev tag taxonomy (lotte_tags_vi_en_ko_description_v2.csv, 2026-08-25) - NO per-SKU tag assignment exists yet, matched only via literal substring of the VI tag name inside product titles - needs QA/BA verification + real per-product tag data before use in a real test cycle. Real search-service tag-field boost weight = 0 (ServiceConfig_SearchService.png, 2026-08-25) - tag-dimension queries are NOT expected to rank via tag relevance."
Nui,Pasta,tag,vi,low,"derived from dev tag taxonomy (lotte_tags_vi_en_ko_description_v2.csv, 2026-08-25) - NO per-SKU tag assignment exists yet, matched only via literal substring of the VI tag name inside product titles - needs QA/BA verification + real per-product tag data before use in a real test cycle. Real search-service tag-field boost weight = 0 (ServiceConfig_SearchService.png, 2026-08-25) - tag-dimension queries are NOT expected to rank via tag relevance."
Nui,파스타,tag,vi,low,"derived from dev tag taxonomy (lotte_tags_vi_en_ko_description_v2.csv, 2026-08-25) - NO per-SKU tag assignment exists yet, matched only via literal substring of the VI tag name inside product titles - needs QA/BA verification + real per-product tag data before use in a real test cycle. Real search-service tag-field boost weight = 0 (ServiceConfig_SearchService.png, 2026-08-25) - tag-dimension queries are NOT expected to rank via tag relevance."
Chả Giò,Spring Rolls,tag,vi,low,"derived from dev tag taxonomy (lotte_tags_vi_en_ko_description_v2.csv, 2026-08-25) - NO per-SKU tag assignment exists yet, matched only via literal substring of the VI tag name inside product titles - needs QA/BA verification + real per-product tag data before use in a real test cycle. Real search-service tag-field boost weight = 0 (ServiceConfig_SearchService.png, 2026-08-25) - tag-dimension queries are NOT expected to rank via tag relevance."
Chả Giò,짜조,tag,vi,low,"derived from dev tag taxonomy (lotte_tags_vi_en_ko_description_v2.csv, 2026-08-25) - NO per-SKU tag assignment exists yet, matched only via literal substring of the VI tag name inside product titles - needs QA/BA verification + real per-product tag data before use in a real test cycle. Real search-service tag-field boost weight = 0 (ServiceConfig_SearchService.png, 2026-08-25) - tag-dimension queries are NOT expected to rank via tag relevance."
Trị Gàu,Anti-Dandruff,tag,vi,low,"derived from dev tag taxonomy (lotte_tags_vi_en_ko_description_v2.csv, 2026-08-25) - NO per-SKU tag assignment exists yet, matched only via literal substring of the VI tag name inside product titles - needs QA/BA verification + real per-product tag data before use in a real test cycle. Real search-service tag-field boost weight = 0 (ServiceConfig_SearchService.png, 2026-08-25) - tag-dimension queries are NOT expected to rank via tag relevance."
Trị Gàu,비듬 케어,tag,vi,low,"derived from dev tag taxonomy (lotte_tags_vi_en_ko_description_v2.csv, 2026-08-25) - NO per-SKU tag assignment exists yet, matched only via literal substring of the VI tag name inside product titles - needs QA/BA verification + real per-product tag data before use in a real test cycle. Real search-service tag-field boost weight = 0 (ServiceConfig_SearchService.png, 2026-08-25) - tag-dimension queries are NOT expected to rank via tag relevance."
Thịt Tươi,Fresh Meat,tag,vi,low,"derived from dev tag taxonomy (lotte_tags_vi_en_ko_description_v2.csv, 2026-08-25) - NO per-SKU tag assignment exists yet, matched only via literal substring of the VI tag name inside product titles - needs QA/BA verification + real per-product tag data before use in a real test cycle. Real search-service tag-field boost weight = 0 (ServiceConfig_SearchService.png, 2026-08-25) - tag-dimension queries are NOT expected to rank via tag relevance."
Thịt Tươi,신선 육류,tag,vi,low,"derived from dev tag taxonomy (lotte_tags_vi_en_ko_description_v2.csv, 2026-08-25) - NO per-SKU tag assignment exists yet, matched only via literal substring of the VI tag name inside product titles - needs QA/BA verification + real per-product tag data before use in a real test cycle. Real search-service tag-field boost weight = 0 (ServiceConfig_SearchService.png, 2026-08-25) - tag-dimension queries are NOT expected to rank via tag relevance."
Anh,United Kingdom,tag,vi,low,"derived from dev tag taxonomy (lotte_tags_vi_en_ko_description_v2.csv, 2026-08-25) - NO per-SKU tag assignment exists yet, matched only via literal substring of the VI tag name inside product titles - needs QA/BA verification + real per-product tag data before use in a real test cycle. Real search-service tag-field boost weight = 0 (ServiceConfig_SearchService.png, 2026-08-25) - tag-dimension queries are NOT expected to rank via tag relevance."
Anh,영국,tag,vi,low,"derived from dev tag taxonomy (lotte_tags_vi_en_ko_description_v2.csv, 2026-08-25) - NO per-SKU tag assignment exists yet, matched only via literal substring of the VI tag name inside product titles - needs QA/BA verification + real per-product tag data before use in a real test cycle. Real search-service tag-field boost weight = 0 (ServiceConfig_SearchService.png, 2026-08-25) - tag-dimension queries are NOT expected to rank via tag relevance."
Món Nướng,Grilled Food,tag,vi,low,"derived from dev tag taxonomy (lotte_tags_vi_en_ko_description_v2.csv, 2026-08-25) - NO per-SKU tag assignment exists yet, matched only via literal substring of the VI tag name inside product titles - needs QA/BA verification + real per-product tag data before use in a real test cycle. Real search-service tag-field boost weight = 0 (ServiceConfig_SearchService.png, 2026-08-25) - tag-dimension queries are NOT expected to rank via tag relevance."
Món Nướng,구이 요리,tag,vi,low,"derived from dev tag taxonomy (lotte_tags_vi_en_ko_description_v2.csv, 2026-08-25) - NO per-SKU tag assignment exists yet, matched only via literal substring of the VI tag name inside product titles - needs QA/BA verification + real per-product tag data before use in a real test cycle. Real search-service tag-field boost weight = 0 (ServiceConfig_SearchService.png, 2026-08-25) - tag-dimension queries are NOT expected to rank via tag relevance."
Há Cảo,Har Gow Dumplings,tag,vi,low,"derived from dev tag taxonomy (lotte_tags_vi_en_ko_description_v2.csv, 2026-08-25) - NO per-SKU tag assignment exists yet, matched only via literal substring of the VI tag name inside product titles - needs QA/BA verification + real per-product tag data before use in a real test cycle. Real search-service tag-field boost weight = 0 (ServiceConfig_SearchService.png, 2026-08-25) - tag-dimension queries are NOT expected to rank via tag relevance."
Há Cảo,하가우,tag,vi,low,"derived from dev tag taxonomy (lotte_tags_vi_en_ko_description_v2.csv, 2026-08-25) - NO per-SKU tag assignment exists yet, matched only via literal substring of the VI tag name inside product titles - needs QA/BA verification + real per-product tag data before use in a real test cycle. Real search-service tag-field boost weight = 0 (ServiceConfig_SearchService.png, 2026-08-25) - tag-dimension queries are NOT expected to rank via tag relevance."
Thú Cưng,Pets,tag,vi,low,"derived from dev tag taxonomy (lotte_tags_vi_en_ko_description_v2.csv, 2026-08-25) - NO per-SKU tag assignment exists yet, matched only via literal substring of the VI tag name inside product titles - needs QA/BA verification + real per-product tag data before use in a real test cycle. Real search-service tag-field boost weight = 0 (ServiceConfig_SearchService.png, 2026-08-25) - tag-dimension queries are NOT expected to rank via tag relevance."
Thú Cưng,반려동물,tag,vi,low,"derived from dev tag taxonomy (lotte_tags_vi_en_ko_description_v2.csv, 2026-08-25) - NO per-SKU tag assignment exists yet, matched only via literal substring of the VI tag name inside product titles - needs QA/BA verification + real per-product tag data before use in a real test cycle. Real search-service tag-field boost weight = 0 (ServiceConfig_SearchService.png, 2026-08-25) - tag-dimension queries are NOT expected to rank via tag relevance."
Xông Khói,Smoked,tag,vi,low,"derived from dev tag taxonomy (lotte_tags_vi_en_ko_description_v2.csv, 2026-08-25) - NO per-SKU tag assignment exists yet, matched only via literal substring of the VI tag name inside product titles - needs QA/BA verification + real per-product tag data before use in a real test cycle. Real search-service tag-field boost weight = 0 (ServiceConfig_SearchService.png, 2026-08-25) - tag-dimension queries are NOT expected to rank via tag relevance."
Xông Khói,훈제,tag,vi,low,"derived from dev tag taxonomy (lotte_tags_vi_en_ko_description_v2.csv, 2026-08-25) - NO per-SKU tag assignment exists yet, matched only via literal substring of the VI tag name inside product titles - needs QA/BA verification + real per-product tag data before use in a real test cycle. Real search-service tag-field boost weight = 0 (ServiceConfig_SearchService.png, 2026-08-25) - tag-dimension queries are NOT expected to rank via tag relevance."
Bánh Bao,Steamed Buns,tag,vi,low,"derived from dev tag taxonomy (lotte_tags_vi_en_ko_description_v2.csv, 2026-08-25) - NO per-SKU tag assignment exists yet, matched only via literal substring of the VI tag name inside product titles - needs QA/BA verification + real per-product tag data before use in a real test cycle. Real search-service tag-field boost weight = 0 (ServiceConfig_SearchService.png, 2026-08-25) - tag-dimension queries are NOT expected to rank via tag relevance."
Bánh Bao,찐빵·바오,tag,vi,low,"derived from dev tag taxonomy (lotte_tags_vi_en_ko_description_v2.csv, 2026-08-25) - NO per-SKU tag assignment exists yet, matched only via literal substring of the VI tag name inside product titles - needs QA/BA verification + real per-product tag data before use in a real test cycle. Real search-service tag-field boost weight = 0 (ServiceConfig_SearchService.png, 2026-08-25) - tag-dimension queries are NOT expected to rank via tag relevance."
Tô Sứ,Porcelain Bowl,tag,vi,low,"derived from dev tag taxonomy (lotte_tags_vi_en_ko_description_v2.csv, 2026-08-25) - NO per-SKU tag assignment exists yet, matched only via literal substring of the VI tag name inside product titles - needs QA/BA verification + real per-product tag data before use in a real test cycle. Real search-service tag-field boost weight = 0 (ServiceConfig_SearchService.png, 2026-08-25) - tag-dimension queries are NOT expected to rank via tag relevance."
Tô Sứ,도자기 볼,tag,vi,low,"derived from dev tag taxonomy (lotte_tags_vi_en_ko_description_v2.csv, 2026-08-25) - NO per-SKU tag assignment exists yet, matched only via literal substring of the VI tag name inside product titles - needs QA/BA verification + real per-product tag data before use in a real test cycle. Real search-service tag-field boost weight = 0 (ServiceConfig_SearchService.png, 2026-08-25) - tag-dimension queries are NOT expected to rank via tag relevance."
Nhuộm Tóc,Hair Coloring,tag,vi,low,"derived from dev tag taxonomy (lotte_tags_vi_en_ko_description_v2.csv, 2026-08-25) - NO per-SKU tag assignment exists yet, matched only via literal substring of the VI tag name inside product titles - needs QA/BA verification + real per-product tag data before use in a real test cycle. Real search-service tag-field boost weight = 0 (ServiceConfig_SearchService.png, 2026-08-25) - tag-dimension queries are NOT expected to rank via tag relevance."
Nhuộm Tóc,염색,tag,vi,low,"derived from dev tag taxonomy (lotte_tags_vi_en_ko_description_v2.csv, 2026-08-25) - NO per-SKU tag assignment exists yet, matched only via literal substring of the VI tag name inside product titles - needs QA/BA verification + real per-product tag data before use in a real test cycle. Real search-service tag-field boost weight = 0 (ServiceConfig_SearchService.png, 2026-08-25) - tag-dimension queries are NOT expected to rank via tag relevance."
Tẩy Tế Bào Chết,Exfoliating,tag,vi,low,"derived from dev tag taxonomy (lotte_tags_vi_en_ko_description_v2.csv, 2026-08-25) - NO per-SKU tag assignment exists yet, matched only via literal substring of the VI tag name inside product titles - needs QA/BA verification + real per-product tag data before use in a real test cycle. Real search-service tag-field boost weight = 0 (ServiceConfig_SearchService.png, 2026-08-25) - tag-dimension queries are NOT expected to rank via tag relevance."
Tẩy Tế Bào Chết,각질 제거,tag,vi,low,"derived from dev tag taxonomy (lotte_tags_vi_en_ko_description_v2.csv, 2026-08-25) - NO per-SKU tag assignment exists yet, matched only via literal substring of the VI tag name inside product titles - needs QA/BA verification + real per-product tag data before use in a real test cycle. Real search-service tag-field boost weight = 0 (ServiceConfig_SearchService.png, 2026-08-25) - tag-dimension queries are NOT expected to rank via tag relevance."
Mì Ý,Spaghetti,tag,vi,low,"derived from dev tag taxonomy (lotte_tags_vi_en_ko_description_v2.csv, 2026-08-25) - NO per-SKU tag assignment exists yet, matched only via literal substring of the VI tag name inside product titles - needs QA/BA verification + real per-product tag data before use in a real test cycle. Real search-service tag-field boost weight = 0 (ServiceConfig_SearchService.png, 2026-08-25) - tag-dimension queries are NOT expected to rank via tag relevance."
Mì Ý,스파게티,tag,vi,low,"derived from dev tag taxonomy (lotte_tags_vi_en_ko_description_v2.csv, 2026-08-25) - NO per-SKU tag assignment exists yet, matched only via literal substring of the VI tag name inside product titles - needs QA/BA verification + real per-product tag data before use in a real test cycle. Real search-service tag-field boost weight = 0 (ServiceConfig_SearchService.png, 2026-08-25) - tag-dimension queries are NOT expected to rank via tag relevance."
Có Thạch,With Jelly,tag,vi,low,"derived from dev tag taxonomy (lotte_tags_vi_en_ko_description_v2.csv, 2026-08-25) - NO per-SKU tag assignment exists yet, matched only via literal substring of the VI tag name inside product titles - needs QA/BA verification + real per-product tag data before use in a real test cycle. Real search-service tag-field boost weight = 0 (ServiceConfig_SearchService.png, 2026-08-25) - tag-dimension queries are NOT expected to rank via tag relevance."
Có Thạch,젤리 함유,tag,vi,low,"derived from dev tag taxonomy (lotte_tags_vi_en_ko_description_v2.csv, 2026-08-25) - NO per-SKU tag assignment exists yet, matched only via literal substring of the VI tag name inside product titles - needs QA/BA verification + real per-product tag data before use in a real test cycle. Real search-service tag-field boost weight = 0 (ServiceConfig_SearchService.png, 2026-08-25) - tag-dimension queries are NOT expected to rank via tag relevance."
Đường,Sugar,tag,vi,low,"derived from dev tag taxonomy (lotte_tags_vi_en_ko_description_v2.csv, 2026-08-25) - NO per-SKU tag assignment exists yet, matched only via literal substring of the VI tag name inside product titles - needs QA/BA verification + real per-product tag data before use in a real test cycle. Real search-service tag-field boost weight = 0 (ServiceConfig_SearchService.png, 2026-08-25) - tag-dimension queries are NOT expected to rank via tag relevance."
Đường,설탕,tag,vi,low,"derived from dev tag taxonomy (lotte_tags_vi_en_ko_description_v2.csv, 2026-08-25) - NO per-SKU tag assignment exists yet, matched only via literal substring of the VI tag name inside product titles - needs QA/BA verification + real per-product tag data before use in a real test cycle. Real search-service tag-field boost weight = 0 (ServiceConfig_SearchService.png, 2026-08-25) - tag-dimension queries are NOT expected to rank via tag relevance."
Dép,Slippers,tag,vi,low,"derived from dev tag taxonomy (lotte_tags_vi_en_ko_description_v2.csv, 2026-08-25) - NO per-SKU tag assignment exists yet, matched only via literal substring of the VI tag name inside product titles - needs QA/BA verification + real per-product tag data before use in a real test cycle. Real search-service tag-field boost weight = 0 (ServiceConfig_SearchService.png, 2026-08-25) - tag-dimension queries are NOT expected to rank via tag relevance."
Dép,슬리퍼,tag,vi,low,"derived from dev tag taxonomy (lotte_tags_vi_en_ko_description_v2.csv, 2026-08-25) - NO per-SKU tag assignment exists yet, matched only via literal substring of the VI tag name inside product titles - needs QA/BA verification + real per-product tag data before use in a real test cycle. Real search-service tag-field boost weight = 0 (ServiceConfig_SearchService.png, 2026-08-25) - tag-dimension queries are NOT expected to rank via tag relevance."
Áo,Tops,tag,vi,low,"derived from dev tag taxonomy (lotte_tags_vi_en_ko_description_v2.csv, 2026-08-25) - NO per-SKU tag assignment exists yet, matched only via literal substring of the VI tag name inside product titles - needs QA/BA verification + real per-product tag data before use in a real test cycle. Real search-service tag-field boost weight = 0 (ServiceConfig_SearchService.png, 2026-08-25) - tag-dimension queries are NOT expected to rank via tag relevance."
Áo,상의,tag,vi,low,"derived from dev tag taxonomy (lotte_tags_vi_en_ko_description_v2.csv, 2026-08-25) - NO per-SKU tag assignment exists yet, matched only via literal substring of the VI tag name inside product titles - needs QA/BA verification + real per-product tag data before use in a real test cycle. Real search-service tag-field boost weight = 0 (ServiceConfig_SearchService.png, 2026-08-25) - tag-dimension queries are NOT expected to rank via tag relevance."
Trị Mụn,Acne Care,tag,vi,low,"derived from dev tag taxonomy (lotte_tags_vi_en_ko_description_v2.csv, 2026-08-25) - NO per-SKU tag assignment exists yet, matched only via literal substring of the VI tag name inside product titles - needs QA/BA verification + real per-product tag data before use in a real test cycle. Real search-service tag-field boost weight = 0 (ServiceConfig_SearchService.png, 2026-08-25) - tag-dimension queries are NOT expected to rank via tag relevance."
Trị Mụn,여드름 케어,tag,vi,low,"derived from dev tag taxonomy (lotte_tags_vi_en_ko_description_v2.csv, 2026-08-25) - NO per-SKU tag assignment exists yet, matched only via literal substring of the VI tag name inside product titles - needs QA/BA verification + real per-product tag data before use in a real test cycle. Real search-service tag-field boost weight = 0 (ServiceConfig_SearchService.png, 2026-08-25) - tag-dimension queries are NOT expected to rank via tag relevance."
Chiên Giòn,Crispy Fried,tag,vi,low,"derived from dev tag taxonomy (lotte_tags_vi_en_ko_description_v2.csv, 2026-08-25) - NO per-SKU tag assignment exists yet, matched only via literal substring of the VI tag name inside product titles - needs QA/BA verification + real per-product tag data before use in a real test cycle. Real search-service tag-field boost weight = 0 (ServiceConfig_SearchService.png, 2026-08-25) - tag-dimension queries are NOT expected to rank via tag relevance."
Chiên Giòn,바삭 튀김,tag,vi,low,"derived from dev tag taxonomy (lotte_tags_vi_en_ko_description_v2.csv, 2026-08-25) - NO per-SKU tag assignment exists yet, matched only via literal substring of the VI tag name inside product titles - needs QA/BA verification + real per-product tag data before use in a real test cycle. Real search-service tag-field boost weight = 0 (ServiceConfig_SearchService.png, 2026-08-25) - tag-dimension queries are NOT expected to rank via tag relevance."
Bút Chì,Pencil,tag,vi,low,"derived from dev tag taxonomy (lotte_tags_vi_en_ko_description_v2.csv, 2026-08-25) - NO per-SKU tag assignment exists yet, matched only via literal substring of the VI tag name inside product titles - needs QA/BA verification + real per-product tag data before use in a real test cycle. Real search-service tag-field boost weight = 0 (ServiceConfig_SearchService.png, 2026-08-25) - tag-dimension queries are NOT expected to rank via tag relevance."
Bút Chì,연필,tag,vi,low,"derived from dev tag taxonomy (lotte_tags_vi_en_ko_description_v2.csv, 2026-08-25) - NO per-SKU tag assignment exists yet, matched only via literal substring of the VI tag name inside product titles - needs QA/BA verification + real per-product tag data before use in a real test cycle. Real search-service tag-field boost weight = 0 (ServiceConfig_SearchService.png, 2026-08-25) - tag-dimension queries are NOT expected to rank via tag relevance."
Tiêu,Pepper,tag,vi,low,"derived from dev tag taxonomy (lotte_tags_vi_en_ko_description_v2.csv, 2026-08-25) - NO per-SKU tag assignment exists yet, matched only via literal substring of the VI tag name inside product titles - needs QA/BA verification + real per-product tag data before use in a real test cycle. Real search-service tag-field boost weight = 0 (ServiceConfig_SearchService.png, 2026-08-25) - tag-dimension queries are NOT expected to rank via tag relevance."
Tiêu,후추,tag,vi,low,"derived from dev tag taxonomy (lotte_tags_vi_en_ko_description_v2.csv, 2026-08-25) - NO per-SKU tag assignment exists yet, matched only via literal substring of the VI tag name inside product titles - needs QA/BA verification + real per-product tag data before use in a real test cycle. Real search-service tag-field boost weight = 0 (ServiceConfig_SearchService.png, 2026-08-25) - tag-dimension queries are NOT expected to rank via tag relevance."
Thịt Hộp,Canned Meat,tag,vi,low,"derived from dev tag taxonomy (lotte_tags_vi_en_ko_description_v2.csv, 2026-08-25) - NO per-SKU tag assignment exists yet, matched only via literal substring of the VI tag name inside product titles - needs QA/BA verification + real per-product tag data before use in a real test cycle. Real search-service tag-field boost weight = 0 (ServiceConfig_SearchService.png, 2026-08-25) - tag-dimension queries are NOT expected to rank via tag relevance."
Thịt Hộp,육류 통조림,tag,vi,low,"derived from dev tag taxonomy (lotte_tags_vi_en_ko_description_v2.csv, 2026-08-25) - NO per-SKU tag assignment exists yet, matched only via literal substring of the VI tag name inside product titles - needs QA/BA verification + real per-product tag data before use in a real test cycle. Real search-service tag-field boost weight = 0 (ServiceConfig_SearchService.png, 2026-08-25) - tag-dimension queries are NOT expected to rank via tag relevance."
Khăn Tắm,Bath Towel,tag,vi,low,"derived from dev tag taxonomy (lotte_tags_vi_en_ko_description_v2.csv, 2026-08-25) - NO per-SKU tag assignment exists yet, matched only via literal substring of the VI tag name inside product titles - needs QA/BA verification + real per-product tag data before use in a real test cycle. Real search-service tag-field boost weight = 0 (ServiceConfig_SearchService.png, 2026-08-25) - tag-dimension queries are NOT expected to rank via tag relevance."
Khăn Tắm,목욕 수건,tag,vi,low,"derived from dev tag taxonomy (lotte_tags_vi_en_ko_description_v2.csv, 2026-08-25) - NO per-SKU tag assignment exists yet, matched only via literal substring of the VI tag name inside product titles - needs QA/BA verification + real per-product tag data before use in a real test cycle. Real search-service tag-field boost weight = 0 (ServiceConfig_SearchService.png, 2026-08-25) - tag-dimension queries are NOT expected to rank via tag relevance."
Kem Lạnh,Ice Cream,tag,vi,low,"derived from dev tag taxonomy (lotte_tags_vi_en_ko_description_v2.csv, 2026-08-25) - NO per-SKU tag assignment exists yet, matched only via literal substring of the VI tag name inside product titles - needs QA/BA verification + real per-product tag data before use in a real test cycle. Real search-service tag-field boost weight = 0 (ServiceConfig_SearchService.png, 2026-08-25) - tag-dimension queries are NOT expected to rank via tag relevance."
Kem Lạnh,아이스크림,tag,vi,low,"derived from dev tag taxonomy (lotte_tags_vi_en_ko_description_v2.csv, 2026-08-25) - NO per-SKU tag assignment exists yet, matched only via literal substring of the VI tag name inside product titles - needs QA/BA verification + real per-product tag data before use in a real test cycle. Real search-service tag-field boost weight = 0 (ServiceConfig_SearchService.png, 2026-08-25) - tag-dimension queries are NOT expected to rank via tag relevance."
Lạp Xưởng,Chinese Sausage,tag,vi,low,"derived from dev tag taxonomy (lotte_tags_vi_en_ko_description_v2.csv, 2026-08-25) - NO per-SKU tag assignment exists yet, matched only via literal substring of the VI tag name inside product titles - needs QA/BA verification + real per-product tag data before use in a real test cycle. Real search-service tag-field boost weight = 0 (ServiceConfig_SearchService.png, 2026-08-25) - tag-dimension queries are NOT expected to rank via tag relevance."
Lạp Xưởng,중국식 소시지,tag,vi,low,"derived from dev tag taxonomy (lotte_tags_vi_en_ko_description_v2.csv, 2026-08-25) - NO per-SKU tag assignment exists yet, matched only via literal substring of the VI tag name inside product titles - needs QA/BA verification + real per-product tag data before use in a real test cycle. Real search-service tag-field boost weight = 0 (ServiceConfig_SearchService.png, 2026-08-25) - tag-dimension queries are NOT expected to rank via tag relevance."
Giấy Ghi Chú,Sticky Notes,tag,vi,low,"derived from dev tag taxonomy (lotte_tags_vi_en_ko_description_v2.csv, 2026-08-25) - NO per-SKU tag assignment exists yet, matched only via literal substring of the VI tag name inside product titles - needs QA/BA verification + real per-product tag data before use in a real test cycle. Real search-service tag-field boost weight = 0 (ServiceConfig_SearchService.png, 2026-08-25) - tag-dimension queries are NOT expected to rank via tag relevance."
Giấy Ghi Chú,메모지,tag,vi,low,"derived from dev tag taxonomy (lotte_tags_vi_en_ko_description_v2.csv, 2026-08-25) - NO per-SKU tag assignment exists yet, matched only via literal substring of the VI tag name inside product titles - needs QA/BA verification + real per-product tag data before use in a real test cycle. Real search-service tag-field boost weight = 0 (ServiceConfig_SearchService.png, 2026-08-25) - tag-dimension queries are NOT expected to rank via tag relevance."
Lên Men,Fermented,tag,vi,low,"derived from dev tag taxonomy (lotte_tags_vi_en_ko_description_v2.csv, 2026-08-25) - NO per-SKU tag assignment exists yet, matched only via literal substring of the VI tag name inside product titles - needs QA/BA verification + real per-product tag data before use in a real test cycle. Real search-service tag-field boost weight = 0 (ServiceConfig_SearchService.png, 2026-08-25) - tag-dimension queries are NOT expected to rank via tag relevance."
Lên Men,발효,tag,vi,low,"derived from dev tag taxonomy (lotte_tags_vi_en_ko_description_v2.csv, 2026-08-25) - NO per-SKU tag assignment exists yet, matched only via literal substring of the VI tag name inside product titles - needs QA/BA verification + real per-product tag data before use in a real test cycle. Real search-service tag-field boost weight = 0 (ServiceConfig_SearchService.png, 2026-08-25) - tag-dimension queries are NOT expected to rank via tag relevance."
Cola,Cola,tag,vi,low,"derived from dev tag taxonomy (lotte_tags_vi_en_ko_description_v2.csv, 2026-08-25) - NO per-SKU tag assignment exists yet, matched only via literal substring of the VI tag name inside product titles - needs QA/BA verification + real per-product tag data before use in a real test cycle. Real search-service tag-field boost weight = 0 (ServiceConfig_SearchService.png, 2026-08-25) - tag-dimension queries are NOT expected to rank via tag relevance."
Cola,콜라,tag,vi,low,"derived from dev tag taxonomy (lotte_tags_vi_en_ko_description_v2.csv, 2026-08-25) - NO per-SKU tag assignment exists yet, matched only via literal substring of the VI tag name inside product titles - needs QA/BA verification + real per-product tag data before use in a real test cycle. Real search-service tag-field boost weight = 0 (ServiceConfig_SearchService.png, 2026-08-25) - tag-dimension queries are NOT expected to rank via tag relevance."
Bánh Tươi,Fresh Bakery,tag,vi,low,"derived from dev tag taxonomy (lotte_tags_vi_en_ko_description_v2.csv, 2026-08-25) - NO per-SKU tag assignment exists yet, matched only via literal substring of the VI tag name inside product titles - needs QA/BA verification + real per-product tag data before use in a real test cycle. Real search-service tag-field boost weight = 0 (ServiceConfig_SearchService.png, 2026-08-25) - tag-dimension queries are NOT expected to rank via tag relevance."
Bánh Tươi,신선 베이커리,tag,vi,low,"derived from dev tag taxonomy (lotte_tags_vi_en_ko_description_v2.csv, 2026-08-25) - NO per-SKU tag assignment exists yet, matched only via literal substring of the VI tag name inside product titles - needs QA/BA verification + real per-product tag data before use in a real test cycle. Real search-service tag-field boost weight = 0 (ServiceConfig_SearchService.png, 2026-08-25) - tag-dimension queries are NOT expected to rank via tag relevance."
Bình Giữ Nhiệt,Thermos Bottle,tag,vi,low,"derived from dev tag taxonomy (lotte_tags_vi_en_ko_description_v2.csv, 2026-08-25) - NO per-SKU tag assignment exists yet, matched only via literal substring of the VI tag name inside product titles - needs QA/BA verification + real per-product tag data before use in a real test cycle. Real search-service tag-field boost weight = 0 (ServiceConfig_SearchService.png, 2026-08-25) - tag-dimension queries are NOT expected to rank via tag relevance."
Bình Giữ Nhiệt,보온병,tag,vi,low,"derived from dev tag taxonomy (lotte_tags_vi_en_ko_description_v2.csv, 2026-08-25) - NO per-SKU tag assignment exists yet, matched only via literal substring of the VI tag name inside product titles - needs QA/BA verification + real per-product tag data before use in a real test cycle. Real search-service tag-field boost weight = 0 (ServiceConfig_SearchService.png, 2026-08-25) - tag-dimension queries are NOT expected to rank via tag relevance."
Soju,Soju,tag,vi,low,"derived from dev tag taxonomy (lotte_tags_vi_en_ko_description_v2.csv, 2026-08-25) - NO per-SKU tag assignment exists yet, matched only via literal substring of the VI tag name inside product titles - needs QA/BA verification + real per-product tag data before use in a real test cycle. Real search-service tag-field boost weight = 0 (ServiceConfig_SearchService.png, 2026-08-25) - tag-dimension queries are NOT expected to rank via tag relevance."
Soju,소주,tag,vi,low,"derived from dev tag taxonomy (lotte_tags_vi_en_ko_description_v2.csv, 2026-08-25) - NO per-SKU tag assignment exists yet, matched only via literal substring of the VI tag name inside product titles - needs QA/BA verification + real per-product tag data before use in a real test cycle. Real search-service tag-field boost weight = 0 (ServiceConfig_SearchService.png, 2026-08-25) - tag-dimension queries are NOT expected to rank via tag relevance."
Bánh Tráng,Rice Paper,tag,vi,low,"derived from dev tag taxonomy (lotte_tags_vi_en_ko_description_v2.csv, 2026-08-25) - NO per-SKU tag assignment exists yet, matched only via literal substring of the VI tag name inside product titles - needs QA/BA verification + real per-product tag data before use in a real test cycle. Real search-service tag-field boost weight = 0 (ServiceConfig_SearchService.png, 2026-08-25) - tag-dimension queries are NOT expected to rank via tag relevance."
Bánh Tráng,라이스페이퍼,tag,vi,low,"derived from dev tag taxonomy (lotte_tags_vi_en_ko_description_v2.csv, 2026-08-25) - NO per-SKU tag assignment exists yet, matched only via literal substring of the VI tag name inside product titles - needs QA/BA verification + real per-product tag data before use in a real test cycle. Real search-service tag-field boost weight = 0 (ServiceConfig_SearchService.png, 2026-08-25) - tag-dimension queries are NOT expected to rank via tag relevance."
Bột Mì,Wheat Flour,tag,vi,low,"derived from dev tag taxonomy (lotte_tags_vi_en_ko_description_v2.csv, 2026-08-25) - NO per-SKU tag assignment exists yet, matched only via literal substring of the VI tag name inside product titles - needs QA/BA verification + real per-product tag data before use in a real test cycle. Real search-service tag-field boost weight = 0 (ServiceConfig_SearchService.png, 2026-08-25) - tag-dimension queries are NOT expected to rank via tag relevance."
Bột Mì,밀가루,tag,vi,low,"derived from dev tag taxonomy (lotte_tags_vi_en_ko_description_v2.csv, 2026-08-25) - NO per-SKU tag assignment exists yet, matched only via literal substring of the VI tag name inside product titles - needs QA/BA verification + real per-product tag data before use in a real test cycle. Real search-service tag-field boost weight = 0 (ServiceConfig_SearchService.png, 2026-08-25) - tag-dimension queries are NOT expected to rank via tag relevance."
Nước Năng Lượng,Energy Drink,tag,vi,low,"derived from dev tag taxonomy (lotte_tags_vi_en_ko_description_v2.csv, 2026-08-25) - NO per-SKU tag assignment exists yet, matched only via literal substring of the VI tag name inside product titles - needs QA/BA verification + real per-product tag data before use in a real test cycle. Real search-service tag-field boost weight = 0 (ServiceConfig_SearchService.png, 2026-08-25) - tag-dimension queries are NOT expected to rank via tag relevance."
Nước Năng Lượng,에너지 음료,tag,vi,low,"derived from dev tag taxonomy (lotte_tags_vi_en_ko_description_v2.csv, 2026-08-25) - NO per-SKU tag assignment exists yet, matched only via literal substring of the VI tag name inside product titles - needs QA/BA verification + real per-product tag data before use in a real test cycle. Real search-service tag-field boost weight = 0 (ServiceConfig_SearchService.png, 2026-08-25) - tag-dimension queries are NOT expected to rank via tag relevance."
Đà Lạt,Da Lat,tag,vi,low,"derived from dev tag taxonomy (lotte_tags_vi_en_ko_description_v2.csv, 2026-08-25) - NO per-SKU tag assignment exists yet, matched only via literal substring of the VI tag name inside product titles - needs QA/BA verification + real per-product tag data before use in a real test cycle. Real search-service tag-field boost weight = 0 (ServiceConfig_SearchService.png, 2026-08-25) - tag-dimension queries are NOT expected to rank via tag relevance."
Đà Lạt,달랏,tag,vi,low,"derived from dev tag taxonomy (lotte_tags_vi_en_ko_description_v2.csv, 2026-08-25) - NO per-SKU tag assignment exists yet, matched only via literal substring of the VI tag name inside product titles - needs QA/BA verification + real per-product tag data before use in a real test cycle. Real search-service tag-field boost weight = 0 (ServiceConfig_SearchService.png, 2026-08-25) - tag-dimension queries are NOT expected to rank via tag relevance."
Dầu Ô Liu,Olive Oil,tag,vi,low,"derived from dev tag taxonomy (lotte_tags_vi_en_ko_description_v2.csv, 2026-08-25) - NO per-SKU tag assignment exists yet, matched only via literal substring of the VI tag name inside product titles - needs QA/BA verification + real per-product tag data before use in a real test cycle. Real search-service tag-field boost weight = 0 (ServiceConfig_SearchService.png, 2026-08-25) - tag-dimension queries are NOT expected to rank via tag relevance."
Dầu Ô Liu,올리브유,tag,vi,low,"derived from dev tag taxonomy (lotte_tags_vi_en_ko_description_v2.csv, 2026-08-25) - NO per-SKU tag assignment exists yet, matched only via literal substring of the VI tag name inside product titles - needs QA/BA verification + real per-product tag data before use in a real test cycle. Real search-service tag-field boost weight = 0 (ServiceConfig_SearchService.png, 2026-08-25) - tag-dimension queries are NOT expected to rank via tag relevance."
Trà Ô Long,Oolong Tea,tag,vi,low,"derived from dev tag taxonomy (lotte_tags_vi_en_ko_description_v2.csv, 2026-08-25) - NO per-SKU tag assignment exists yet, matched only via literal substring of the VI tag name inside product titles - needs QA/BA verification + real per-product tag data before use in a real test cycle. Real search-service tag-field boost weight = 0 (ServiceConfig_SearchService.png, 2026-08-25) - tag-dimension queries are NOT expected to rank via tag relevance."
Trà Ô Long,우롱차,tag,vi,low,"derived from dev tag taxonomy (lotte_tags_vi_en_ko_description_v2.csv, 2026-08-25) - NO per-SKU tag assignment exists yet, matched only via literal substring of the VI tag name inside product titles - needs QA/BA verification + real per-product tag data before use in a real test cycle. Real search-service tag-field boost weight = 0 (ServiceConfig_SearchService.png, 2026-08-25) - tag-dimension queries are NOT expected to rank via tag relevance."
Bút Bi,Ballpoint Pen,tag,vi,low,"derived from dev tag taxonomy (lotte_tags_vi_en_ko_description_v2.csv, 2026-08-25) - NO per-SKU tag assignment exists yet, matched only via literal substring of the VI tag name inside product titles - needs QA/BA verification + real per-product tag data before use in a real test cycle. Real search-service tag-field boost weight = 0 (ServiceConfig_SearchService.png, 2026-08-25) - tag-dimension queries are NOT expected to rank via tag relevance."
Bút Bi,볼펜,tag,vi,low,"derived from dev tag taxonomy (lotte_tags_vi_en_ko_description_v2.csv, 2026-08-25) - NO per-SKU tag assignment exists yet, matched only via literal substring of the VI tag name inside product titles - needs QA/BA verification + real per-product tag data before use in a real test cycle. Real search-service tag-field boost weight = 0 (ServiceConfig_SearchService.png, 2026-08-25) - tag-dimension queries are NOT expected to rank via tag relevance."
Khăn Mặt,Face Towel,tag,vi,low,"derived from dev tag taxonomy (lotte_tags_vi_en_ko_description_v2.csv, 2026-08-25) - NO per-SKU tag assignment exists yet, matched only via literal substring of the VI tag name inside product titles - needs QA/BA verification + real per-product tag data before use in a real test cycle. Real search-service tag-field boost weight = 0 (ServiceConfig_SearchService.png, 2026-08-25) - tag-dimension queries are NOT expected to rank via tag relevance."
Khăn Mặt,세면 수건,tag,vi,low,"derived from dev tag taxonomy (lotte_tags_vi_en_ko_description_v2.csv, 2026-08-25) - NO per-SKU tag assignment exists yet, matched only via literal substring of the VI tag name inside product titles - needs QA/BA verification + real per-product tag data before use in a real test cycle. Real search-service tag-field boost weight = 0 (ServiceConfig_SearchService.png, 2026-08-25) - tag-dimension queries are NOT expected to rank via tag relevance."
Cá Viên,Fish Balls,tag,vi,low,"derived from dev tag taxonomy (lotte_tags_vi_en_ko_description_v2.csv, 2026-08-25) - NO per-SKU tag assignment exists yet, matched only via literal substring of the VI tag name inside product titles - needs QA/BA verification + real per-product tag data before use in a real test cycle. Real search-service tag-field boost weight = 0 (ServiceConfig_SearchService.png, 2026-08-25) - tag-dimension queries are NOT expected to rank via tag relevance."
Cá Viên,어묵볼,tag,vi,low,"derived from dev tag taxonomy (lotte_tags_vi_en_ko_description_v2.csv, 2026-08-25) - NO per-SKU tag assignment exists yet, matched only via literal substring of the VI tag name inside product titles - needs QA/BA verification + real per-product tag data before use in a real test cycle. Real search-service tag-field boost weight = 0 (ServiceConfig_SearchService.png, 2026-08-25) - tag-dimension queries are NOT expected to rank via tag relevance."
Miến Gói,Instant Glass Noodles,tag,vi,low,"derived from dev tag taxonomy (lotte_tags_vi_en_ko_description_v2.csv, 2026-08-25) - NO per-SKU tag assignment exists yet, matched only via literal substring of the VI tag name inside product titles - needs QA/BA verification + real per-product tag data before use in a real test cycle. Real search-service tag-field boost weight = 0 (ServiceConfig_SearchService.png, 2026-08-25) - tag-dimension queries are NOT expected to rank via tag relevance."
Miến Gói,즉석 당면,tag,vi,low,"derived from dev tag taxonomy (lotte_tags_vi_en_ko_description_v2.csv, 2026-08-25) - NO per-SKU tag assignment exists yet, matched only via literal substring of the VI tag name inside product titles - needs QA/BA verification + real per-product tag data before use in a real test cycle. Real search-service tag-field boost weight = 0 (ServiceConfig_SearchService.png, 2026-08-25) - tag-dimension queries are NOT expected to rank via tag relevance."
Trang Điểm,Makeup,tag,vi,low,"derived from dev tag taxonomy (lotte_tags_vi_en_ko_description_v2.csv, 2026-08-25) - NO per-SKU tag assignment exists yet, matched only via literal substring of the VI tag name inside product titles - needs QA/BA verification + real per-product tag data before use in a real test cycle. Real search-service tag-field boost weight = 0 (ServiceConfig_SearchService.png, 2026-08-25) - tag-dimension queries are NOT expected to rank via tag relevance."
Trang Điểm,메이크업,tag,vi,low,"derived from dev tag taxonomy (lotte_tags_vi_en_ko_description_v2.csv, 2026-08-25) - NO per-SKU tag assignment exists yet, matched only via literal substring of the VI tag name inside product titles - needs QA/BA verification + real per-product tag data before use in a real test cycle. Real search-service tag-field boost weight = 0 (ServiceConfig_SearchService.png, 2026-08-25) - tag-dimension queries are NOT expected to rank via tag relevance."
Đũa,Chopsticks,tag,vi,low,"derived from dev tag taxonomy (lotte_tags_vi_en_ko_description_v2.csv, 2026-08-25) - NO per-SKU tag assignment exists yet, matched only via literal substring of the VI tag name inside product titles - needs QA/BA verification + real per-product tag data before use in a real test cycle. Real search-service tag-field boost weight = 0 (ServiceConfig_SearchService.png, 2026-08-25) - tag-dimension queries are NOT expected to rank via tag relevance."
Đũa,젓가락,tag,vi,low,"derived from dev tag taxonomy (lotte_tags_vi_en_ko_description_v2.csv, 2026-08-25) - NO per-SKU tag assignment exists yet, matched only via literal substring of the VI tag name inside product titles - needs QA/BA verification + real per-product tag data before use in a real test cycle. Real search-service tag-field boost weight = 0 (ServiceConfig_SearchService.png, 2026-08-25) - tag-dimension queries are NOT expected to rank via tag relevance."
Áo Thun,T-Shirt,tag,vi,low,"derived from dev tag taxonomy (lotte_tags_vi_en_ko_description_v2.csv, 2026-08-25) - NO per-SKU tag assignment exists yet, matched only via literal substring of the VI tag name inside product titles - needs QA/BA verification + real per-product tag data before use in a real test cycle. Real search-service tag-field boost weight = 0 (ServiceConfig_SearchService.png, 2026-08-25) - tag-dimension queries are NOT expected to rank via tag relevance."
Áo Thun,티셔츠,tag,vi,low,"derived from dev tag taxonomy (lotte_tags_vi_en_ko_description_v2.csv, 2026-08-25) - NO per-SKU tag assignment exists yet, matched only via literal substring of the VI tag name inside product titles - needs QA/BA verification + real per-product tag data before use in a real test cycle. Real search-service tag-field boost weight = 0 (ServiceConfig_SearchService.png, 2026-08-25) - tag-dimension queries are NOT expected to rank via tag relevance."
Nấu Lẩu,Hot Pot Cooking,tag,vi,low,"derived from dev tag taxonomy (lotte_tags_vi_en_ko_description_v2.csv, 2026-08-25) - NO per-SKU tag assignment exists yet, matched only via literal substring of the VI tag name inside product titles - needs QA/BA verification + real per-product tag data before use in a real test cycle. Real search-service tag-field boost weight = 0 (ServiceConfig_SearchService.png, 2026-08-25) - tag-dimension queries are NOT expected to rank via tag relevance."
Nấu Lẩu,전골·훠궈 조리,tag,vi,low,"derived from dev tag taxonomy (lotte_tags_vi_en_ko_description_v2.csv, 2026-08-25) - NO per-SKU tag assignment exists yet, matched only via literal substring of the VI tag name inside product titles - needs QA/BA verification + real per-product tag data before use in a real test cycle. Real search-service tag-field boost weight = 0 (ServiceConfig_SearchService.png, 2026-08-25) - tag-dimension queries are NOT expected to rank via tag relevance."
Niacinamide,Niacinamide,tag,vi,low,"derived from dev tag taxonomy (lotte_tags_vi_en_ko_description_v2.csv, 2026-08-25) - NO per-SKU tag assignment exists yet, matched only via literal substring of the VI tag name inside product titles - needs QA/BA verification + real per-product tag data before use in a real test cycle. Real search-service tag-field boost weight = 0 (ServiceConfig_SearchService.png, 2026-08-25) - tag-dimension queries are NOT expected to rank via tag relevance."
Niacinamide,나이아신아마이드,tag,vi,low,"derived from dev tag taxonomy (lotte_tags_vi_en_ko_description_v2.csv, 2026-08-25) - NO per-SKU tag assignment exists yet, matched only via literal substring of the VI tag name inside product titles - needs QA/BA verification + real per-product tag data before use in a real test cycle. Real search-service tag-field boost weight = 0 (ServiceConfig_SearchService.png, 2026-08-25) - tag-dimension queries are NOT expected to rank via tag relevance."
Trang Trí,Decoration,tag,vi,low,"derived from dev tag taxonomy (lotte_tags_vi_en_ko_description_v2.csv, 2026-08-25) - NO per-SKU tag assignment exists yet, matched only via literal substring of the VI tag name inside product titles - needs QA/BA verification + real per-product tag data before use in a real test cycle. Real search-service tag-field boost weight = 0 (ServiceConfig_SearchService.png, 2026-08-25) - tag-dimension queries are NOT expected to rank via tag relevance."
Trang Trí,장식,tag,vi,low,"derived from dev tag taxonomy (lotte_tags_vi_en_ko_description_v2.csv, 2026-08-25) - NO per-SKU tag assignment exists yet, matched only via literal substring of the VI tag name inside product titles - needs QA/BA verification + real per-product tag data before use in a real test cycle. Real search-service tag-field boost weight = 0 (ServiceConfig_SearchService.png, 2026-08-25) - tag-dimension queries are NOT expected to rank via tag relevance."
Siêu Cay,Extra Spicy,tag,vi,low,"derived from dev tag taxonomy (lotte_tags_vi_en_ko_description_v2.csv, 2026-08-25) - NO per-SKU tag assignment exists yet, matched only via literal substring of the VI tag name inside product titles - needs QA/BA verification + real per-product tag data before use in a real test cycle. Real search-service tag-field boost weight = 0 (ServiceConfig_SearchService.png, 2026-08-25) - tag-dimension queries are NOT expected to rank via tag relevance."
Siêu Cay,매우 매운맛,tag,vi,low,"derived from dev tag taxonomy (lotte_tags_vi_en_ko_description_v2.csv, 2026-08-25) - NO per-SKU tag assignment exists yet, matched only via literal substring of the VI tag name inside product titles - needs QA/BA verification + real per-product tag data before use in a real test cycle. Real search-service tag-field boost weight = 0 (ServiceConfig_SearchService.png, 2026-08-25) - tag-dimension queries are NOT expected to rank via tag relevance."
Nước Hoa,Perfume,tag,vi,low,"derived from dev tag taxonomy (lotte_tags_vi_en_ko_description_v2.csv, 2026-08-25) - NO per-SKU tag assignment exists yet, matched only via literal substring of the VI tag name inside product titles - needs QA/BA verification + real per-product tag data before use in a real test cycle. Real search-service tag-field boost weight = 0 (ServiceConfig_SearchService.png, 2026-08-25) - tag-dimension queries are NOT expected to rank via tag relevance."
Nước Hoa,향수,tag,vi,low,"derived from dev tag taxonomy (lotte_tags_vi_en_ko_description_v2.csv, 2026-08-25) - NO per-SKU tag assignment exists yet, matched only via literal substring of the VI tag name inside product titles - needs QA/BA verification + real per-product tag data before use in a real test cycle. Real search-service tag-field boost weight = 0 (ServiceConfig_SearchService.png, 2026-08-25) - tag-dimension queries are NOT expected to rank via tag relevance."
Canh,Soup,tag,vi,low,"derived from dev tag taxonomy (lotte_tags_vi_en_ko_description_v2.csv, 2026-08-25) - NO per-SKU tag assignment exists yet, matched only via literal substring of the VI tag name inside product titles - needs QA/BA verification + real per-product tag data before use in a real test cycle. Real search-service tag-field boost weight = 0 (ServiceConfig_SearchService.png, 2026-08-25) - tag-dimension queries are NOT expected to rank via tag relevance."
Canh,국·수프,tag,vi,low,"derived from dev tag taxonomy (lotte_tags_vi_en_ko_description_v2.csv, 2026-08-25) - NO per-SKU tag assignment exists yet, matched only via literal substring of the VI tag name inside product titles - needs QA/BA verification + real per-product tag data before use in a real test cycle. Real search-service tag-field boost weight = 0 (ServiceConfig_SearchService.png, 2026-08-25) - tag-dimension queries are NOT expected to rank via tag relevance."
Mì Trộn,Mixed Noodles,tag,vi,low,"derived from dev tag taxonomy (lotte_tags_vi_en_ko_description_v2.csv, 2026-08-25) - NO per-SKU tag assignment exists yet, matched only via literal substring of the VI tag name inside product titles - needs QA/BA verification + real per-product tag data before use in a real test cycle. Real search-service tag-field boost weight = 0 (ServiceConfig_SearchService.png, 2026-08-25) - tag-dimension queries are NOT expected to rank via tag relevance."
Mì Trộn,비빔면,tag,vi,low,"derived from dev tag taxonomy (lotte_tags_vi_en_ko_description_v2.csv, 2026-08-25) - NO per-SKU tag assignment exists yet, matched only via literal substring of the VI tag name inside product titles - needs QA/BA verification + real per-product tag data before use in a real test cycle. Real search-service tag-field boost weight = 0 (ServiceConfig_SearchService.png, 2026-08-25) - tag-dimension queries are NOT expected to rank via tag relevance."
Muỗng,Spoon,tag,vi,low,"derived from dev tag taxonomy (lotte_tags_vi_en_ko_description_v2.csv, 2026-08-25) - NO per-SKU tag assignment exists yet, matched only via literal substring of the VI tag name inside product titles - needs QA/BA verification + real per-product tag data before use in a real test cycle. Real search-service tag-field boost weight = 0 (ServiceConfig_SearchService.png, 2026-08-25) - tag-dimension queries are NOT expected to rank via tag relevance."
Muỗng,숟가락,tag,vi,low,"derived from dev tag taxonomy (lotte_tags_vi_en_ko_description_v2.csv, 2026-08-25) - NO per-SKU tag assignment exists yet, matched only via literal substring of the VI tag name inside product titles - needs QA/BA verification + real per-product tag data before use in a real test cycle. Real search-service tag-field boost weight = 0 (ServiceConfig_SearchService.png, 2026-08-25) - tag-dimension queries are NOT expected to rank via tag relevance."
Kim Chi,Kimchi,tag,vi,low,"derived from dev tag taxonomy (lotte_tags_vi_en_ko_description_v2.csv, 2026-08-25) - NO per-SKU tag assignment exists yet, matched only via literal substring of the VI tag name inside product titles - needs QA/BA verification + real per-product tag data before use in a real test cycle. Real search-service tag-field boost weight = 0 (ServiceConfig_SearchService.png, 2026-08-25) - tag-dimension queries are NOT expected to rank via tag relevance."
Kim Chi,김치,tag,vi,low,"derived from dev tag taxonomy (lotte_tags_vi_en_ko_description_v2.csv, 2026-08-25) - NO per-SKU tag assignment exists yet, matched only via literal substring of the VI tag name inside product titles - needs QA/BA verification + real per-product tag data before use in a real test cycle. Real search-service tag-field boost weight = 0 (ServiceConfig_SearchService.png, 2026-08-25) - tag-dimension queries are NOT expected to rank via tag relevance."
Cục Gôm,Eraser,tag,vi,low,"derived from dev tag taxonomy (lotte_tags_vi_en_ko_description_v2.csv, 2026-08-25) - NO per-SKU tag assignment exists yet, matched only via literal substring of the VI tag name inside product titles - needs QA/BA verification + real per-product tag data before use in a real test cycle. Real search-service tag-field boost weight = 0 (ServiceConfig_SearchService.png, 2026-08-25) - tag-dimension queries are NOT expected to rank via tag relevance."
Cục Gôm,지우개,tag,vi,low,"derived from dev tag taxonomy (lotte_tags_vi_en_ko_description_v2.csv, 2026-08-25) - NO per-SKU tag assignment exists yet, matched only via literal substring of the VI tag name inside product titles - needs QA/BA verification + real per-product tag data before use in a real test cycle. Real search-service tag-field boost weight = 0 (ServiceConfig_SearchService.png, 2026-08-25) - tag-dimension queries are NOT expected to rank via tag relevance."
Nước Tẩy Quần Áo,Laundry Bleach,tag,vi,low,"derived from dev tag taxonomy (lotte_tags_vi_en_ko_description_v2.csv, 2026-08-25) - NO per-SKU tag assignment exists yet, matched only via literal substring of the VI tag name inside product titles - needs QA/BA verification + real per-product tag data before use in a real test cycle. Real search-service tag-field boost weight = 0 (ServiceConfig_SearchService.png, 2026-08-25) - tag-dimension queries are NOT expected to rank via tag relevance."
Nước Tẩy Quần Áo,의류 표백제,tag,vi,low,"derived from dev tag taxonomy (lotte_tags_vi_en_ko_description_v2.csv, 2026-08-25) - NO per-SKU tag assignment exists yet, matched only via literal substring of the VI tag name inside product titles - needs QA/BA verification + real per-product tag data before use in a real test cycle. Real search-service tag-field boost weight = 0 (ServiceConfig_SearchService.png, 2026-08-25) - tag-dimension queries are NOT expected to rank via tag relevance."
Mũ Bảo Hiểm,Helmet,tag,vi,low,"derived from dev tag taxonomy (lotte_tags_vi_en_ko_description_v2.csv, 2026-08-25) - NO per-SKU tag assignment exists yet, matched only via literal substring of the VI tag name inside product titles - needs QA/BA verification + real per-product tag data before use in a real test cycle. Real search-service tag-field boost weight = 0 (ServiceConfig_SearchService.png, 2026-08-25) - tag-dimension queries are NOT expected to rank via tag relevance."
Mũ Bảo Hiểm,헬멧,tag,vi,low,"derived from dev tag taxonomy (lotte_tags_vi_en_ko_description_v2.csv, 2026-08-25) - NO per-SKU tag assignment exists yet, matched only via literal substring of the VI tag name inside product titles - needs QA/BA verification + real per-product tag data before use in a real test cycle. Real search-service tag-field boost weight = 0 (ServiceConfig_SearchService.png, 2026-08-25) - tag-dimension queries are NOT expected to rank via tag relevance."
Quần,Pants,tag,vi,low,"derived from dev tag taxonomy (lotte_tags_vi_en_ko_description_v2.csv, 2026-08-25) - NO per-SKU tag assignment exists yet, matched only via literal substring of the VI tag name inside product titles - needs QA/BA verification + real per-product tag data before use in a real test cycle. Real search-service tag-field boost weight = 0 (ServiceConfig_SearchService.png, 2026-08-25) - tag-dimension queries are NOT expected to rank via tag relevance."
Quần,바지,tag,vi,low,"derived from dev tag taxonomy (lotte_tags_vi_en_ko_description_v2.csv, 2026-08-25) - NO per-SKU tag assignment exists yet, matched only via literal substring of the VI tag name inside product titles - needs QA/BA verification + real per-product tag data before use in a real test cycle. Real search-service tag-field boost weight = 0 (ServiceConfig_SearchService.png, 2026-08-25) - tag-dimension queries are NOT expected to rank via tag relevance."
Bánh Mì,Bread,tag,vi,low,"derived from dev tag taxonomy (lotte_tags_vi_en_ko_description_v2.csv, 2026-08-25) - NO per-SKU tag assignment exists yet, matched only via literal substring of the VI tag name inside product titles - needs QA/BA verification + real per-product tag data before use in a real test cycle. Real search-service tag-field boost weight = 0 (ServiceConfig_SearchService.png, 2026-08-25) - tag-dimension queries are NOT expected to rank via tag relevance."
Bánh Mì,빵,tag,vi,low,"derived from dev tag taxonomy (lotte_tags_vi_en_ko_description_v2.csv, 2026-08-25) - NO per-SKU tag assignment exists yet, matched only via literal substring of the VI tag name inside product titles - needs QA/BA verification + real per-product tag data before use in a real test cycle. Real search-service tag-field boost weight = 0 (ServiceConfig_SearchService.png, 2026-08-25) - tag-dimension queries are NOT expected to rank via tag relevance."
Quạt Mini,Mini Fan,tag,vi,low,"derived from dev tag taxonomy (lotte_tags_vi_en_ko_description_v2.csv, 2026-08-25) - NO per-SKU tag assignment exists yet, matched only via literal substring of the VI tag name inside product titles - needs QA/BA verification + real per-product tag data before use in a real test cycle. Real search-service tag-field boost weight = 0 (ServiceConfig_SearchService.png, 2026-08-25) - tag-dimension queries are NOT expected to rank via tag relevance."
Quạt Mini,미니 선풍기,tag,vi,low,"derived from dev tag taxonomy (lotte_tags_vi_en_ko_description_v2.csv, 2026-08-25) - NO per-SKU tag assignment exists yet, matched only via literal substring of the VI tag name inside product titles - needs QA/BA verification + real per-product tag data before use in a real test cycle. Real search-service tag-field boost weight = 0 (ServiceConfig_SearchService.png, 2026-08-25) - tag-dimension queries are NOT expected to rank via tag relevance."
Vớ,Socks,tag,vi,low,"derived from dev tag taxonomy (lotte_tags_vi_en_ko_description_v2.csv, 2026-08-25) - NO per-SKU tag assignment exists yet, matched only via literal substring of the VI tag name inside product titles - needs QA/BA verification + real per-product tag data before use in a real test cycle. Real search-service tag-field boost weight = 0 (ServiceConfig_SearchService.png, 2026-08-25) - tag-dimension queries are NOT expected to rank via tag relevance."
Vớ,양말,tag,vi,low,"derived from dev tag taxonomy (lotte_tags_vi_en_ko_description_v2.csv, 2026-08-25) - NO per-SKU tag assignment exists yet, matched only via literal substring of the VI tag name inside product titles - needs QA/BA verification + real per-product tag data before use in a real test cycle. Real search-service tag-field boost weight = 0 (ServiceConfig_SearchService.png, 2026-08-25) - tag-dimension queries are NOT expected to rank via tag relevance."
Khăn Rút,Pull-Out Tissue,tag,vi,low,"derived from dev tag taxonomy (lotte_tags_vi_en_ko_description_v2.csv, 2026-08-25) - NO per-SKU tag assignment exists yet, matched only via literal substring of the VI tag name inside product titles - needs QA/BA verification + real per-product tag data before use in a real test cycle. Real search-service tag-field boost weight = 0 (ServiceConfig_SearchService.png, 2026-08-25) - tag-dimension queries are NOT expected to rank via tag relevance."
Khăn Rút,뽑아쓰는 티슈,tag,vi,low,"derived from dev tag taxonomy (lotte_tags_vi_en_ko_description_v2.csv, 2026-08-25) - NO per-SKU tag assignment exists yet, matched only via literal substring of the VI tag name inside product titles - needs QA/BA verification + real per-product tag data before use in a real test cycle. Real search-service tag-field boost weight = 0 (ServiceConfig_SearchService.png, 2026-08-25) - tag-dimension queries are NOT expected to rank via tag relevance."
Yến Mạch,Oats,tag,vi,low,"derived from dev tag taxonomy (lotte_tags_vi_en_ko_description_v2.csv, 2026-08-25) - NO per-SKU tag assignment exists yet, matched only via literal substring of the VI tag name inside product titles - needs QA/BA verification + real per-product tag data before use in a real test cycle. Real search-service tag-field boost weight = 0 (ServiceConfig_SearchService.png, 2026-08-25) - tag-dimension queries are NOT expected to rank via tag relevance."
Yến Mạch,귀리,tag,vi,low,"derived from dev tag taxonomy (lotte_tags_vi_en_ko_description_v2.csv, 2026-08-25) - NO per-SKU tag assignment exists yet, matched only via literal substring of the VI tag name inside product titles - needs QA/BA verification + real per-product tag data before use in a real test cycle. Real search-service tag-field boost weight = 0 (ServiceConfig_SearchService.png, 2026-08-25) - tag-dimension queries are NOT expected to rank via tag relevance."
Cháo Gói,Instant Porridge,tag,vi,low,"derived from dev tag taxonomy (lotte_tags_vi_en_ko_description_v2.csv, 2026-08-25) - NO per-SKU tag assignment exists yet, matched only via literal substring of the VI tag name inside product titles - needs QA/BA verification + real per-product tag data before use in a real test cycle. Real search-service tag-field boost weight = 0 (ServiceConfig_SearchService.png, 2026-08-25) - tag-dimension queries are NOT expected to rank via tag relevance."
Cháo Gói,즉석 죽,tag,vi,low,"derived from dev tag taxonomy (lotte_tags_vi_en_ko_description_v2.csv, 2026-08-25) - NO per-SKU tag assignment exists yet, matched only via literal substring of the VI tag name inside product titles - needs QA/BA verification + real per-product tag data before use in a real test cycle. Real search-service tag-field boost weight = 0 (ServiceConfig_SearchService.png, 2026-08-25) - tag-dimension queries are NOT expected to rank via tag relevance."
Phi Lê,Fillet,tag,vi,low,"derived from dev tag taxonomy (lotte_tags_vi_en_ko_description_v2.csv, 2026-08-25) - NO per-SKU tag assignment exists yet, matched only via literal substring of the VI tag name inside product titles - needs QA/BA verification + real per-product tag data before use in a real test cycle. Real search-service tag-field boost weight = 0 (ServiceConfig_SearchService.png, 2026-08-25) - tag-dimension queries are NOT expected to rank via tag relevance."
Phi Lê,필레,tag,vi,low,"derived from dev tag taxonomy (lotte_tags_vi_en_ko_description_v2.csv, 2026-08-25) - NO per-SKU tag assignment exists yet, matched only via literal substring of the VI tag name inside product titles - needs QA/BA verification + real per-product tag data before use in a real test cycle. Real search-service tag-field boost weight = 0 (ServiceConfig_SearchService.png, 2026-08-25) - tag-dimension queries are NOT expected to rank via tag relevance."
Khăn Lau,Cleaning Cloth,tag,vi,low,"derived from dev tag taxonomy (lotte_tags_vi_en_ko_description_v2.csv, 2026-08-25) - NO per-SKU tag assignment exists yet, matched only via literal substring of the VI tag name inside product titles - needs QA/BA verification + real per-product tag data before use in a real test cycle. Real search-service tag-field boost weight = 0 (ServiceConfig_SearchService.png, 2026-08-25) - tag-dimension queries are NOT expected to rank via tag relevance."
Khăn Lau,행주·청소포,tag,vi,low,"derived from dev tag taxonomy (lotte_tags_vi_en_ko_description_v2.csv, 2026-08-25) - NO per-SKU tag assignment exists yet, matched only via literal substring of the VI tag name inside product titles - needs QA/BA verification + real per-product tag data before use in a real test cycle. Real search-service tag-field boost weight = 0 (ServiceConfig_SearchService.png, 2026-08-25) - tag-dimension queries are NOT expected to rank via tag relevance."
Món Nhật,Japanese Food,tag,vi,low,"derived from dev tag taxonomy (lotte_tags_vi_en_ko_description_v2.csv, 2026-08-25) - NO per-SKU tag assignment exists yet, matched only via literal substring of the VI tag name inside product titles - needs QA/BA verification + real per-product tag data before use in a real test cycle. Real search-service tag-field boost weight = 0 (ServiceConfig_SearchService.png, 2026-08-25) - tag-dimension queries are NOT expected to rank via tag relevance."
Món Nhật,일식,tag,vi,low,"derived from dev tag taxonomy (lotte_tags_vi_en_ko_description_v2.csv, 2026-08-25) - NO per-SKU tag assignment exists yet, matched only via literal substring of the VI tag name inside product titles - needs QA/BA verification + real per-product tag data before use in a real test cycle. Real search-service tag-field boost weight = 0 (ServiceConfig_SearchService.png, 2026-08-25) - tag-dimension queries are NOT expected to rank via tag relevance."
Cắt Khúc,Cut into Pieces,tag,vi,low,"derived from dev tag taxonomy (lotte_tags_vi_en_ko_description_v2.csv, 2026-08-25) - NO per-SKU tag assignment exists yet, matched only via literal substring of the VI tag name inside product titles - needs QA/BA verification + real per-product tag data before use in a real test cycle. Real search-service tag-field boost weight = 0 (ServiceConfig_SearchService.png, 2026-08-25) - tag-dimension queries are NOT expected to rank via tag relevance."
Cắt Khúc,토막 손질,tag,vi,low,"derived from dev tag taxonomy (lotte_tags_vi_en_ko_description_v2.csv, 2026-08-25) - NO per-SKU tag assignment exists yet, matched only via literal substring of the VI tag name inside product titles - needs QA/BA verification + real per-product tag data before use in a real test cycle. Real search-service tag-field boost weight = 0 (ServiceConfig_SearchService.png, 2026-08-25) - tag-dimension queries are NOT expected to rank via tag relevance."
Trà Hòa Tan,Instant Tea,tag,vi,low,"derived from dev tag taxonomy (lotte_tags_vi_en_ko_description_v2.csv, 2026-08-25) - NO per-SKU tag assignment exists yet, matched only via literal substring of the VI tag name inside product titles - needs QA/BA verification + real per-product tag data before use in a real test cycle. Real search-service tag-field boost weight = 0 (ServiceConfig_SearchService.png, 2026-08-25) - tag-dimension queries are NOT expected to rank via tag relevance."
Trà Hòa Tan,인스턴트 차,tag,vi,low,"derived from dev tag taxonomy (lotte_tags_vi_en_ko_description_v2.csv, 2026-08-25) - NO per-SKU tag assignment exists yet, matched only via literal substring of the VI tag name inside product titles - needs QA/BA verification + real per-product tag data before use in a real test cycle. Real search-service tag-field boost weight = 0 (ServiceConfig_SearchService.png, 2026-08-25) - tag-dimension queries are NOT expected to rank via tag relevance."
Bột Giặt,Laundry Powder,tag,vi,low,"derived from dev tag taxonomy (lotte_tags_vi_en_ko_description_v2.csv, 2026-08-25) - NO per-SKU tag assignment exists yet, matched only via literal substring of the VI tag name inside product titles - needs QA/BA verification + real per-product tag data before use in a real test cycle. Real search-service tag-field boost weight = 0 (ServiceConfig_SearchService.png, 2026-08-25) - tag-dimension queries are NOT expected to rank via tag relevance."
Bột Giặt,가루 세탁세제,tag,vi,low,"derived from dev tag taxonomy (lotte_tags_vi_en_ko_description_v2.csv, 2026-08-25) - NO per-SKU tag assignment exists yet, matched only via literal substring of the VI tag name inside product titles - needs QA/BA verification + real per-product tag data before use in a real test cycle. Real search-service tag-field boost weight = 0 (ServiceConfig_SearchService.png, 2026-08-25) - tag-dimension queries are NOT expected to rank via tag relevance."
Sốt Mayonnaise,Mayonnaise,tag,vi,low,"derived from dev tag taxonomy (lotte_tags_vi_en_ko_description_v2.csv, 2026-08-25) - NO per-SKU tag assignment exists yet, matched only via literal substring of the VI tag name inside product titles - needs QA/BA verification + real per-product tag data before use in a real test cycle. Real search-service tag-field boost weight = 0 (ServiceConfig_SearchService.png, 2026-08-25) - tag-dimension queries are NOT expected to rank via tag relevance."
Sốt Mayonnaise,마요네즈,tag,vi,low,"derived from dev tag taxonomy (lotte_tags_vi_en_ko_description_v2.csv, 2026-08-25) - NO per-SKU tag assignment exists yet, matched only via literal substring of the VI tag name inside product titles - needs QA/BA verification + real per-product tag data before use in a real test cycle. Real search-service tag-field boost weight = 0 (ServiceConfig_SearchService.png, 2026-08-25) - tag-dimension queries are NOT expected to rank via tag relevance."
Chả Lụa,Vietnamese Pork Sausage,tag,vi,low,"derived from dev tag taxonomy (lotte_tags_vi_en_ko_description_v2.csv, 2026-08-25) - NO per-SKU tag assignment exists yet, matched only via literal substring of the VI tag name inside product titles - needs QA/BA verification + real per-product tag data before use in a real test cycle. Real search-service tag-field boost weight = 0 (ServiceConfig_SearchService.png, 2026-08-25) - tag-dimension queries are NOT expected to rank via tag relevance."
Chả Lụa,베트남식 돼지고기 소시지,tag,vi,low,"derived from dev tag taxonomy (lotte_tags_vi_en_ko_description_v2.csv, 2026-08-25) - NO per-SKU tag assignment exists yet, matched only via literal substring of the VI tag name inside product titles - needs QA/BA verification + real per-product tag data before use in a real test cycle. Real search-service tag-field boost weight = 0 (ServiceConfig_SearchService.png, 2026-08-25) - tag-dimension queries are NOT expected to rank via tag relevance."
Không Mùi,Fragrance Free,tag,vi,low,"derived from dev tag taxonomy (lotte_tags_vi_en_ko_description_v2.csv, 2026-08-25) - NO per-SKU tag assignment exists yet, matched only via literal substring of the VI tag name inside product titles - needs QA/BA verification + real per-product tag data before use in a real test cycle. Real search-service tag-field boost weight = 0 (ServiceConfig_SearchService.png, 2026-08-25) - tag-dimension queries are NOT expected to rank via tag relevance."
Không Mùi,무향,tag,vi,low,"derived from dev tag taxonomy (lotte_tags_vi_en_ko_description_v2.csv, 2026-08-25) - NO per-SKU tag assignment exists yet, matched only via literal substring of the VI tag name inside product titles - needs QA/BA verification + real per-product tag data before use in a real test cycle. Real search-service tag-field boost weight = 0 (ServiceConfig_SearchService.png, 2026-08-25) - tag-dimension queries are NOT expected to rank via tag relevance."
Nước Khoáng,Mineral Water,tag,vi,low,"derived from dev tag taxonomy (lotte_tags_vi_en_ko_description_v2.csv, 2026-08-25) - NO per-SKU tag assignment exists yet, matched only via literal substring of the VI tag name inside product titles - needs QA/BA verification + real per-product tag data before use in a real test cycle. Real search-service tag-field boost weight = 0 (ServiceConfig_SearchService.png, 2026-08-25) - tag-dimension queries are NOT expected to rank via tag relevance."
Nước Khoáng,생수·미네랄워터,tag,vi,low,"derived from dev tag taxonomy (lotte_tags_vi_en_ko_description_v2.csv, 2026-08-25) - NO per-SKU tag assignment exists yet, matched only via literal substring of the VI tag name inside product titles - needs QA/BA verification + real per-product tag data before use in a real test cycle. Real search-service tag-field boost weight = 0 (ServiceConfig_SearchService.png, 2026-08-25) - tag-dimension queries are NOT expected to rank via tag relevance."
Kẹo Socola,Chocolate Candy,tag,vi,low,"derived from dev tag taxonomy (lotte_tags_vi_en_ko_description_v2.csv, 2026-08-25) - NO per-SKU tag assignment exists yet, matched only via literal substring of the VI tag name inside product titles - needs QA/BA verification + real per-product tag data before use in a real test cycle. Real search-service tag-field boost weight = 0 (ServiceConfig_SearchService.png, 2026-08-25) - tag-dimension queries are NOT expected to rank via tag relevance."
Kẹo Socola,초콜릿 캔디,tag,vi,low,"derived from dev tag taxonomy (lotte_tags_vi_en_ko_description_v2.csv, 2026-08-25) - NO per-SKU tag assignment exists yet, matched only via literal substring of the VI tag name inside product titles - needs QA/BA verification + real per-product tag data before use in a real test cycle. Real search-service tag-field boost weight = 0 (ServiceConfig_SearchService.png, 2026-08-25) - tag-dimension queries are NOT expected to rank via tag relevance."
Bạc Hà,Mint,tag,vi,low,"derived from dev tag taxonomy (lotte_tags_vi_en_ko_description_v2.csv, 2026-08-25) - NO per-SKU tag assignment exists yet, matched only via literal substring of the VI tag name inside product titles - needs QA/BA verification + real per-product tag data before use in a real test cycle. Real search-service tag-field boost weight = 0 (ServiceConfig_SearchService.png, 2026-08-25) - tag-dimension queries are NOT expected to rank via tag relevance."
Bạc Hà,민트,tag,vi,low,"derived from dev tag taxonomy (lotte_tags_vi_en_ko_description_v2.csv, 2026-08-25) - NO per-SKU tag assignment exists yet, matched only via literal substring of the VI tag name inside product titles - needs QA/BA verification + real per-product tag data before use in a real test cycle. Real search-service tag-field boost weight = 0 (ServiceConfig_SearchService.png, 2026-08-25) - tag-dimension queries are NOT expected to rank via tag relevance."
Giữ Nhiệt,Heat Retention,tag,vi,low,"derived from dev tag taxonomy (lotte_tags_vi_en_ko_description_v2.csv, 2026-08-25) - NO per-SKU tag assignment exists yet, matched only via literal substring of the VI tag name inside product titles - needs QA/BA verification + real per-product tag data before use in a real test cycle. Real search-service tag-field boost weight = 0 (ServiceConfig_SearchService.png, 2026-08-25) - tag-dimension queries are NOT expected to rank via tag relevance."
Giữ Nhiệt,보온,tag,vi,low,"derived from dev tag taxonomy (lotte_tags_vi_en_ko_description_v2.csv, 2026-08-25) - NO per-SKU tag assignment exists yet, matched only via literal substring of the VI tag name inside product titles - needs QA/BA verification + real per-product tag data before use in a real test cycle. Real search-service tag-field boost weight = 0 (ServiceConfig_SearchService.png, 2026-08-25) - tag-dimension queries are NOT expected to rank via tag relevance."
Sốt Chấm,Dipping Sauce,tag,vi,low,"derived from dev tag taxonomy (lotte_tags_vi_en_ko_description_v2.csv, 2026-08-25) - NO per-SKU tag assignment exists yet, matched only via literal substring of the VI tag name inside product titles - needs QA/BA verification + real per-product tag data before use in a real test cycle. Real search-service tag-field boost weight = 0 (ServiceConfig_SearchService.png, 2026-08-25) - tag-dimension queries are NOT expected to rank via tag relevance."
Sốt Chấm,찍어 먹는 소스,tag,vi,low,"derived from dev tag taxonomy (lotte_tags_vi_en_ko_description_v2.csv, 2026-08-25) - NO per-SKU tag assignment exists yet, matched only via literal substring of the VI tag name inside product titles - needs QA/BA verification + real per-product tag data before use in a real test cycle. Real search-service tag-field boost weight = 0 (ServiceConfig_SearchService.png, 2026-08-25) - tag-dimension queries are NOT expected to rank via tag relevance."
Dầu Hào,Oyster Sauce,tag,vi,low,"derived from dev tag taxonomy (lotte_tags_vi_en_ko_description_v2.csv, 2026-08-25) - NO per-SKU tag assignment exists yet, matched only via literal substring of the VI tag name inside product titles - needs QA/BA verification + real per-product tag data before use in a real test cycle. Real search-service tag-field boost weight = 0 (ServiceConfig_SearchService.png, 2026-08-25) - tag-dimension queries are NOT expected to rank via tag relevance."
Dầu Hào,굴소스,tag,vi,low,"derived from dev tag taxonomy (lotte_tags_vi_en_ko_description_v2.csv, 2026-08-25) - NO per-SKU tag assignment exists yet, matched only via literal substring of the VI tag name inside product titles - needs QA/BA verification + real per-product tag data before use in a real test cycle. Real search-service tag-field boost weight = 0 (ServiceConfig_SearchService.png, 2026-08-25) - tag-dimension queries are NOT expected to rank via tag relevance."
Nước Yến,Bird's Nest Drink,tag,vi,low,"derived from dev tag taxonomy (lotte_tags_vi_en_ko_description_v2.csv, 2026-08-25) - NO per-SKU tag assignment exists yet, matched only via literal substring of the VI tag name inside product titles - needs QA/BA verification + real per-product tag data before use in a real test cycle. Real search-service tag-field boost weight = 0 (ServiceConfig_SearchService.png, 2026-08-25) - tag-dimension queries are NOT expected to rank via tag relevance."
Nước Yến,제비집 음료,tag,vi,low,"derived from dev tag taxonomy (lotte_tags_vi_en_ko_description_v2.csv, 2026-08-25) - NO per-SKU tag assignment exists yet, matched only via literal substring of the VI tag name inside product titles - needs QA/BA verification + real per-product tag data before use in a real test cycle. Real search-service tag-field boost weight = 0 (ServiceConfig_SearchService.png, 2026-08-25) - tag-dimension queries are NOT expected to rank via tag relevance."
Son,Lipstick,tag,vi,low,"derived from dev tag taxonomy (lotte_tags_vi_en_ko_description_v2.csv, 2026-08-25) - NO per-SKU tag assignment exists yet, matched only via literal substring of the VI tag name inside product titles - needs QA/BA verification + real per-product tag data before use in a real test cycle. Real search-service tag-field boost weight = 0 (ServiceConfig_SearchService.png, 2026-08-25) - tag-dimension queries are NOT expected to rank via tag relevance."
Son,립스틱,tag,vi,low,"derived from dev tag taxonomy (lotte_tags_vi_en_ko_description_v2.csv, 2026-08-25) - NO per-SKU tag assignment exists yet, matched only via literal substring of the VI tag name inside product titles - needs QA/BA verification + real per-product tag data before use in a real test cycle. Real search-service tag-field boost weight = 0 (ServiceConfig_SearchService.png, 2026-08-25) - tag-dimension queries are NOT expected to rank via tag relevance."
Chén Cơm,Rice Bowl,tag,vi,low,"derived from dev tag taxonomy (lotte_tags_vi_en_ko_description_v2.csv, 2026-08-25) - NO per-SKU tag assignment exists yet, matched only via literal substring of the VI tag name inside product titles - needs QA/BA verification + real per-product tag data before use in a real test cycle. Real search-service tag-field boost weight = 0 (ServiceConfig_SearchService.png, 2026-08-25) - tag-dimension queries are NOT expected to rank via tag relevance."
Chén Cơm,밥공기,tag,vi,low,"derived from dev tag taxonomy (lotte_tags_vi_en_ko_description_v2.csv, 2026-08-25) - NO per-SKU tag assignment exists yet, matched only via literal substring of the VI tag name inside product titles - needs QA/BA verification + real per-product tag data before use in a real test cycle. Real search-service tag-field boost weight = 0 (ServiceConfig_SearchService.png, 2026-08-25) - tag-dimension queries are NOT expected to rank via tag relevance."
Socola Sữa,Milk Chocolate,tag,vi,low,"derived from dev tag taxonomy (lotte_tags_vi_en_ko_description_v2.csv, 2026-08-25) - NO per-SKU tag assignment exists yet, matched only via literal substring of the VI tag name inside product titles - needs QA/BA verification + real per-product tag data before use in a real test cycle. Real search-service tag-field boost weight = 0 (ServiceConfig_SearchService.png, 2026-08-25) - tag-dimension queries are NOT expected to rank via tag relevance."
Socola Sữa,밀크 초콜릿,tag,vi,low,"derived from dev tag taxonomy (lotte_tags_vi_en_ko_description_v2.csv, 2026-08-25) - NO per-SKU tag assignment exists yet, matched only via literal substring of the VI tag name inside product titles - needs QA/BA verification + real per-product tag data before use in a real test cycle. Real search-service tag-field boost weight = 0 (ServiceConfig_SearchService.png, 2026-08-25) - tag-dimension queries are NOT expected to rank via tag relevance."
Sáp Vuốt Tóc,Hair Wax,tag,vi,low,"derived from dev tag taxonomy (lotte_tags_vi_en_ko_description_v2.csv, 2026-08-25) - NO per-SKU tag assignment exists yet, matched only via literal substring of the VI tag name inside product titles - needs QA/BA verification + real per-product tag data before use in a real test cycle. Real search-service tag-field boost weight = 0 (ServiceConfig_SearchService.png, 2026-08-25) - tag-dimension queries are NOT expected to rank via tag relevance."
Sáp Vuốt Tóc,헤어 왁스,tag,vi,low,"derived from dev tag taxonomy (lotte_tags_vi_en_ko_description_v2.csv, 2026-08-25) - NO per-SKU tag assignment exists yet, matched only via literal substring of the VI tag name inside product titles - needs QA/BA verification + real per-product tag data before use in a real test cycle. Real search-service tag-field boost weight = 0 (ServiceConfig_SearchService.png, 2026-08-25) - tag-dimension queries are NOT expected to rank via tag relevance."
Kẹo Ngậm,Lozenges,tag,vi,low,"derived from dev tag taxonomy (lotte_tags_vi_en_ko_description_v2.csv, 2026-08-25) - NO per-SKU tag assignment exists yet, matched only via literal substring of the VI tag name inside product titles - needs QA/BA verification + real per-product tag data before use in a real test cycle. Real search-service tag-field boost weight = 0 (ServiceConfig_SearchService.png, 2026-08-25) - tag-dimension queries are NOT expected to rank via tag relevance."
Kẹo Ngậm,캔디·목캔디,tag,vi,low,"derived from dev tag taxonomy (lotte_tags_vi_en_ko_description_v2.csv, 2026-08-25) - NO per-SKU tag assignment exists yet, matched only via literal substring of the VI tag name inside product titles - needs QA/BA verification + real per-product tag data before use in a real test cycle. Real search-service tag-field boost weight = 0 (ServiceConfig_SearchService.png, 2026-08-25) - tag-dimension queries are NOT expected to rank via tag relevance."
Nấm Tươi,Fresh Mushrooms,tag,vi,low,"derived from dev tag taxonomy (lotte_tags_vi_en_ko_description_v2.csv, 2026-08-25) - NO per-SKU tag assignment exists yet, matched only via literal substring of the VI tag name inside product titles - needs QA/BA verification + real per-product tag data before use in a real test cycle. Real search-service tag-field boost weight = 0 (ServiceConfig_SearchService.png, 2026-08-25) - tag-dimension queries are NOT expected to rank via tag relevance."
Nấm Tươi,신선 버섯,tag,vi,low,"derived from dev tag taxonomy (lotte_tags_vi_en_ko_description_v2.csv, 2026-08-25) - NO per-SKU tag assignment exists yet, matched only via literal substring of the VI tag name inside product titles - needs QA/BA verification + real per-product tag data before use in a real test cycle. Real search-service tag-field boost weight = 0 (ServiceConfig_SearchService.png, 2026-08-25) - tag-dimension queries are NOT expected to rank via tag relevance."
Nhân Thịt,Meat Filling,tag,vi,low,"derived from dev tag taxonomy (lotte_tags_vi_en_ko_description_v2.csv, 2026-08-25) - NO per-SKU tag assignment exists yet, matched only via literal substring of the VI tag name inside product titles - needs QA/BA verification + real per-product tag data before use in a real test cycle. Real search-service tag-field boost weight = 0 (ServiceConfig_SearchService.png, 2026-08-25) - tag-dimension queries are NOT expected to rank via tag relevance."
Nhân Thịt,고기 소,tag,vi,low,"derived from dev tag taxonomy (lotte_tags_vi_en_ko_description_v2.csv, 2026-08-25) - NO per-SKU tag assignment exists yet, matched only via literal substring of the VI tag name inside product titles - needs QA/BA verification + real per-product tag data before use in a real test cycle. Real search-service tag-field boost weight = 0 (ServiceConfig_SearchService.png, 2026-08-25) - tag-dimension queries are NOT expected to rank via tag relevance."
Táo Tươi,Fresh Apples,tag,vi,low,"derived from dev tag taxonomy (lotte_tags_vi_en_ko_description_v2.csv, 2026-08-25) - NO per-SKU tag assignment exists yet, matched only via literal substring of the VI tag name inside product titles - needs QA/BA verification + real per-product tag data before use in a real test cycle. Real search-service tag-field boost weight = 0 (ServiceConfig_SearchService.png, 2026-08-25) - tag-dimension queries are NOT expected to rank via tag relevance."
Táo Tươi,신선 사과,tag,vi,low,"derived from dev tag taxonomy (lotte_tags_vi_en_ko_description_v2.csv, 2026-08-25) - NO per-SKU tag assignment exists yet, matched only via literal substring of the VI tag name inside product titles - needs QA/BA verification + real per-product tag data before use in a real test cycle. Real search-service tag-field boost weight = 0 (ServiceConfig_SearchService.png, 2026-08-25) - tag-dimension queries are NOT expected to rank via tag relevance."
Mì Xào,Stir-Fried Noodles,tag,vi,low,"derived from dev tag taxonomy (lotte_tags_vi_en_ko_description_v2.csv, 2026-08-25) - NO per-SKU tag assignment exists yet, matched only via literal substring of the VI tag name inside product titles - needs QA/BA verification + real per-product tag data before use in a real test cycle. Real search-service tag-field boost weight = 0 (ServiceConfig_SearchService.png, 2026-08-25) - tag-dimension queries are NOT expected to rank via tag relevance."
Mì Xào,볶음면,tag,vi,low,"derived from dev tag taxonomy (lotte_tags_vi_en_ko_description_v2.csv, 2026-08-25) - NO per-SKU tag assignment exists yet, matched only via literal substring of the VI tag name inside product titles - needs QA/BA verification + real per-product tag data before use in a real test cycle. Real search-service tag-field boost weight = 0 (ServiceConfig_SearchService.png, 2026-08-25) - tag-dimension queries are NOT expected to rank via tag relevance."
Vitamin C,Vitamin C,tag,vi,low,"derived from dev tag taxonomy (lotte_tags_vi_en_ko_description_v2.csv, 2026-08-25) - NO per-SKU tag assignment exists yet, matched only via literal substring of the VI tag name inside product titles - needs QA/BA verification + real per-product tag data before use in a real test cycle. Real search-service tag-field boost weight = 0 (ServiceConfig_SearchService.png, 2026-08-25) - tag-dimension queries are NOT expected to rank via tag relevance."
Vitamin C,비타민 C,tag,vi,low,"derived from dev tag taxonomy (lotte_tags_vi_en_ko_description_v2.csv, 2026-08-25) - NO per-SKU tag assignment exists yet, matched only via literal substring of the VI tag name inside product titles - needs QA/BA verification + real per-product tag data before use in a real test cycle. Real search-service tag-field boost weight = 0 (ServiceConfig_SearchService.png, 2026-08-25) - tag-dimension queries are NOT expected to rank via tag relevance."
Thảo Dược,Herbal,tag,vi,low,"derived from dev tag taxonomy (lotte_tags_vi_en_ko_description_v2.csv, 2026-08-25) - NO per-SKU tag assignment exists yet, matched only via literal substring of the VI tag name inside product titles - needs QA/BA verification + real per-product tag data before use in a real test cycle. Real search-service tag-field boost weight = 0 (ServiceConfig_SearchService.png, 2026-08-25) - tag-dimension queries are NOT expected to rank via tag relevance."
Thảo Dược,약초 성분,tag,vi,low,"derived from dev tag taxonomy (lotte_tags_vi_en_ko_description_v2.csv, 2026-08-25) - NO per-SKU tag assignment exists yet, matched only via literal substring of the VI tag name inside product titles - needs QA/BA verification + real per-product tag data before use in a real test cycle. Real search-service tag-field boost weight = 0 (ServiceConfig_SearchService.png, 2026-08-25) - tag-dimension queries are NOT expected to rank via tag relevance."
Bánh Mochi,Mochi,tag,vi,low,"derived from dev tag taxonomy (lotte_tags_vi_en_ko_description_v2.csv, 2026-08-25) - NO per-SKU tag assignment exists yet, matched only via literal substring of the VI tag name inside product titles - needs QA/BA verification + real per-product tag data before use in a real test cycle. Real search-service tag-field boost weight = 0 (ServiceConfig_SearchService.png, 2026-08-25) - tag-dimension queries are NOT expected to rank via tag relevance."
Bánh Mochi,모찌,tag,vi,low,"derived from dev tag taxonomy (lotte_tags_vi_en_ko_description_v2.csv, 2026-08-25) - NO per-SKU tag assignment exists yet, matched only via literal substring of the VI tag name inside product titles - needs QA/BA verification + real per-product tag data before use in a real test cycle. Real search-service tag-field boost weight = 0 (ServiceConfig_SearchService.png, 2026-08-25) - tag-dimension queries are NOT expected to rank via tag relevance."
Thịt Khô,Dried Meat,tag,vi,low,"derived from dev tag taxonomy (lotte_tags_vi_en_ko_description_v2.csv, 2026-08-25) - NO per-SKU tag assignment exists yet, matched only via literal substring of the VI tag name inside product titles - needs QA/BA verification + real per-product tag data before use in a real test cycle. Real search-service tag-field boost weight = 0 (ServiceConfig_SearchService.png, 2026-08-25) - tag-dimension queries are NOT expected to rank via tag relevance."
Thịt Khô,육포,tag,vi,low,"derived from dev tag taxonomy (lotte_tags_vi_en_ko_description_v2.csv, 2026-08-25) - NO per-SKU tag assignment exists yet, matched only via literal substring of the VI tag name inside product titles - needs QA/BA verification + real per-product tag data before use in a real test cycle. Real search-service tag-field boost weight = 0 (ServiceConfig_SearchService.png, 2026-08-25) - tag-dimension queries are NOT expected to rank via tag relevance."
Thể Thao,Sports,tag,vi,low,"derived from dev tag taxonomy (lotte_tags_vi_en_ko_description_v2.csv, 2026-08-25) - NO per-SKU tag assignment exists yet, matched only via literal substring of the VI tag name inside product titles - needs QA/BA verification + real per-product tag data before use in a real test cycle. Real search-service tag-field boost weight = 0 (ServiceConfig_SearchService.png, 2026-08-25) - tag-dimension queries are NOT expected to rank via tag relevance."
Thể Thao,스포츠,tag,vi,low,"derived from dev tag taxonomy (lotte_tags_vi_en_ko_description_v2.csv, 2026-08-25) - NO per-SKU tag assignment exists yet, matched only via literal substring of the VI tag name inside product titles - needs QA/BA verification + real per-product tag data before use in a real test cycle. Real search-service tag-field boost weight = 0 (ServiceConfig_SearchService.png, 2026-08-25) - tag-dimension queries are NOT expected to rank via tag relevance."
Doraemon,Doraemon,tag,vi,low,"derived from dev tag taxonomy (lotte_tags_vi_en_ko_description_v2.csv, 2026-08-25) - NO per-SKU tag assignment exists yet, matched only via literal substring of the VI tag name inside product titles - needs QA/BA verification + real per-product tag data before use in a real test cycle. Real search-service tag-field boost weight = 0 (ServiceConfig_SearchService.png, 2026-08-25) - tag-dimension queries are NOT expected to rank via tag relevance."
Doraemon,도라에몽,tag,vi,low,"derived from dev tag taxonomy (lotte_tags_vi_en_ko_description_v2.csv, 2026-08-25) - NO per-SKU tag assignment exists yet, matched only via literal substring of the VI tag name inside product titles - needs QA/BA verification + real per-product tag data before use in a real test cycle. Real search-service tag-field boost weight = 0 (ServiceConfig_SearchService.png, 2026-08-25) - tag-dimension queries are NOT expected to rank via tag relevance."
Thảo Mộc,Herbs,tag,vi,low,"derived from dev tag taxonomy (lotte_tags_vi_en_ko_description_v2.csv, 2026-08-25) - NO per-SKU tag assignment exists yet, matched only via literal substring of the VI tag name inside product titles - needs QA/BA verification + real per-product tag data before use in a real test cycle. Real search-service tag-field boost weight = 0 (ServiceConfig_SearchService.png, 2026-08-25) - tag-dimension queries are NOT expected to rank via tag relevance."
Thảo Mộc,허브,tag,vi,low,"derived from dev tag taxonomy (lotte_tags_vi_en_ko_description_v2.csv, 2026-08-25) - NO per-SKU tag assignment exists yet, matched only via literal substring of the VI tag name inside product titles - needs QA/BA verification + real per-product tag data before use in a real test cycle. Real search-service tag-field boost weight = 0 (ServiceConfig_SearchService.png, 2026-08-25) - tag-dimension queries are NOT expected to rank via tag relevance."
Lẩu Tại Nhà,Home Hot Pot,tag,vi,low,"derived from dev tag taxonomy (lotte_tags_vi_en_ko_description_v2.csv, 2026-08-25) - NO per-SKU tag assignment exists yet, matched only via literal substring of the VI tag name inside product titles - needs QA/BA verification + real per-product tag data before use in a real test cycle. Real search-service tag-field boost weight = 0 (ServiceConfig_SearchService.png, 2026-08-25) - tag-dimension queries are NOT expected to rank via tag relevance."
Lẩu Tại Nhà,홈 훠궈·전골,tag,vi,low,"derived from dev tag taxonomy (lotte_tags_vi_en_ko_description_v2.csv, 2026-08-25) - NO per-SKU tag assignment exists yet, matched only via literal substring of the VI tag name inside product titles - needs QA/BA verification + real per-product tag data before use in a real test cycle. Real search-service tag-field boost weight = 0 (ServiceConfig_SearchService.png, 2026-08-25) - tag-dimension queries are NOT expected to rank via tag relevance."
Hộp Quà,Gift Box,tag,vi,low,"derived from dev tag taxonomy (lotte_tags_vi_en_ko_description_v2.csv, 2026-08-25) - NO per-SKU tag assignment exists yet, matched only via literal substring of the VI tag name inside product titles - needs QA/BA verification + real per-product tag data before use in a real test cycle. Real search-service tag-field boost weight = 0 (ServiceConfig_SearchService.png, 2026-08-25) - tag-dimension queries are NOT expected to rank via tag relevance."
Hộp Quà,선물 상자,tag,vi,low,"derived from dev tag taxonomy (lotte_tags_vi_en_ko_description_v2.csv, 2026-08-25) - NO per-SKU tag assignment exists yet, matched only via literal substring of the VI tag name inside product titles - needs QA/BA verification + real per-product tag data before use in a real test cycle. Real search-service tag-field boost weight = 0 (ServiceConfig_SearchService.png, 2026-08-25) - tag-dimension queries are NOT expected to rank via tag relevance."
Muối Ớt,Chili Salt,tag,vi,low,"derived from dev tag taxonomy (lotte_tags_vi_en_ko_description_v2.csv, 2026-08-25) - NO per-SKU tag assignment exists yet, matched only via literal substring of the VI tag name inside product titles - needs QA/BA verification + real per-product tag data before use in a real test cycle. Real search-service tag-field boost weight = 0 (ServiceConfig_SearchService.png, 2026-08-25) - tag-dimension queries are NOT expected to rank via tag relevance."
Muối Ớt,칠리 소금,tag,vi,low,"derived from dev tag taxonomy (lotte_tags_vi_en_ko_description_v2.csv, 2026-08-25) - NO per-SKU tag assignment exists yet, matched only via literal substring of the VI tag name inside product titles - needs QA/BA verification + real per-product tag data before use in a real test cycle. Real search-service tag-field boost weight = 0 (ServiceConfig_SearchService.png, 2026-08-25) - tag-dimension queries are NOT expected to rank via tag relevance."
Đài Loan,Taiwan,tag,vi,low,"derived from dev tag taxonomy (lotte_tags_vi_en_ko_description_v2.csv, 2026-08-25) - NO per-SKU tag assignment exists yet, matched only via literal substring of the VI tag name inside product titles - needs QA/BA verification + real per-product tag data before use in a real test cycle. Real search-service tag-field boost weight = 0 (ServiceConfig_SearchService.png, 2026-08-25) - tag-dimension queries are NOT expected to rank via tag relevance."
Đài Loan,대만,tag,vi,low,"derived from dev tag taxonomy (lotte_tags_vi_en_ko_description_v2.csv, 2026-08-25) - NO per-SKU tag assignment exists yet, matched only via literal substring of the VI tag name inside product titles - needs QA/BA verification + real per-product tag data before use in a real test cycle. Real search-service tag-field boost weight = 0 (ServiceConfig_SearchService.png, 2026-08-25) - tag-dimension queries are NOT expected to rank via tag relevance."
Ruột Gối,Pillow Insert,tag,vi,low,"derived from dev tag taxonomy (lotte_tags_vi_en_ko_description_v2.csv, 2026-08-25) - NO per-SKU tag assignment exists yet, matched only via literal substring of the VI tag name inside product titles - needs QA/BA verification + real per-product tag data before use in a real test cycle. Real search-service tag-field boost weight = 0 (ServiceConfig_SearchService.png, 2026-08-25) - tag-dimension queries are NOT expected to rank via tag relevance."
Ruột Gối,베개 속통,tag,vi,low,"derived from dev tag taxonomy (lotte_tags_vi_en_ko_description_v2.csv, 2026-08-25) - NO per-SKU tag assignment exists yet, matched only via literal substring of the VI tag name inside product titles - needs QA/BA verification + real per-product tag data before use in a real test cycle. Real search-service tag-field boost weight = 0 (ServiceConfig_SearchService.png, 2026-08-25) - tag-dimension queries are NOT expected to rank via tag relevance."
Ly Nhựa,Plastic Cup,tag,vi,low,"derived from dev tag taxonomy (lotte_tags_vi_en_ko_description_v2.csv, 2026-08-25) - NO per-SKU tag assignment exists yet, matched only via literal substring of the VI tag name inside product titles - needs QA/BA verification + real per-product tag data before use in a real test cycle. Real search-service tag-field boost weight = 0 (ServiceConfig_SearchService.png, 2026-08-25) - tag-dimension queries are NOT expected to rank via tag relevance."
Ly Nhựa,플라스틱 컵,tag,vi,low,"derived from dev tag taxonomy (lotte_tags_vi_en_ko_description_v2.csv, 2026-08-25) - NO per-SKU tag assignment exists yet, matched only via literal substring of the VI tag name inside product titles - needs QA/BA verification + real per-product tag data before use in a real test cycle. Real search-service tag-field boost weight = 0 (ServiceConfig_SearchService.png, 2026-08-25) - tag-dimension queries are NOT expected to rank via tag relevance."
Đậu Hũ,Tofu,tag,vi,low,"derived from dev tag taxonomy (lotte_tags_vi_en_ko_description_v2.csv, 2026-08-25) - NO per-SKU tag assignment exists yet, matched only via literal substring of the VI tag name inside product titles - needs QA/BA verification + real per-product tag data before use in a real test cycle. Real search-service tag-field boost weight = 0 (ServiceConfig_SearchService.png, 2026-08-25) - tag-dimension queries are NOT expected to rank via tag relevance."
Đậu Hũ,두부,tag,vi,low,"derived from dev tag taxonomy (lotte_tags_vi_en_ko_description_v2.csv, 2026-08-25) - NO per-SKU tag assignment exists yet, matched only via literal substring of the VI tag name inside product titles - needs QA/BA verification + real per-product tag data before use in a real test cycle. Real search-service tag-field boost weight = 0 (ServiceConfig_SearchService.png, 2026-08-25) - tag-dimension queries are NOT expected to rank via tag relevance."
Viên Giặt,Laundry Detergent Pods,tag,vi,low,"derived from dev tag taxonomy (lotte_tags_vi_en_ko_description_v2.csv, 2026-08-25) - NO per-SKU tag assignment exists yet, matched only via literal substring of the VI tag name inside product titles - needs QA/BA verification + real per-product tag data before use in a real test cycle. Real search-service tag-field boost weight = 0 (ServiceConfig_SearchService.png, 2026-08-25) - tag-dimension queries are NOT expected to rank via tag relevance."
Viên Giặt,세탁 캡슐,tag,vi,low,"derived from dev tag taxonomy (lotte_tags_vi_en_ko_description_v2.csv, 2026-08-25) - NO per-SKU tag assignment exists yet, matched only via literal substring of the VI tag name inside product titles - needs QA/BA verification + real per-product tag data before use in a real test cycle. Real search-service tag-field boost weight = 0 (ServiceConfig_SearchService.png, 2026-08-25) - tag-dimension queries are NOT expected to rank via tag relevance."
Đồ Lót,Underwear,tag,vi,low,"derived from dev tag taxonomy (lotte_tags_vi_en_ko_description_v2.csv, 2026-08-25) - NO per-SKU tag assignment exists yet, matched only via literal substring of the VI tag name inside product titles - needs QA/BA verification + real per-product tag data before use in a real test cycle. Real search-service tag-field boost weight = 0 (ServiceConfig_SearchService.png, 2026-08-25) - tag-dimension queries are NOT expected to rank via tag relevance."
Đồ Lót,속옷,tag,vi,low,"derived from dev tag taxonomy (lotte_tags_vi_en_ko_description_v2.csv, 2026-08-25) - NO per-SKU tag assignment exists yet, matched only via literal substring of the VI tag name inside product titles - needs QA/BA verification + real per-product tag data before use in a real test cycle. Real search-service tag-field boost weight = 0 (ServiceConfig_SearchService.png, 2026-08-25) - tag-dimension queries are NOT expected to rank via tag relevance."
Xà Lách,Lettuce,tag,vi,low,"derived from dev tag taxonomy (lotte_tags_vi_en_ko_description_v2.csv, 2026-08-25) - NO per-SKU tag assignment exists yet, matched only via literal substring of the VI tag name inside product titles - needs QA/BA verification + real per-product tag data before use in a real test cycle. Real search-service tag-field boost weight = 0 (ServiceConfig_SearchService.png, 2026-08-25) - tag-dimension queries are NOT expected to rank via tag relevance."
Xà Lách,상추·양상추,tag,vi,low,"derived from dev tag taxonomy (lotte_tags_vi_en_ko_description_v2.csv, 2026-08-25) - NO per-SKU tag assignment exists yet, matched only via literal substring of the VI tag name inside product titles - needs QA/BA verification + real per-product tag data before use in a real test cycle. Real search-service tag-field boost weight = 0 (ServiceConfig_SearchService.png, 2026-08-25) - tag-dimension queries are NOT expected to rank via tag relevance."
Đậu Nành,Soybean,tag,vi,low,"derived from dev tag taxonomy (lotte_tags_vi_en_ko_description_v2.csv, 2026-08-25) - NO per-SKU tag assignment exists yet, matched only via literal substring of the VI tag name inside product titles - needs QA/BA verification + real per-product tag data before use in a real test cycle. Real search-service tag-field boost weight = 0 (ServiceConfig_SearchService.png, 2026-08-25) - tag-dimension queries are NOT expected to rank via tag relevance."
Đậu Nành,대두,tag,vi,low,"derived from dev tag taxonomy (lotte_tags_vi_en_ko_description_v2.csv, 2026-08-25) - NO per-SKU tag assignment exists yet, matched only via literal substring of the VI tag name inside product titles - needs QA/BA verification + real per-product tag data before use in a real test cycle. Real search-service tag-field boost weight = 0 (ServiceConfig_SearchService.png, 2026-08-25) - tag-dimension queries are NOT expected to rank via tag relevance."
Thủy Canh,Hydroponic,tag,vi,low,"derived from dev tag taxonomy (lotte_tags_vi_en_ko_description_v2.csv, 2026-08-25) - NO per-SKU tag assignment exists yet, matched only via literal substring of the VI tag name inside product titles - needs QA/BA verification + real per-product tag data before use in a real test cycle. Real search-service tag-field boost weight = 0 (ServiceConfig_SearchService.png, 2026-08-25) - tag-dimension queries are NOT expected to rank via tag relevance."
Thủy Canh,수경재배,tag,vi,low,"derived from dev tag taxonomy (lotte_tags_vi_en_ko_description_v2.csv, 2026-08-25) - NO per-SKU tag assignment exists yet, matched only via literal substring of the VI tag name inside product titles - needs QA/BA verification + real per-product tag data before use in a real test cycle. Real search-service tag-field boost weight = 0 (ServiceConfig_SearchService.png, 2026-08-25) - tag-dimension queries are NOT expected to rank via tag relevance."
Nấu Pasta,Pasta Cooking,tag,vi,low,"derived from dev tag taxonomy (lotte_tags_vi_en_ko_description_v2.csv, 2026-08-25) - NO per-SKU tag assignment exists yet, matched only via literal substring of the VI tag name inside product titles - needs QA/BA verification + real per-product tag data before use in a real test cycle. Real search-service tag-field boost weight = 0 (ServiceConfig_SearchService.png, 2026-08-25) - tag-dimension queries are NOT expected to rank via tag relevance."
Nấu Pasta,파스타 조리,tag,vi,low,"derived from dev tag taxonomy (lotte_tags_vi_en_ko_description_v2.csv, 2026-08-25) - NO per-SKU tag assignment exists yet, matched only via literal substring of the VI tag name inside product titles - needs QA/BA verification + real per-product tag data before use in a real test cycle. Real search-service tag-field boost weight = 0 (ServiceConfig_SearchService.png, 2026-08-25) - tag-dimension queries are NOT expected to rank via tag relevance."
Trà Sữa,Milk Tea,tag,vi,low,"derived from dev tag taxonomy (lotte_tags_vi_en_ko_description_v2.csv, 2026-08-25) - NO per-SKU tag assignment exists yet, matched only via literal substring of the VI tag name inside product titles - needs QA/BA verification + real per-product tag data before use in a real test cycle. Real search-service tag-field boost weight = 0 (ServiceConfig_SearchService.png, 2026-08-25) - tag-dimension queries are NOT expected to rank via tag relevance."
Trà Sữa,밀크티,tag,vi,low,"derived from dev tag taxonomy (lotte_tags_vi_en_ko_description_v2.csv, 2026-08-25) - NO per-SKU tag assignment exists yet, matched only via literal substring of the VI tag name inside product titles - needs QA/BA verification + real per-product tag data before use in a real test cycle. Real search-service tag-field boost weight = 0 (ServiceConfig_SearchService.png, 2026-08-25) - tag-dimension queries are NOT expected to rank via tag relevance."
Hạnh Nhân,Almond,tag,vi,low,"derived from dev tag taxonomy (lotte_tags_vi_en_ko_description_v2.csv, 2026-08-25) - NO per-SKU tag assignment exists yet, matched only via literal substring of the VI tag name inside product titles - needs QA/BA verification + real per-product tag data before use in a real test cycle. Real search-service tag-field boost weight = 0 (ServiceConfig_SearchService.png, 2026-08-25) - tag-dimension queries are NOT expected to rank via tag relevance."
Hạnh Nhân,아몬드,tag,vi,low,"derived from dev tag taxonomy (lotte_tags_vi_en_ko_description_v2.csv, 2026-08-25) - NO per-SKU tag assignment exists yet, matched only via literal substring of the VI tag name inside product titles - needs QA/BA verification + real per-product tag data before use in a real test cycle. Real search-service tag-field boost weight = 0 (ServiceConfig_SearchService.png, 2026-08-25) - tag-dimension queries are NOT expected to rank via tag relevance."
Đuổi Muỗi,Mosquito Repellent,tag,vi,low,"derived from dev tag taxonomy (lotte_tags_vi_en_ko_description_v2.csv, 2026-08-25) - NO per-SKU tag assignment exists yet, matched only via literal substring of the VI tag name inside product titles - needs QA/BA verification + real per-product tag data before use in a real test cycle. Real search-service tag-field boost weight = 0 (ServiceConfig_SearchService.png, 2026-08-25) - tag-dimension queries are NOT expected to rank via tag relevance."
Đuổi Muỗi,모기 기피,tag,vi,low,"derived from dev tag taxonomy (lotte_tags_vi_en_ko_description_v2.csv, 2026-08-25) - NO per-SKU tag assignment exists yet, matched only via literal substring of the VI tag name inside product titles - needs QA/BA verification + real per-product tag data before use in a real test cycle. Real search-service tag-field boost weight = 0 (ServiceConfig_SearchService.png, 2026-08-25) - tag-dimension queries are NOT expected to rank via tag relevance."
Kẹo Mút,Lollipop,tag,vi,low,"derived from dev tag taxonomy (lotte_tags_vi_en_ko_description_v2.csv, 2026-08-25) - NO per-SKU tag assignment exists yet, matched only via literal substring of the VI tag name inside product titles - needs QA/BA verification + real per-product tag data before use in a real test cycle. Real search-service tag-field boost weight = 0 (ServiceConfig_SearchService.png, 2026-08-25) - tag-dimension queries are NOT expected to rank via tag relevance."
Kẹo Mút,막대사탕,tag,vi,low,"derived from dev tag taxonomy (lotte_tags_vi_en_ko_description_v2.csv, 2026-08-25) - NO per-SKU tag assignment exists yet, matched only via literal substring of the VI tag name inside product titles - needs QA/BA verification + real per-product tag data before use in a real test cycle. Real search-service tag-field boost weight = 0 (ServiceConfig_SearchService.png, 2026-08-25) - tag-dimension queries are NOT expected to rank via tag relevance."
Gà Chiên,Fried Chicken,tag,vi,low,"derived from dev tag taxonomy (lotte_tags_vi_en_ko_description_v2.csv, 2026-08-25) - NO per-SKU tag assignment exists yet, matched only via literal substring of the VI tag name inside product titles - needs QA/BA verification + real per-product tag data before use in a real test cycle. Real search-service tag-field boost weight = 0 (ServiceConfig_SearchService.png, 2026-08-25) - tag-dimension queries are NOT expected to rank via tag relevance."
Gà Chiên,치킨,tag,vi,low,"derived from dev tag taxonomy (lotte_tags_vi_en_ko_description_v2.csv, 2026-08-25) - NO per-SKU tag assignment exists yet, matched only via literal substring of the VI tag name inside product titles - needs QA/BA verification + real per-product tag data before use in a real test cycle. Real search-service tag-field boost weight = 0 (ServiceConfig_SearchService.png, 2026-08-25) - tag-dimension queries are NOT expected to rank via tag relevance."
Socola Thanh,Chocolate Bar,tag,vi,low,"derived from dev tag taxonomy (lotte_tags_vi_en_ko_description_v2.csv, 2026-08-25) - NO per-SKU tag assignment exists yet, matched only via literal substring of the VI tag name inside product titles - needs QA/BA verification + real per-product tag data before use in a real test cycle. Real search-service tag-field boost weight = 0 (ServiceConfig_SearchService.png, 2026-08-25) - tag-dimension queries are NOT expected to rank via tag relevance."
Socola Thanh,초콜릿 바,tag,vi,low,"derived from dev tag taxonomy (lotte_tags_vi_en_ko_description_v2.csv, 2026-08-25) - NO per-SKU tag assignment exists yet, matched only via literal substring of the VI tag name inside product titles - needs QA/BA verification + real per-product tag data before use in a real test cycle. Real search-service tag-field boost weight = 0 (ServiceConfig_SearchService.png, 2026-08-25) - tag-dimension queries are NOT expected to rank via tag relevance."
Thớt,Cutting Board,tag,vi,low,"derived from dev tag taxonomy (lotte_tags_vi_en_ko_description_v2.csv, 2026-08-25) - NO per-SKU tag assignment exists yet, matched only via literal substring of the VI tag name inside product titles - needs QA/BA verification + real per-product tag data before use in a real test cycle. Real search-service tag-field boost weight = 0 (ServiceConfig_SearchService.png, 2026-08-25) - tag-dimension queries are NOT expected to rank via tag relevance."
Thớt,도마,tag,vi,low,"derived from dev tag taxonomy (lotte_tags_vi_en_ko_description_v2.csv, 2026-08-25) - NO per-SKU tag assignment exists yet, matched only via literal substring of the VI tag name inside product titles - needs QA/BA verification + real per-product tag data before use in a real test cycle. Real search-service tag-field boost weight = 0 (ServiceConfig_SearchService.png, 2026-08-25) - tag-dimension queries are NOT expected to rank via tag relevance."
Túi Rác,Trash Bags,tag,vi,low,"derived from dev tag taxonomy (lotte_tags_vi_en_ko_description_v2.csv, 2026-08-25) - NO per-SKU tag assignment exists yet, matched only via literal substring of the VI tag name inside product titles - needs QA/BA verification + real per-product tag data before use in a real test cycle. Real search-service tag-field boost weight = 0 (ServiceConfig_SearchService.png, 2026-08-25) - tag-dimension queries are NOT expected to rank via tag relevance."
Túi Rác,쓰레기봉투,tag,vi,low,"derived from dev tag taxonomy (lotte_tags_vi_en_ko_description_v2.csv, 2026-08-25) - NO per-SKU tag assignment exists yet, matched only via literal substring of the VI tag name inside product titles - needs QA/BA verification + real per-product tag data before use in a real test cycle. Real search-service tag-field boost weight = 0 (ServiceConfig_SearchService.png, 2026-08-25) - tag-dimension queries are NOT expected to rank via tag relevance."
Gạo Lứt,Brown Rice,tag,vi,low,"derived from dev tag taxonomy (lotte_tags_vi_en_ko_description_v2.csv, 2026-08-25) - NO per-SKU tag assignment exists yet, matched only via literal substring of the VI tag name inside product titles - needs QA/BA verification + real per-product tag data before use in a real test cycle. Real search-service tag-field boost weight = 0 (ServiceConfig_SearchService.png, 2026-08-25) - tag-dimension queries are NOT expected to rank via tag relevance."
Gạo Lứt,현미,tag,vi,low,"derived from dev tag taxonomy (lotte_tags_vi_en_ko_description_v2.csv, 2026-08-25) - NO per-SKU tag assignment exists yet, matched only via literal substring of the VI tag name inside product titles - needs QA/BA verification + real per-product tag data before use in a real test cycle. Real search-service tag-field boost weight = 0 (ServiceConfig_SearchService.png, 2026-08-25) - tag-dimension queries are NOT expected to rank via tag relevance."
Sữa Đặc,Condensed Milk,tag,vi,low,"derived from dev tag taxonomy (lotte_tags_vi_en_ko_description_v2.csv, 2026-08-25) - NO per-SKU tag assignment exists yet, matched only via literal substring of the VI tag name inside product titles - needs QA/BA verification + real per-product tag data before use in a real test cycle. Real search-service tag-field boost weight = 0 (ServiceConfig_SearchService.png, 2026-08-25) - tag-dimension queries are NOT expected to rank via tag relevance."
Sữa Đặc,연유,tag,vi,low,"derived from dev tag taxonomy (lotte_tags_vi_en_ko_description_v2.csv, 2026-08-25) - NO per-SKU tag assignment exists yet, matched only via literal substring of the VI tag name inside product titles - needs QA/BA verification + real per-product tag data before use in a real test cycle. Real search-service tag-field boost weight = 0 (ServiceConfig_SearchService.png, 2026-08-25) - tag-dimension queries are NOT expected to rank via tag relevance."
Socola Đắng,Dark Chocolate,tag,vi,low,"derived from dev tag taxonomy (lotte_tags_vi_en_ko_description_v2.csv, 2026-08-25) - NO per-SKU tag assignment exists yet, matched only via literal substring of the VI tag name inside product titles - needs QA/BA verification + real per-product tag data before use in a real test cycle. Real search-service tag-field boost weight = 0 (ServiceConfig_SearchService.png, 2026-08-25) - tag-dimension queries are NOT expected to rank via tag relevance."
Socola Đắng,다크 초콜릿,tag,vi,low,"derived from dev tag taxonomy (lotte_tags_vi_en_ko_description_v2.csv, 2026-08-25) - NO per-SKU tag assignment exists yet, matched only via literal substring of the VI tag name inside product titles - needs QA/BA verification + real per-product tag data before use in a real test cycle. Real search-service tag-field boost weight = 0 (ServiceConfig_SearchService.png, 2026-08-25) - tag-dimension queries are NOT expected to rank via tag relevance."
Cháo Tươi,Fresh Porridge,tag,vi,low,"derived from dev tag taxonomy (lotte_tags_vi_en_ko_description_v2.csv, 2026-08-25) - NO per-SKU tag assignment exists yet, matched only via literal substring of the VI tag name inside product titles - needs QA/BA verification + real per-product tag data before use in a real test cycle. Real search-service tag-field boost weight = 0 (ServiceConfig_SearchService.png, 2026-08-25) - tag-dimension queries are NOT expected to rank via tag relevance."
Cháo Tươi,신선 죽,tag,vi,low,"derived from dev tag taxonomy (lotte_tags_vi_en_ko_description_v2.csv, 2026-08-25) - NO per-SKU tag assignment exists yet, matched only via literal substring of the VI tag name inside product titles - needs QA/BA verification + real per-product tag data before use in a real test cycle. Real search-service tag-field boost weight = 0 (ServiceConfig_SearchService.png, 2026-08-25) - tag-dimension queries are NOT expected to rank via tag relevance."
Cà Phê Sữa,Milk Coffee,tag,vi,low,"derived from dev tag taxonomy (lotte_tags_vi_en_ko_description_v2.csv, 2026-08-25) - NO per-SKU tag assignment exists yet, matched only via literal substring of the VI tag name inside product titles - needs QA/BA verification + real per-product tag data before use in a real test cycle. Real search-service tag-field boost weight = 0 (ServiceConfig_SearchService.png, 2026-08-25) - tag-dimension queries are NOT expected to rank via tag relevance."
Cà Phê Sữa,밀크 커피,tag,vi,low,"derived from dev tag taxonomy (lotte_tags_vi_en_ko_description_v2.csv, 2026-08-25) - NO per-SKU tag assignment exists yet, matched only via literal substring of the VI tag name inside product titles - needs QA/BA verification + real per-product tag data before use in a real test cycle. Real search-service tag-field boost weight = 0 (ServiceConfig_SearchService.png, 2026-08-25) - tag-dimension queries are NOT expected to rank via tag relevance."
Cà Phê Bột,Ground Coffee,tag,vi,low,"derived from dev tag taxonomy (lotte_tags_vi_en_ko_description_v2.csv, 2026-08-25) - NO per-SKU tag assignment exists yet, matched only via literal substring of the VI tag name inside product titles - needs QA/BA verification + real per-product tag data before use in a real test cycle. Real search-service tag-field boost weight = 0 (ServiceConfig_SearchService.png, 2026-08-25) - tag-dimension queries are NOT expected to rank via tag relevance."
Cà Phê Bột,분쇄 커피,tag,vi,low,"derived from dev tag taxonomy (lotte_tags_vi_en_ko_description_v2.csv, 2026-08-25) - NO per-SKU tag assignment exists yet, matched only via literal substring of the VI tag name inside product titles - needs QA/BA verification + real per-product tag data before use in a real test cycle. Real search-service tag-field boost weight = 0 (ServiceConfig_SearchService.png, 2026-08-25) - tag-dimension queries are NOT expected to rank via tag relevance."
Vang Trắng,White Wine,tag,vi,low,"derived from dev tag taxonomy (lotte_tags_vi_en_ko_description_v2.csv, 2026-08-25) - NO per-SKU tag assignment exists yet, matched only via literal substring of the VI tag name inside product titles - needs QA/BA verification + real per-product tag data before use in a real test cycle. Real search-service tag-field boost weight = 0 (ServiceConfig_SearchService.png, 2026-08-25) - tag-dimension queries are NOT expected to rank via tag relevance."
Vang Trắng,화이트 와인,tag,vi,low,"derived from dev tag taxonomy (lotte_tags_vi_en_ko_description_v2.csv, 2026-08-25) - NO per-SKU tag assignment exists yet, matched only via literal substring of the VI tag name inside product titles - needs QA/BA verification + real per-product tag data before use in a real test cycle. Real search-service tag-field boost weight = 0 (ServiceConfig_SearchService.png, 2026-08-25) - tag-dimension queries are NOT expected to rank via tag relevance."
Thịt Nguội,Cold Cuts,tag,vi,low,"derived from dev tag taxonomy (lotte_tags_vi_en_ko_description_v2.csv, 2026-08-25) - NO per-SKU tag assignment exists yet, matched only via literal substring of the VI tag name inside product titles - needs QA/BA verification + real per-product tag data before use in a real test cycle. Real search-service tag-field boost weight = 0 (ServiceConfig_SearchService.png, 2026-08-25) - tag-dimension queries are NOT expected to rank via tag relevance."
Thịt Nguội,콜드컷·햄,tag,vi,low,"derived from dev tag taxonomy (lotte_tags_vi_en_ko_description_v2.csv, 2026-08-25) - NO per-SKU tag assignment exists yet, matched only via literal substring of the VI tag name inside product titles - needs QA/BA verification + real per-product tag data before use in a real test cycle. Real search-service tag-field boost weight = 0 (ServiceConfig_SearchService.png, 2026-08-25) - tag-dimension queries are NOT expected to rank via tag relevance."
Sốt Spaghetti,Spaghetti Sauce,tag,vi,low,"derived from dev tag taxonomy (lotte_tags_vi_en_ko_description_v2.csv, 2026-08-25) - NO per-SKU tag assignment exists yet, matched only via literal substring of the VI tag name inside product titles - needs QA/BA verification + real per-product tag data before use in a real test cycle. Real search-service tag-field boost weight = 0 (ServiceConfig_SearchService.png, 2026-08-25) - tag-dimension queries are NOT expected to rank via tag relevance."
Sốt Spaghetti,스파게티 소스,tag,vi,low,"derived from dev tag taxonomy (lotte_tags_vi_en_ko_description_v2.csv, 2026-08-25) - NO per-SKU tag assignment exists yet, matched only via literal substring of the VI tag name inside product titles - needs QA/BA verification + real per-product tag data before use in a real test cycle. Real search-service tag-field boost weight = 0 (ServiceConfig_SearchService.png, 2026-08-25) - tag-dimension queries are NOT expected to rank via tag relevance."
Ngâm Muối,Salt-Brined,tag,vi,low,"derived from dev tag taxonomy (lotte_tags_vi_en_ko_description_v2.csv, 2026-08-25) - NO per-SKU tag assignment exists yet, matched only via literal substring of the VI tag name inside product titles - needs QA/BA verification + real per-product tag data before use in a real test cycle. Real search-service tag-field boost weight = 0 (ServiceConfig_SearchService.png, 2026-08-25) - tag-dimension queries are NOT expected to rank via tag relevance."
Ngâm Muối,소금 절임,tag,vi,low,"derived from dev tag taxonomy (lotte_tags_vi_en_ko_description_v2.csv, 2026-08-25) - NO per-SKU tag assignment exists yet, matched only via literal substring of the VI tag name inside product titles - needs QA/BA verification + real per-product tag data before use in a real test cycle. Real search-service tag-field boost weight = 0 (ServiceConfig_SearchService.png, 2026-08-25) - tag-dimension queries are NOT expected to rank via tag relevance."
Nấu Phở,Pho Cooking,tag,vi,low,"derived from dev tag taxonomy (lotte_tags_vi_en_ko_description_v2.csv, 2026-08-25) - NO per-SKU tag assignment exists yet, matched only via literal substring of the VI tag name inside product titles - needs QA/BA verification + real per-product tag data before use in a real test cycle. Real search-service tag-field boost weight = 0 (ServiceConfig_SearchService.png, 2026-08-25) - tag-dimension queries are NOT expected to rank via tag relevance."
Nấu Phở,쌀국수 조리,tag,vi,low,"derived from dev tag taxonomy (lotte_tags_vi_en_ko_description_v2.csv, 2026-08-25) - NO per-SKU tag assignment exists yet, matched only via literal substring of the VI tag name inside product titles - needs QA/BA verification + real per-product tag data before use in a real test cycle. Real search-service tag-field boost weight = 0 (ServiceConfig_SearchService.png, 2026-08-25) - tag-dimension queries are NOT expected to rank via tag relevance."
Kẹo Marshmallow,Marshmallow,tag,vi,low,"derived from dev tag taxonomy (lotte_tags_vi_en_ko_description_v2.csv, 2026-08-25) - NO per-SKU tag assignment exists yet, matched only via literal substring of the VI tag name inside product titles - needs QA/BA verification + real per-product tag data before use in a real test cycle. Real search-service tag-field boost weight = 0 (ServiceConfig_SearchService.png, 2026-08-25) - tag-dimension queries are NOT expected to rank via tag relevance."
Kẹo Marshmallow,마시멜로,tag,vi,low,"derived from dev tag taxonomy (lotte_tags_vi_en_ko_description_v2.csv, 2026-08-25) - NO per-SKU tag assignment exists yet, matched only via literal substring of the VI tag name inside product titles - needs QA/BA verification + real per-product tag data before use in a real test cycle. Real search-service tag-field boost weight = 0 (ServiceConfig_SearchService.png, 2026-08-25) - tag-dimension queries are NOT expected to rank via tag relevance."
Khay Đá,Ice Tray,tag,vi,low,"derived from dev tag taxonomy (lotte_tags_vi_en_ko_description_v2.csv, 2026-08-25) - NO per-SKU tag assignment exists yet, matched only via literal substring of the VI tag name inside product titles - needs QA/BA verification + real per-product tag data before use in a real test cycle. Real search-service tag-field boost weight = 0 (ServiceConfig_SearchService.png, 2026-08-25) - tag-dimension queries are NOT expected to rank via tag relevance."
Khay Đá,얼음틀,tag,vi,low,"derived from dev tag taxonomy (lotte_tags_vi_en_ko_description_v2.csv, 2026-08-25) - NO per-SKU tag assignment exists yet, matched only via literal substring of the VI tag name inside product titles - needs QA/BA verification + real per-product tag data before use in a real test cycle. Real search-service tag-field boost weight = 0 (ServiceConfig_SearchService.png, 2026-08-25) - tag-dimension queries are NOT expected to rank via tag relevance."
Phở Bò,Beef Pho,tag,vi,low,"derived from dev tag taxonomy (lotte_tags_vi_en_ko_description_v2.csv, 2026-08-25) - NO per-SKU tag assignment exists yet, matched only via literal substring of the VI tag name inside product titles - needs QA/BA verification + real per-product tag data before use in a real test cycle. Real search-service tag-field boost weight = 0 (ServiceConfig_SearchService.png, 2026-08-25) - tag-dimension queries are NOT expected to rank via tag relevance."
Phở Bò,소고기 쌀국수,tag,vi,low,"derived from dev tag taxonomy (lotte_tags_vi_en_ko_description_v2.csv, 2026-08-25) - NO per-SKU tag assignment exists yet, matched only via literal substring of the VI tag name inside product titles - needs QA/BA verification + real per-product tag data before use in a real test cycle. Real search-service tag-field boost weight = 0 (ServiceConfig_SearchService.png, 2026-08-25) - tag-dimension queries are NOT expected to rank via tag relevance."
Balo,Backpack,tag,vi,low,"derived from dev tag taxonomy (lotte_tags_vi_en_ko_description_v2.csv, 2026-08-25) - NO per-SKU tag assignment exists yet, matched only via literal substring of the VI tag name inside product titles - needs QA/BA verification + real per-product tag data before use in a real test cycle. Real search-service tag-field boost weight = 0 (ServiceConfig_SearchService.png, 2026-08-25) - tag-dimension queries are NOT expected to rank via tag relevance."
Balo,백팩,tag,vi,low,"derived from dev tag taxonomy (lotte_tags_vi_en_ko_description_v2.csv, 2026-08-25) - NO per-SKU tag assignment exists yet, matched only via literal substring of the VI tag name inside product titles - needs QA/BA verification + real per-product tag data before use in a real test cycle. Real search-service tag-field boost weight = 0 (ServiceConfig_SearchService.png, 2026-08-25) - tag-dimension queries are NOT expected to rank via tag relevance."
Dao Bếp,Kitchen Knife,tag,vi,low,"derived from dev tag taxonomy (lotte_tags_vi_en_ko_description_v2.csv, 2026-08-25) - NO per-SKU tag assignment exists yet, matched only via literal substring of the VI tag name inside product titles - needs QA/BA verification + real per-product tag data before use in a real test cycle. Real search-service tag-field boost weight = 0 (ServiceConfig_SearchService.png, 2026-08-25) - tag-dimension queries are NOT expected to rank via tag relevance."
Dao Bếp,주방 칼,tag,vi,low,"derived from dev tag taxonomy (lotte_tags_vi_en_ko_description_v2.csv, 2026-08-25) - NO per-SKU tag assignment exists yet, matched only via literal substring of the VI tag name inside product titles - needs QA/BA verification + real per-product tag data before use in a real test cycle. Real search-service tag-field boost weight = 0 (ServiceConfig_SearchService.png, 2026-08-25) - tag-dimension queries are NOT expected to rank via tag relevance."
Sốt Lẩu,Hot Pot Sauce,tag,vi,low,"derived from dev tag taxonomy (lotte_tags_vi_en_ko_description_v2.csv, 2026-08-25) - NO per-SKU tag assignment exists yet, matched only via literal substring of the VI tag name inside product titles - needs QA/BA verification + real per-product tag data before use in a real test cycle. Real search-service tag-field boost weight = 0 (ServiceConfig_SearchService.png, 2026-08-25) - tag-dimension queries are NOT expected to rank via tag relevance."
Sốt Lẩu,훠궈·전골 소스,tag,vi,low,"derived from dev tag taxonomy (lotte_tags_vi_en_ko_description_v2.csv, 2026-08-25) - NO per-SKU tag assignment exists yet, matched only via literal substring of the VI tag name inside product titles - needs QA/BA verification + real per-product tag data before use in a real test cycle. Real search-service tag-field boost weight = 0 (ServiceConfig_SearchService.png, 2026-08-25) - tag-dimension queries are NOT expected to rank via tag relevance."
Tiêu Đen,Black Pepper,tag,vi,low,"derived from dev tag taxonomy (lotte_tags_vi_en_ko_description_v2.csv, 2026-08-25) - NO per-SKU tag assignment exists yet, matched only via literal substring of the VI tag name inside product titles - needs QA/BA verification + real per-product tag data before use in a real test cycle. Real search-service tag-field boost weight = 0 (ServiceConfig_SearchService.png, 2026-08-25) - tag-dimension queries are NOT expected to rank via tag relevance."
Tiêu Đen,흑후추,tag,vi,low,"derived from dev tag taxonomy (lotte_tags_vi_en_ko_description_v2.csv, 2026-08-25) - NO per-SKU tag assignment exists yet, matched only via literal substring of the VI tag name inside product titles - needs QA/BA verification + real per-product tag data before use in a real test cycle. Real search-service tag-field boost weight = 0 (ServiceConfig_SearchService.png, 2026-08-25) - tag-dimension queries are NOT expected to rank via tag relevance."
Bánh Xếp,Dumplings,tag,vi,low,"derived from dev tag taxonomy (lotte_tags_vi_en_ko_description_v2.csv, 2026-08-25) - NO per-SKU tag assignment exists yet, matched only via literal substring of the VI tag name inside product titles - needs QA/BA verification + real per-product tag data before use in a real test cycle. Real search-service tag-field boost weight = 0 (ServiceConfig_SearchService.png, 2026-08-25) - tag-dimension queries are NOT expected to rank via tag relevance."
Bánh Xếp,만두,tag,vi,low,"derived from dev tag taxonomy (lotte_tags_vi_en_ko_description_v2.csv, 2026-08-25) - NO per-SKU tag assignment exists yet, matched only via literal substring of the VI tag name inside product titles - needs QA/BA verification + real per-product tag data before use in a real test cycle. Real search-service tag-field boost weight = 0 (ServiceConfig_SearchService.png, 2026-08-25) - tag-dimension queries are NOT expected to rank via tag relevance."
Hạt Macca,Macadamia,tag,vi,low,"derived from dev tag taxonomy (lotte_tags_vi_en_ko_description_v2.csv, 2026-08-25) - NO per-SKU tag assignment exists yet, matched only via literal substring of the VI tag name inside product titles - needs QA/BA verification + real per-product tag data before use in a real test cycle. Real search-service tag-field boost weight = 0 (ServiceConfig_SearchService.png, 2026-08-25) - tag-dimension queries are NOT expected to rank via tag relevance."
Hạt Macca,마카다미아,tag,vi,low,"derived from dev tag taxonomy (lotte_tags_vi_en_ko_description_v2.csv, 2026-08-25) - NO per-SKU tag assignment exists yet, matched only via literal substring of the VI tag name inside product titles - needs QA/BA verification + real per-product tag data before use in a real test cycle. Real search-service tag-field boost weight = 0 (ServiceConfig_SearchService.png, 2026-08-25) - tag-dimension queries are NOT expected to rank via tag relevance."
Món Kho,Braised Dishes,tag,vi,low,"derived from dev tag taxonomy (lotte_tags_vi_en_ko_description_v2.csv, 2026-08-25) - NO per-SKU tag assignment exists yet, matched only via literal substring of the VI tag name inside product titles - needs QA/BA verification + real per-product tag data before use in a real test cycle. Real search-service tag-field boost weight = 0 (ServiceConfig_SearchService.png, 2026-08-25) - tag-dimension queries are NOT expected to rank via tag relevance."
Món Kho,조림 요리,tag,vi,low,"derived from dev tag taxonomy (lotte_tags_vi_en_ko_description_v2.csv, 2026-08-25) - NO per-SKU tag assignment exists yet, matched only via literal substring of the VI tag name inside product titles - needs QA/BA verification + real per-product tag data before use in a real test cycle. Real search-service tag-field boost weight = 0 (ServiceConfig_SearchService.png, 2026-08-25) - tag-dimension queries are NOT expected to rank via tag relevance."
Thái Nguyên,Thai Nguyen,tag,vi,low,"derived from dev tag taxonomy (lotte_tags_vi_en_ko_description_v2.csv, 2026-08-25) - NO per-SKU tag assignment exists yet, matched only via literal substring of the VI tag name inside product titles - needs QA/BA verification + real per-product tag data before use in a real test cycle. Real search-service tag-field boost weight = 0 (ServiceConfig_SearchService.png, 2026-08-25) - tag-dimension queries are NOT expected to rank via tag relevance."
Thái Nguyên,타이응우옌,tag,vi,low,"derived from dev tag taxonomy (lotte_tags_vi_en_ko_description_v2.csv, 2026-08-25) - NO per-SKU tag assignment exists yet, matched only via literal substring of the VI tag name inside product titles - needs QA/BA verification + real per-product tag data before use in a real test cycle. Real search-service tag-field boost weight = 0 (ServiceConfig_SearchService.png, 2026-08-25) - tag-dimension queries are NOT expected to rank via tag relevance."
Nước Tinh Khiết,Purified Water,tag,vi,low,"derived from dev tag taxonomy (lotte_tags_vi_en_ko_description_v2.csv, 2026-08-25) - NO per-SKU tag assignment exists yet, matched only via literal substring of the VI tag name inside product titles - needs QA/BA verification + real per-product tag data before use in a real test cycle. Real search-service tag-field boost weight = 0 (ServiceConfig_SearchService.png, 2026-08-25) - tag-dimension queries are NOT expected to rank via tag relevance."
Nước Tinh Khiết,정제수,tag,vi,low,"derived from dev tag taxonomy (lotte_tags_vi_en_ko_description_v2.csv, 2026-08-25) - NO per-SKU tag assignment exists yet, matched only via literal substring of the VI tag name inside product titles - needs QA/BA verification + real per-product tag data before use in a real test cycle. Real search-service tag-field boost weight = 0 (ServiceConfig_SearchService.png, 2026-08-25) - tag-dimension queries are NOT expected to rank via tag relevance."
Mì Khô,Dried Noodles,tag,vi,low,"derived from dev tag taxonomy (lotte_tags_vi_en_ko_description_v2.csv, 2026-08-25) - NO per-SKU tag assignment exists yet, matched only via literal substring of the VI tag name inside product titles - needs QA/BA verification + real per-product tag data before use in a real test cycle. Real search-service tag-field boost weight = 0 (ServiceConfig_SearchService.png, 2026-08-25) - tag-dimension queries are NOT expected to rank via tag relevance."
Mì Khô,건면,tag,vi,low,"derived from dev tag taxonomy (lotte_tags_vi_en_ko_description_v2.csv, 2026-08-25) - NO per-SKU tag assignment exists yet, matched only via literal substring of the VI tag name inside product titles - needs QA/BA verification + real per-product tag data before use in a real test cycle. Real search-service tag-field boost weight = 0 (ServiceConfig_SearchService.png, 2026-08-25) - tag-dimension queries are NOT expected to rank via tag relevance."
Phủ Bạc,Silver-Coated,tag,vi,low,"derived from dev tag taxonomy (lotte_tags_vi_en_ko_description_v2.csv, 2026-08-25) - NO per-SKU tag assignment exists yet, matched only via literal substring of the VI tag name inside product titles - needs QA/BA verification + real per-product tag data before use in a real test cycle. Real search-service tag-field boost weight = 0 (ServiceConfig_SearchService.png, 2026-08-25) - tag-dimension queries are NOT expected to rank via tag relevance."
Phủ Bạc,은 코팅,tag,vi,low,"derived from dev tag taxonomy (lotte_tags_vi_en_ko_description_v2.csv, 2026-08-25) - NO per-SKU tag assignment exists yet, matched only via literal substring of the VI tag name inside product titles - needs QA/BA verification + real per-product tag data before use in a real test cycle. Real search-service tag-field boost weight = 0 (ServiceConfig_SearchService.png, 2026-08-25) - tag-dimension queries are NOT expected to rank via tag relevance."
Chén Sứ,Porcelain Rice Bowl,tag,vi,low,"derived from dev tag taxonomy (lotte_tags_vi_en_ko_description_v2.csv, 2026-08-25) - NO per-SKU tag assignment exists yet, matched only via literal substring of the VI tag name inside product titles - needs QA/BA verification + real per-product tag data before use in a real test cycle. Real search-service tag-field boost weight = 0 (ServiceConfig_SearchService.png, 2026-08-25) - tag-dimension queries are NOT expected to rank via tag relevance."
Chén Sứ,도자기 밥공기,tag,vi,low,"derived from dev tag taxonomy (lotte_tags_vi_en_ko_description_v2.csv, 2026-08-25) - NO per-SKU tag assignment exists yet, matched only via literal substring of the VI tag name inside product titles - needs QA/BA verification + real per-product tag data before use in a real test cycle. Real search-service tag-field boost weight = 0 (ServiceConfig_SearchService.png, 2026-08-25) - tag-dimension queries are NOT expected to rank via tag relevance."
Khô Mực,Dried Squid,tag,vi,low,"derived from dev tag taxonomy (lotte_tags_vi_en_ko_description_v2.csv, 2026-08-25) - NO per-SKU tag assignment exists yet, matched only via literal substring of the VI tag name inside product titles - needs QA/BA verification + real per-product tag data before use in a real test cycle. Real search-service tag-field boost weight = 0 (ServiceConfig_SearchService.png, 2026-08-25) - tag-dimension queries are NOT expected to rank via tag relevance."
Khô Mực,마른 오징어,tag,vi,low,"derived from dev tag taxonomy (lotte_tags_vi_en_ko_description_v2.csv, 2026-08-25) - NO per-SKU tag assignment exists yet, matched only via literal substring of the VI tag name inside product titles - needs QA/BA verification + real per-product tag data before use in a real test cycle. Real search-service tag-field boost weight = 0 (ServiceConfig_SearchService.png, 2026-08-25) - tag-dimension queries are NOT expected to rank via tag relevance."
Màng PE,PE Cling Film,tag,vi,low,"derived from dev tag taxonomy (lotte_tags_vi_en_ko_description_v2.csv, 2026-08-25) - NO per-SKU tag assignment exists yet, matched only via literal substring of the VI tag name inside product titles - needs QA/BA verification + real per-product tag data before use in a real test cycle. Real search-service tag-field boost weight = 0 (ServiceConfig_SearchService.png, 2026-08-25) - tag-dimension queries are NOT expected to rank via tag relevance."
Màng PE,PE 랩,tag,vi,low,"derived from dev tag taxonomy (lotte_tags_vi_en_ko_description_v2.csv, 2026-08-25) - NO per-SKU tag assignment exists yet, matched only via literal substring of the VI tag name inside product titles - needs QA/BA verification + real per-product tag data before use in a real test cycle. Real search-service tag-field boost weight = 0 (ServiceConfig_SearchService.png, 2026-08-25) - tag-dimension queries are NOT expected to rank via tag relevance."
Quà Tặng,Gifts,tag,vi,low,"derived from dev tag taxonomy (lotte_tags_vi_en_ko_description_v2.csv, 2026-08-25) - NO per-SKU tag assignment exists yet, matched only via literal substring of the VI tag name inside product titles - needs QA/BA verification + real per-product tag data before use in a real test cycle. Real search-service tag-field boost weight = 0 (ServiceConfig_SearchService.png, 2026-08-25) - tag-dimension queries are NOT expected to rank via tag relevance."
Quà Tặng,선물,tag,vi,low,"derived from dev tag taxonomy (lotte_tags_vi_en_ko_description_v2.csv, 2026-08-25) - NO per-SKU tag assignment exists yet, matched only via literal substring of the VI tag name inside product titles - needs QA/BA verification + real per-product tag data before use in a real test cycle. Real search-service tag-field boost weight = 0 (ServiceConfig_SearchService.png, 2026-08-25) - tag-dimension queries are NOT expected to rank via tag relevance."
Tay Ngắn,Short Sleeve,tag,vi,low,"derived from dev tag taxonomy (lotte_tags_vi_en_ko_description_v2.csv, 2026-08-25) - NO per-SKU tag assignment exists yet, matched only via literal substring of the VI tag name inside product titles - needs QA/BA verification + real per-product tag data before use in a real test cycle. Real search-service tag-field boost weight = 0 (ServiceConfig_SearchService.png, 2026-08-25) - tag-dimension queries are NOT expected to rank via tag relevance."
Tay Ngắn,반팔,tag,vi,low,"derived from dev tag taxonomy (lotte_tags_vi_en_ko_description_v2.csv, 2026-08-25) - NO per-SKU tag assignment exists yet, matched only via literal substring of the VI tag name inside product titles - needs QA/BA verification + real per-product tag data before use in a real test cycle. Real search-service tag-field boost weight = 0 (ServiceConfig_SearchService.png, 2026-08-25) - tag-dimension queries are NOT expected to rank via tag relevance."
Bút Màu,Coloring Pens,tag,vi,low,"derived from dev tag taxonomy (lotte_tags_vi_en_ko_description_v2.csv, 2026-08-25) - NO per-SKU tag assignment exists yet, matched only via literal substring of the VI tag name inside product titles - needs QA/BA verification + real per-product tag data before use in a real test cycle. Real search-service tag-field boost weight = 0 (ServiceConfig_SearchService.png, 2026-08-25) - tag-dimension queries are NOT expected to rank via tag relevance."
Bút Màu,색연필·컬러펜,tag,vi,low,"derived from dev tag taxonomy (lotte_tags_vi_en_ko_description_v2.csv, 2026-08-25) - NO per-SKU tag assignment exists yet, matched only via literal substring of the VI tag name inside product titles - needs QA/BA verification + real per-product tag data before use in a real test cycle. Real search-service tag-field boost weight = 0 (ServiceConfig_SearchService.png, 2026-08-25) - tag-dimension queries are NOT expected to rank via tag relevance."
Mì Udon,Udon Noodles,tag,vi,low,"derived from dev tag taxonomy (lotte_tags_vi_en_ko_description_v2.csv, 2026-08-25) - NO per-SKU tag assignment exists yet, matched only via literal substring of the VI tag name inside product titles - needs QA/BA verification + real per-product tag data before use in a real test cycle. Real search-service tag-field boost weight = 0 (ServiceConfig_SearchService.png, 2026-08-25) - tag-dimension queries are NOT expected to rank via tag relevance."
Mì Udon,우동면,tag,vi,low,"derived from dev tag taxonomy (lotte_tags_vi_en_ko_description_v2.csv, 2026-08-25) - NO per-SKU tag assignment exists yet, matched only via literal substring of the VI tag name inside product titles - needs QA/BA verification + real per-product tag data before use in a real test cycle. Real search-service tag-field boost weight = 0 (ServiceConfig_SearchService.png, 2026-08-25) - tag-dimension queries are NOT expected to rank via tag relevance."
Kiềm Dầu,Oil Control,tag,vi,low,"derived from dev tag taxonomy (lotte_tags_vi_en_ko_description_v2.csv, 2026-08-25) - NO per-SKU tag assignment exists yet, matched only via literal substring of the VI tag name inside product titles - needs QA/BA verification + real per-product tag data before use in a real test cycle. Real search-service tag-field boost weight = 0 (ServiceConfig_SearchService.png, 2026-08-25) - tag-dimension queries are NOT expected to rank via tag relevance."
Kiềm Dầu,피지 조절,tag,vi,low,"derived from dev tag taxonomy (lotte_tags_vi_en_ko_description_v2.csv, 2026-08-25) - NO per-SKU tag assignment exists yet, matched only via literal substring of the VI tag name inside product titles - needs QA/BA verification + real per-product tag data before use in a real test cycle. Real search-service tag-field boost weight = 0 (ServiceConfig_SearchService.png, 2026-08-25) - tag-dimension queries are NOT expected to rank via tag relevance."
Món Nước,Soup-Based Dishes,tag,vi,low,"derived from dev tag taxonomy (lotte_tags_vi_en_ko_description_v2.csv, 2026-08-25) - NO per-SKU tag assignment exists yet, matched only via literal substring of the VI tag name inside product titles - needs QA/BA verification + real per-product tag data before use in a real test cycle. Real search-service tag-field boost weight = 0 (ServiceConfig_SearchService.png, 2026-08-25) - tag-dimension queries are NOT expected to rank via tag relevance."
Món Nước,국물 요리,tag,vi,low,"derived from dev tag taxonomy (lotte_tags_vi_en_ko_description_v2.csv, 2026-08-25) - NO per-SKU tag assignment exists yet, matched only via literal substring of the VI tag name inside product titles - needs QA/BA verification + real per-product tag data before use in a real test cycle. Real search-service tag-field boost weight = 0 (ServiceConfig_SearchService.png, 2026-08-25) - tag-dimension queries are NOT expected to rank via tag relevance."
Khăn Tay,Handkerchief,tag,vi,low,"derived from dev tag taxonomy (lotte_tags_vi_en_ko_description_v2.csv, 2026-08-25) - NO per-SKU tag assignment exists yet, matched only via literal substring of the VI tag name inside product titles - needs QA/BA verification + real per-product tag data before use in a real test cycle. Real search-service tag-field boost weight = 0 (ServiceConfig_SearchService.png, 2026-08-25) - tag-dimension queries are NOT expected to rank via tag relevance."
Khăn Tay,손수건,tag,vi,low,"derived from dev tag taxonomy (lotte_tags_vi_en_ko_description_v2.csv, 2026-08-25) - NO per-SKU tag assignment exists yet, matched only via literal substring of the VI tag name inside product titles - needs QA/BA verification + real per-product tag data before use in a real test cycle. Real search-service tag-field boost weight = 0 (ServiceConfig_SearchService.png, 2026-08-25) - tag-dimension queries are NOT expected to rank via tag relevance."
Gối Ôm,Body Pillow,tag,vi,low,"derived from dev tag taxonomy (lotte_tags_vi_en_ko_description_v2.csv, 2026-08-25) - NO per-SKU tag assignment exists yet, matched only via literal substring of the VI tag name inside product titles - needs QA/BA verification + real per-product tag data before use in a real test cycle. Real search-service tag-field boost weight = 0 (ServiceConfig_SearchService.png, 2026-08-25) - tag-dimension queries are NOT expected to rank via tag relevance."
Gối Ôm,바디필로우,tag,vi,low,"derived from dev tag taxonomy (lotte_tags_vi_en_ko_description_v2.csv, 2026-08-25) - NO per-SKU tag assignment exists yet, matched only via literal substring of the VI tag name inside product titles - needs QA/BA verification + real per-product tag data before use in a real test cycle. Real search-service tag-field boost weight = 0 (ServiceConfig_SearchService.png, 2026-08-25) - tag-dimension queries are NOT expected to rank via tag relevance."
Singapore,Singapore,tag,vi,low,"derived from dev tag taxonomy (lotte_tags_vi_en_ko_description_v2.csv, 2026-08-25) - NO per-SKU tag assignment exists yet, matched only via literal substring of the VI tag name inside product titles - needs QA/BA verification + real per-product tag data before use in a real test cycle. Real search-service tag-field boost weight = 0 (ServiceConfig_SearchService.png, 2026-08-25) - tag-dimension queries are NOT expected to rank via tag relevance."
Singapore,싱가포르,tag,vi,low,"derived from dev tag taxonomy (lotte_tags_vi_en_ko_description_v2.csv, 2026-08-25) - NO per-SKU tag assignment exists yet, matched only via literal substring of the VI tag name inside product titles - needs QA/BA verification + real per-product tag data before use in a real test cycle. Real search-service tag-field boost weight = 0 (ServiceConfig_SearchService.png, 2026-08-25) - tag-dimension queries are NOT expected to rank via tag relevance."
Philippines,Philippines,tag,vi,low,"derived from dev tag taxonomy (lotte_tags_vi_en_ko_description_v2.csv, 2026-08-25) - NO per-SKU tag assignment exists yet, matched only via literal substring of the VI tag name inside product titles - needs QA/BA verification + real per-product tag data before use in a real test cycle. Real search-service tag-field boost weight = 0 (ServiceConfig_SearchService.png, 2026-08-25) - tag-dimension queries are NOT expected to rank via tag relevance."
Philippines,필리핀,tag,vi,low,"derived from dev tag taxonomy (lotte_tags_vi_en_ko_description_v2.csv, 2026-08-25) - NO per-SKU tag assignment exists yet, matched only via literal substring of the VI tag name inside product titles - needs QA/BA verification + real per-product tag data before use in a real test cycle. Real search-service tag-field boost weight = 0 (ServiceConfig_SearchService.png, 2026-08-25) - tag-dimension queries are NOT expected to rank via tag relevance."
Gấu Teddy,Teddy Bear,tag,vi,low,"derived from dev tag taxonomy (lotte_tags_vi_en_ko_description_v2.csv, 2026-08-25) - NO per-SKU tag assignment exists yet, matched only via literal substring of the VI tag name inside product titles - needs QA/BA verification + real per-product tag data before use in a real test cycle. Real search-service tag-field boost weight = 0 (ServiceConfig_SearchService.png, 2026-08-25) - tag-dimension queries are NOT expected to rank via tag relevance."
Gấu Teddy,테디베어,tag,vi,low,"derived from dev tag taxonomy (lotte_tags_vi_en_ko_description_v2.csv, 2026-08-25) - NO per-SKU tag assignment exists yet, matched only via literal substring of the VI tag name inside product titles - needs QA/BA verification + real per-product tag data before use in a real test cycle. Real search-service tag-field boost weight = 0 (ServiceConfig_SearchService.png, 2026-08-25) - tag-dimension queries are NOT expected to rank via tag relevance."
Bột Ngọt,MSG,tag,vi,low,"derived from dev tag taxonomy (lotte_tags_vi_en_ko_description_v2.csv, 2026-08-25) - NO per-SKU tag assignment exists yet, matched only via literal substring of the VI tag name inside product titles - needs QA/BA verification + real per-product tag data before use in a real test cycle. Real search-service tag-field boost weight = 0 (ServiceConfig_SearchService.png, 2026-08-25) - tag-dimension queries are NOT expected to rank via tag relevance."
Bột Ngọt,MSG 조미료,tag,vi,low,"derived from dev tag taxonomy (lotte_tags_vi_en_ko_description_v2.csv, 2026-08-25) - NO per-SKU tag assignment exists yet, matched only via literal substring of the VI tag name inside product titles - needs QA/BA verification + real per-product tag data before use in a real test cycle. Real search-service tag-field boost weight = 0 (ServiceConfig_SearchService.png, 2026-08-25) - tag-dimension queries are NOT expected to rank via tag relevance."
Đi Biển,Beachwear & Beach Use,tag,vi,low,"derived from dev tag taxonomy (lotte_tags_vi_en_ko_description_v2.csv, 2026-08-25) - NO per-SKU tag assignment exists yet, matched only via literal substring of the VI tag name inside product titles - needs QA/BA verification + real per-product tag data before use in a real test cycle. Real search-service tag-field boost weight = 0 (ServiceConfig_SearchService.png, 2026-08-25) - tag-dimension queries are NOT expected to rank via tag relevance."
Đi Biển,해변용,tag,vi,low,"derived from dev tag taxonomy (lotte_tags_vi_en_ko_description_v2.csv, 2026-08-25) - NO per-SKU tag assignment exists yet, matched only via literal substring of the VI tag name inside product titles - needs QA/BA verification + real per-product tag data before use in a real test cycle. Real search-service tag-field boost weight = 0 (ServiceConfig_SearchService.png, 2026-08-25) - tag-dimension queries are NOT expected to rank via tag relevance."
Mì Cay,Spicy Noodles,tag,vi,low,"derived from dev tag taxonomy (lotte_tags_vi_en_ko_description_v2.csv, 2026-08-25) - NO per-SKU tag assignment exists yet, matched only via literal substring of the VI tag name inside product titles - needs QA/BA verification + real per-product tag data before use in a real test cycle. Real search-service tag-field boost weight = 0 (ServiceConfig_SearchService.png, 2026-08-25) - tag-dimension queries are NOT expected to rank via tag relevance."
Mì Cay,매운 면,tag,vi,low,"derived from dev tag taxonomy (lotte_tags_vi_en_ko_description_v2.csv, 2026-08-25) - NO per-SKU tag assignment exists yet, matched only via literal substring of the VI tag name inside product titles - needs QA/BA verification + real per-product tag data before use in a real test cycle. Real search-service tag-field boost weight = 0 (ServiceConfig_SearchService.png, 2026-08-25) - tag-dimension queries are NOT expected to rank via tag relevance."
Xoài Sấy,Dried Mango,tag,vi,low,"derived from dev tag taxonomy (lotte_tags_vi_en_ko_description_v2.csv, 2026-08-25) - NO per-SKU tag assignment exists yet, matched only via literal substring of the VI tag name inside product titles - needs QA/BA verification + real per-product tag data before use in a real test cycle. Real search-service tag-field boost weight = 0 (ServiceConfig_SearchService.png, 2026-08-25) - tag-dimension queries are NOT expected to rank via tag relevance."
Xoài Sấy,건망고,tag,vi,low,"derived from dev tag taxonomy (lotte_tags_vi_en_ko_description_v2.csv, 2026-08-25) - NO per-SKU tag assignment exists yet, matched only via literal substring of the VI tag name inside product titles - needs QA/BA verification + real per-product tag data before use in a real test cycle. Real search-service tag-field boost weight = 0 (ServiceConfig_SearchService.png, 2026-08-25) - tag-dimension queries are NOT expected to rank via tag relevance."
Rượu Whisky,Whisky,tag,vi,low,"derived from dev tag taxonomy (lotte_tags_vi_en_ko_description_v2.csv, 2026-08-25) - NO per-SKU tag assignment exists yet, matched only via literal substring of the VI tag name inside product titles - needs QA/BA verification + real per-product tag data before use in a real test cycle. Real search-service tag-field boost weight = 0 (ServiceConfig_SearchService.png, 2026-08-25) - tag-dimension queries are NOT expected to rank via tag relevance."
Rượu Whisky,위스키,tag,vi,low,"derived from dev tag taxonomy (lotte_tags_vi_en_ko_description_v2.csv, 2026-08-25) - NO per-SKU tag assignment exists yet, matched only via literal substring of the VI tag name inside product titles - needs QA/BA verification + real per-product tag data before use in a real test cycle. Real search-service tag-field boost weight = 0 (ServiceConfig_SearchService.png, 2026-08-25) - tag-dimension queries are NOT expected to rank via tag relevance."
Sốt Cay,Spicy Sauce,tag,vi,low,"derived from dev tag taxonomy (lotte_tags_vi_en_ko_description_v2.csv, 2026-08-25) - NO per-SKU tag assignment exists yet, matched only via literal substring of the VI tag name inside product titles - needs QA/BA verification + real per-product tag data before use in a real test cycle. Real search-service tag-field boost weight = 0 (ServiceConfig_SearchService.png, 2026-08-25) - tag-dimension queries are NOT expected to rank via tag relevance."
Sốt Cay,매운 소스,tag,vi,low,"derived from dev tag taxonomy (lotte_tags_vi_en_ko_description_v2.csv, 2026-08-25) - NO per-SKU tag assignment exists yet, matched only via literal substring of the VI tag name inside product titles - needs QA/BA verification + real per-product tag data before use in a real test cycle. Real search-service tag-field boost weight = 0 (ServiceConfig_SearchService.png, 2026-08-25) - tag-dimension queries are NOT expected to rank via tag relevance."
Quần Short,Shorts,tag,vi,low,"derived from dev tag taxonomy (lotte_tags_vi_en_ko_description_v2.csv, 2026-08-25) - NO per-SKU tag assignment exists yet, matched only via literal substring of the VI tag name inside product titles - needs QA/BA verification + real per-product tag data before use in a real test cycle. Real search-service tag-field boost weight = 0 (ServiceConfig_SearchService.png, 2026-08-25) - tag-dimension queries are NOT expected to rank via tag relevance."
Quần Short,반바지,tag,vi,low,"derived from dev tag taxonomy (lotte_tags_vi_en_ko_description_v2.csv, 2026-08-25) - NO per-SKU tag assignment exists yet, matched only via literal substring of the VI tag name inside product titles - needs QA/BA verification + real per-product tag data before use in a real test cycle. Real search-service tag-field boost weight = 0 (ServiceConfig_SearchService.png, 2026-08-25) - tag-dimension queries are NOT expected to rank via tag relevance."
Trồng Cây,Gardening,tag,vi,low,"derived from dev tag taxonomy (lotte_tags_vi_en_ko_description_v2.csv, 2026-08-25) - NO per-SKU tag assignment exists yet, matched only via literal substring of the VI tag name inside product titles - needs QA/BA verification + real per-product tag data before use in a real test cycle. Real search-service tag-field boost weight = 0 (ServiceConfig_SearchService.png, 2026-08-25) - tag-dimension queries are NOT expected to rank via tag relevance."
Trồng Cây,원예,tag,vi,low,"derived from dev tag taxonomy (lotte_tags_vi_en_ko_description_v2.csv, 2026-08-25) - NO per-SKU tag assignment exists yet, matched only via literal substring of the VI tag name inside product titles - needs QA/BA verification + real per-product tag data before use in a real test cycle. Real search-service tag-field boost weight = 0 (ServiceConfig_SearchService.png, 2026-08-25) - tag-dimension queries are NOT expected to rank via tag relevance."
Bún Khô,Dried Rice Vermicelli,tag,vi,low,"derived from dev tag taxonomy (lotte_tags_vi_en_ko_description_v2.csv, 2026-08-25) - NO per-SKU tag assignment exists yet, matched only via literal substring of the VI tag name inside product titles - needs QA/BA verification + real per-product tag data before use in a real test cycle. Real search-service tag-field boost weight = 0 (ServiceConfig_SearchService.png, 2026-08-25) - tag-dimension queries are NOT expected to rank via tag relevance."
Bún Khô,건조 쌀국수면,tag,vi,low,"derived from dev tag taxonomy (lotte_tags_vi_en_ko_description_v2.csv, 2026-08-25) - NO per-SKU tag assignment exists yet, matched only via literal substring of the VI tag name inside product titles - needs QA/BA verification + real per-product tag data before use in a real test cycle. Real search-service tag-field boost weight = 0 (ServiceConfig_SearchService.png, 2026-08-25) - tag-dimension queries are NOT expected to rank via tag relevance."
Du Lịch,Travel,tag,vi,low,"derived from dev tag taxonomy (lotte_tags_vi_en_ko_description_v2.csv, 2026-08-25) - NO per-SKU tag assignment exists yet, matched only via literal substring of the VI tag name inside product titles - needs QA/BA verification + real per-product tag data before use in a real test cycle. Real search-service tag-field boost weight = 0 (ServiceConfig_SearchService.png, 2026-08-25) - tag-dimension queries are NOT expected to rank via tag relevance."
Du Lịch,여행,tag,vi,low,"derived from dev tag taxonomy (lotte_tags_vi_en_ko_description_v2.csv, 2026-08-25) - NO per-SKU tag assignment exists yet, matched only via literal substring of the VI tag name inside product titles - needs QA/BA verification + real per-product tag data before use in a real test cycle. Real search-service tag-field boost weight = 0 (ServiceConfig_SearchService.png, 2026-08-25) - tag-dimension queries are NOT expected to rank via tag relevance."
Hủ Tiếu,Hu Tieu Noodles,tag,vi,low,"derived from dev tag taxonomy (lotte_tags_vi_en_ko_description_v2.csv, 2026-08-25) - NO per-SKU tag assignment exists yet, matched only via literal substring of the VI tag name inside product titles - needs QA/BA verification + real per-product tag data before use in a real test cycle. Real search-service tag-field boost weight = 0 (ServiceConfig_SearchService.png, 2026-08-25) - tag-dimension queries are NOT expected to rank via tag relevance."
Hủ Tiếu,후띠우,tag,vi,low,"derived from dev tag taxonomy (lotte_tags_vi_en_ko_description_v2.csv, 2026-08-25) - NO per-SKU tag assignment exists yet, matched only via literal substring of the VI tag name inside product titles - needs QA/BA verification + real per-product tag data before use in a real test cycle. Real search-service tag-field boost weight = 0 (ServiceConfig_SearchService.png, 2026-08-25) - tag-dimension queries are NOT expected to rank via tag relevance."
Bột Cacao,Cocoa Powder,tag,vi,low,"derived from dev tag taxonomy (lotte_tags_vi_en_ko_description_v2.csv, 2026-08-25) - NO per-SKU tag assignment exists yet, matched only via literal substring of the VI tag name inside product titles - needs QA/BA verification + real per-product tag data before use in a real test cycle. Real search-service tag-field boost weight = 0 (ServiceConfig_SearchService.png, 2026-08-25) - tag-dimension queries are NOT expected to rank via tag relevance."
Bột Cacao,코코아 파우더,tag,vi,low,"derived from dev tag taxonomy (lotte_tags_vi_en_ko_description_v2.csv, 2026-08-25) - NO per-SKU tag assignment exists yet, matched only via literal substring of the VI tag name inside product titles - needs QA/BA verification + real per-product tag data before use in a real test cycle. Real search-service tag-field boost weight = 0 (ServiceConfig_SearchService.png, 2026-08-25) - tag-dimension queries are NOT expected to rank via tag relevance."
Nhựa Melamine,Melamine Plastic,tag,vi,low,"derived from dev tag taxonomy (lotte_tags_vi_en_ko_description_v2.csv, 2026-08-25) - NO per-SKU tag assignment exists yet, matched only via literal substring of the VI tag name inside product titles - needs QA/BA verification + real per-product tag data before use in a real test cycle. Real search-service tag-field boost weight = 0 (ServiceConfig_SearchService.png, 2026-08-25) - tag-dimension queries are NOT expected to rank via tag relevance."
Nhựa Melamine,멜라민 수지,tag,vi,low,"derived from dev tag taxonomy (lotte_tags_vi_en_ko_description_v2.csv, 2026-08-25) - NO per-SKU tag assignment exists yet, matched only via literal substring of the VI tag name inside product titles - needs QA/BA verification + real per-product tag data before use in a real test cycle. Real search-service tag-field boost weight = 0 (ServiceConfig_SearchService.png, 2026-08-25) - tag-dimension queries are NOT expected to rank via tag relevance."
Rổ Vuông,Square Basket,tag,vi,low,"derived from dev tag taxonomy (lotte_tags_vi_en_ko_description_v2.csv, 2026-08-25) - NO per-SKU tag assignment exists yet, matched only via literal substring of the VI tag name inside product titles - needs QA/BA verification + real per-product tag data before use in a real test cycle. Real search-service tag-field boost weight = 0 (ServiceConfig_SearchService.png, 2026-08-25) - tag-dimension queries are NOT expected to rank via tag relevance."
Rổ Vuông,사각 바구니,tag,vi,low,"derived from dev tag taxonomy (lotte_tags_vi_en_ko_description_v2.csv, 2026-08-25) - NO per-SKU tag assignment exists yet, matched only via literal substring of the VI tag name inside product titles - needs QA/BA verification + real per-product tag data before use in a real test cycle. Real search-service tag-field boost weight = 0 (ServiceConfig_SearchService.png, 2026-08-25) - tag-dimension queries are NOT expected to rank via tag relevance."
Keratin Biotin,Keratin & Biotin,tag,vi,low,"derived from dev tag taxonomy (lotte_tags_vi_en_ko_description_v2.csv, 2026-08-25) - NO per-SKU tag assignment exists yet, matched only via literal substring of the VI tag name inside product titles - needs QA/BA verification + real per-product tag data before use in a real test cycle. Real search-service tag-field boost weight = 0 (ServiceConfig_SearchService.png, 2026-08-25) - tag-dimension queries are NOT expected to rank via tag relevance."
Keratin Biotin,케라틴·비오틴,tag,vi,low,"derived from dev tag taxonomy (lotte_tags_vi_en_ko_description_v2.csv, 2026-08-25) - NO per-SKU tag assignment exists yet, matched only via literal substring of the VI tag name inside product titles - needs QA/BA verification + real per-product tag data before use in a real test cycle. Real search-service tag-field boost weight = 0 (ServiceConfig_SearchService.png, 2026-08-25) - tag-dimension queries are NOT expected to rank via tag relevance."
Inox 430,430 Stainless Steel,tag,vi,low,"derived from dev tag taxonomy (lotte_tags_vi_en_ko_description_v2.csv, 2026-08-25) - NO per-SKU tag assignment exists yet, matched only via literal substring of the VI tag name inside product titles - needs QA/BA verification + real per-product tag data before use in a real test cycle. Real search-service tag-field boost weight = 0 (ServiceConfig_SearchService.png, 2026-08-25) - tag-dimension queries are NOT expected to rank via tag relevance."
Inox 430,430 스테인리스,tag,vi,low,"derived from dev tag taxonomy (lotte_tags_vi_en_ko_description_v2.csv, 2026-08-25) - NO per-SKU tag assignment exists yet, matched only via literal substring of the VI tag name inside product titles - needs QA/BA verification + real per-product tag data before use in a real test cycle. Real search-service tag-field boost weight = 0 (ServiceConfig_SearchService.png, 2026-08-25) - tag-dimension queries are NOT expected to rank via tag relevance."
Cơm Hộp,Boxed Meal,tag,vi,low,"derived from dev tag taxonomy (lotte_tags_vi_en_ko_description_v2.csv, 2026-08-25) - NO per-SKU tag assignment exists yet, matched only via literal substring of the VI tag name inside product titles - needs QA/BA verification + real per-product tag data before use in a real test cycle. Real search-service tag-field boost weight = 0 (ServiceConfig_SearchService.png, 2026-08-25) - tag-dimension queries are NOT expected to rank via tag relevance."
Cơm Hộp,도시락,tag,vi,low,"derived from dev tag taxonomy (lotte_tags_vi_en_ko_description_v2.csv, 2026-08-25) - NO per-SKU tag assignment exists yet, matched only via literal substring of the VI tag name inside product titles - needs QA/BA verification + real per-product tag data before use in a real test cycle. Real search-service tag-field boost weight = 0 (ServiceConfig_SearchService.png, 2026-08-25) - tag-dimension queries are NOT expected to rank via tag relevance."
Nhạy Cảm,Sensitive Skin,tag,vi,low,"derived from dev tag taxonomy (lotte_tags_vi_en_ko_description_v2.csv, 2026-08-25) - NO per-SKU tag assignment exists yet, matched only via literal substring of the VI tag name inside product titles - needs QA/BA verification + real per-product tag data before use in a real test cycle. Real search-service tag-field boost weight = 0 (ServiceConfig_SearchService.png, 2026-08-25) - tag-dimension queries are NOT expected to rank via tag relevance."
Nhạy Cảm,민감성,tag,vi,low,"derived from dev tag taxonomy (lotte_tags_vi_en_ko_description_v2.csv, 2026-08-25) - NO per-SKU tag assignment exists yet, matched only via literal substring of the VI tag name inside product titles - needs QA/BA verification + real per-product tag data before use in a real test cycle. Real search-service tag-field boost weight = 0 (ServiceConfig_SearchService.png, 2026-08-25) - tag-dimension queries are NOT expected to rank via tag relevance."
Ly Sứ,Ceramic Cup,tag,vi,low,"derived from dev tag taxonomy (lotte_tags_vi_en_ko_description_v2.csv, 2026-08-25) - NO per-SKU tag assignment exists yet, matched only via literal substring of the VI tag name inside product titles - needs QA/BA verification + real per-product tag data before use in a real test cycle. Real search-service tag-field boost weight = 0 (ServiceConfig_SearchService.png, 2026-08-25) - tag-dimension queries are NOT expected to rank via tag relevance."
Ly Sứ,도자기 컵,tag,vi,low,"derived from dev tag taxonomy (lotte_tags_vi_en_ko_description_v2.csv, 2026-08-25) - NO per-SKU tag assignment exists yet, matched only via literal substring of the VI tag name inside product titles - needs QA/BA verification + real per-product tag data before use in a real test cycle. Real search-service tag-field boost weight = 0 (ServiceConfig_SearchService.png, 2026-08-25) - tag-dimension queries are NOT expected to rank via tag relevance."
Cá Trứng,Capelin,tag,vi,low,"derived from dev tag taxonomy (lotte_tags_vi_en_ko_description_v2.csv, 2026-08-25) - NO per-SKU tag assignment exists yet, matched only via literal substring of the VI tag name inside product titles - needs QA/BA verification + real per-product tag data before use in a real test cycle. Real search-service tag-field boost weight = 0 (ServiceConfig_SearchService.png, 2026-08-25) - tag-dimension queries are NOT expected to rank via tag relevance."
Cá Trứng,열빙어,tag,vi,low,"derived from dev tag taxonomy (lotte_tags_vi_en_ko_description_v2.csv, 2026-08-25) - NO per-SKU tag assignment exists yet, matched only via literal substring of the VI tag name inside product titles - needs QA/BA verification + real per-product tag data before use in a real test cycle. Real search-service tag-field boost weight = 0 (ServiceConfig_SearchService.png, 2026-08-25) - tag-dimension queries are NOT expected to rank via tag relevance."
Thùng Rác,Trash Bin,tag,vi,low,"derived from dev tag taxonomy (lotte_tags_vi_en_ko_description_v2.csv, 2026-08-25) - NO per-SKU tag assignment exists yet, matched only via literal substring of the VI tag name inside product titles - needs QA/BA verification + real per-product tag data before use in a real test cycle. Real search-service tag-field boost weight = 0 (ServiceConfig_SearchService.png, 2026-08-25) - tag-dimension queries are NOT expected to rank via tag relevance."
Thùng Rác,쓰레기통,tag,vi,low,"derived from dev tag taxonomy (lotte_tags_vi_en_ko_description_v2.csv, 2026-08-25) - NO per-SKU tag assignment exists yet, matched only via literal substring of the VI tag name inside product titles - needs QA/BA verification + real per-product tag data before use in a real test cycle. Real search-service tag-field boost weight = 0 (ServiceConfig_SearchService.png, 2026-08-25) - tag-dimension queries are NOT expected to rank via tag relevance."
Mắm Tôm,Shrimp Paste,tag,vi,low,"derived from dev tag taxonomy (lotte_tags_vi_en_ko_description_v2.csv, 2026-08-25) - NO per-SKU tag assignment exists yet, matched only via literal substring of the VI tag name inside product titles - needs QA/BA verification + real per-product tag data before use in a real test cycle. Real search-service tag-field boost weight = 0 (ServiceConfig_SearchService.png, 2026-08-25) - tag-dimension queries are NOT expected to rank via tag relevance."
Mắm Tôm,새우젓 페이스트,tag,vi,low,"derived from dev tag taxonomy (lotte_tags_vi_en_ko_description_v2.csv, 2026-08-25) - NO per-SKU tag assignment exists yet, matched only via literal substring of the VI tag name inside product titles - needs QA/BA verification + real per-product tag data before use in a real test cycle. Real search-service tag-field boost weight = 0 (ServiceConfig_SearchService.png, 2026-08-25) - tag-dimension queries are NOT expected to rank via tag relevance."
Xịt Muỗi,Mosquito Spray,tag,vi,low,"derived from dev tag taxonomy (lotte_tags_vi_en_ko_description_v2.csv, 2026-08-25) - NO per-SKU tag assignment exists yet, matched only via literal substring of the VI tag name inside product titles - needs QA/BA verification + real per-product tag data before use in a real test cycle. Real search-service tag-field boost weight = 0 (ServiceConfig_SearchService.png, 2026-08-25) - tag-dimension queries are NOT expected to rank via tag relevance."
Xịt Muỗi,모기 스프레이,tag,vi,low,"derived from dev tag taxonomy (lotte_tags_vi_en_ko_description_v2.csv, 2026-08-25) - NO per-SKU tag assignment exists yet, matched only via literal substring of the VI tag name inside product titles - needs QA/BA verification + real per-product tag data before use in a real test cycle. Real search-service tag-field boost weight = 0 (ServiceConfig_SearchService.png, 2026-08-25) - tag-dimension queries are NOT expected to rank via tag relevance."
Chân Giò,Pork Hock,tag,vi,low,"derived from dev tag taxonomy (lotte_tags_vi_en_ko_description_v2.csv, 2026-08-25) - NO per-SKU tag assignment exists yet, matched only via literal substring of the VI tag name inside product titles - needs QA/BA verification + real per-product tag data before use in a real test cycle. Real search-service tag-field boost weight = 0 (ServiceConfig_SearchService.png, 2026-08-25) - tag-dimension queries are NOT expected to rank via tag relevance."
Chân Giò,돼지 족,tag,vi,low,"derived from dev tag taxonomy (lotte_tags_vi_en_ko_description_v2.csv, 2026-08-25) - NO per-SKU tag assignment exists yet, matched only via literal substring of the VI tag name inside product titles - needs QA/BA verification + real per-product tag data before use in a real test cycle. Real search-service tag-field boost weight = 0 (ServiceConfig_SearchService.png, 2026-08-25) - tag-dimension queries are NOT expected to rank via tag relevance."
Cơm Chiên,Fried Rice,tag,vi,low,"derived from dev tag taxonomy (lotte_tags_vi_en_ko_description_v2.csv, 2026-08-25) - NO per-SKU tag assignment exists yet, matched only via literal substring of the VI tag name inside product titles - needs QA/BA verification + real per-product tag data before use in a real test cycle. Real search-service tag-field boost weight = 0 (ServiceConfig_SearchService.png, 2026-08-25) - tag-dimension queries are NOT expected to rank via tag relevance."
Cơm Chiên,볶음밥,tag,vi,low,"derived from dev tag taxonomy (lotte_tags_vi_en_ko_description_v2.csv, 2026-08-25) - NO per-SKU tag assignment exists yet, matched only via literal substring of the VI tag name inside product titles - needs QA/BA verification + real per-product tag data before use in a real test cycle. Real search-service tag-field boost weight = 0 (ServiceConfig_SearchService.png, 2026-08-25) - tag-dimension queries are NOT expected to rank via tag relevance."
Kẹo Mềm,Soft Candy,tag,vi,low,"derived from dev tag taxonomy (lotte_tags_vi_en_ko_description_v2.csv, 2026-08-25) - NO per-SKU tag assignment exists yet, matched only via literal substring of the VI tag name inside product titles - needs QA/BA verification + real per-product tag data before use in a real test cycle. Real search-service tag-field boost weight = 0 (ServiceConfig_SearchService.png, 2026-08-25) - tag-dimension queries are NOT expected to rank via tag relevance."
Kẹo Mềm,소프트 캔디,tag,vi,low,"derived from dev tag taxonomy (lotte_tags_vi_en_ko_description_v2.csv, 2026-08-25) - NO per-SKU tag assignment exists yet, matched only via literal substring of the VI tag name inside product titles - needs QA/BA verification + real per-product tag data before use in a real test cycle. Real search-service tag-field boost weight = 0 (ServiceConfig_SearchService.png, 2026-08-25) - tag-dimension queries are NOT expected to rank via tag relevance."
Hoa Tươi,Fresh Flowers,tag,vi,low,"derived from dev tag taxonomy (lotte_tags_vi_en_ko_description_v2.csv, 2026-08-25) - NO per-SKU tag assignment exists yet, matched only via literal substring of the VI tag name inside product titles - needs QA/BA verification + real per-product tag data before use in a real test cycle. Real search-service tag-field boost weight = 0 (ServiceConfig_SearchService.png, 2026-08-25) - tag-dimension queries are NOT expected to rank via tag relevance."
Hoa Tươi,생화,tag,vi,low,"derived from dev tag taxonomy (lotte_tags_vi_en_ko_description_v2.csv, 2026-08-25) - NO per-SKU tag assignment exists yet, matched only via literal substring of the VI tag name inside product titles - needs QA/BA verification + real per-product tag data before use in a real test cycle. Real search-service tag-field boost weight = 0 (ServiceConfig_SearchService.png, 2026-08-25) - tag-dimension queries are NOT expected to rank via tag relevance."
Zero Calo,Zero Calories,tag,vi,low,"derived from dev tag taxonomy (lotte_tags_vi_en_ko_description_v2.csv, 2026-08-25) - NO per-SKU tag assignment exists yet, matched only via literal substring of the VI tag name inside product titles - needs QA/BA verification + real per-product tag data before use in a real test cycle. Real search-service tag-field boost weight = 0 (ServiceConfig_SearchService.png, 2026-08-25) - tag-dimension queries are NOT expected to rank via tag relevance."
Zero Calo,제로 칼로리,tag,vi,low,"derived from dev tag taxonomy (lotte_tags_vi_en_ko_description_v2.csv, 2026-08-25) - NO per-SKU tag assignment exists yet, matched only via literal substring of the VI tag name inside product titles - needs QA/BA verification + real per-product tag data before use in a real test cycle. Real search-service tag-field boost weight = 0 (ServiceConfig_SearchService.png, 2026-08-25) - tag-dimension queries are NOT expected to rank via tag relevance."
Rang Xay,Roasted & Ground,tag,vi,low,"derived from dev tag taxonomy (lotte_tags_vi_en_ko_description_v2.csv, 2026-08-25) - NO per-SKU tag assignment exists yet, matched only via literal substring of the VI tag name inside product titles - needs QA/BA verification + real per-product tag data before use in a real test cycle. Real search-service tag-field boost weight = 0 (ServiceConfig_SearchService.png, 2026-08-25) - tag-dimension queries are NOT expected to rank via tag relevance."
Rang Xay,로스팅·분쇄,tag,vi,low,"derived from dev tag taxonomy (lotte_tags_vi_en_ko_description_v2.csv, 2026-08-25) - NO per-SKU tag assignment exists yet, matched only via literal substring of the VI tag name inside product titles - needs QA/BA verification + real per-product tag data before use in a real test cycle. Real search-service tag-field boost weight = 0 (ServiceConfig_SearchService.png, 2026-08-25) - tag-dimension queries are NOT expected to rank via tag relevance."
Socola Nhân,Filled Chocolate,tag,vi,low,"derived from dev tag taxonomy (lotte_tags_vi_en_ko_description_v2.csv, 2026-08-25) - NO per-SKU tag assignment exists yet, matched only via literal substring of the VI tag name inside product titles - needs QA/BA verification + real per-product tag data before use in a real test cycle. Real search-service tag-field boost weight = 0 (ServiceConfig_SearchService.png, 2026-08-25) - tag-dimension queries are NOT expected to rank via tag relevance."
Socola Nhân,필링 초콜릿,tag,vi,low,"derived from dev tag taxonomy (lotte_tags_vi_en_ko_description_v2.csv, 2026-08-25) - NO per-SKU tag assignment exists yet, matched only via literal substring of the VI tag name inside product titles - needs QA/BA verification + real per-product tag data before use in a real test cycle. Real search-service tag-field boost weight = 0 (ServiceConfig_SearchService.png, 2026-08-25) - tag-dimension queries are NOT expected to rank via tag relevance."
Trà Chanh,Lemon Tea,tag,vi,low,"derived from dev tag taxonomy (lotte_tags_vi_en_ko_description_v2.csv, 2026-08-25) - NO per-SKU tag assignment exists yet, matched only via literal substring of the VI tag name inside product titles - needs QA/BA verification + real per-product tag data before use in a real test cycle. Real search-service tag-field boost weight = 0 (ServiceConfig_SearchService.png, 2026-08-25) - tag-dimension queries are NOT expected to rank via tag relevance."
Trà Chanh,레몬차,tag,vi,low,"derived from dev tag taxonomy (lotte_tags_vi_en_ko_description_v2.csv, 2026-08-25) - NO per-SKU tag assignment exists yet, matched only via literal substring of the VI tag name inside product titles - needs QA/BA verification + real per-product tag data before use in a real test cycle. Real search-service tag-field boost weight = 0 (ServiceConfig_SearchService.png, 2026-08-25) - tag-dimension queries are NOT expected to rank via tag relevance."
Trứng Vịt,Duck Eggs,tag,vi,low,"derived from dev tag taxonomy (lotte_tags_vi_en_ko_description_v2.csv, 2026-08-25) - NO per-SKU tag assignment exists yet, matched only via literal substring of the VI tag name inside product titles - needs QA/BA verification + real per-product tag data before use in a real test cycle. Real search-service tag-field boost weight = 0 (ServiceConfig_SearchService.png, 2026-08-25) - tag-dimension queries are NOT expected to rank via tag relevance."
Trứng Vịt,오리알,tag,vi,low,"derived from dev tag taxonomy (lotte_tags_vi_en_ko_description_v2.csv, 2026-08-25) - NO per-SKU tag assignment exists yet, matched only via literal substring of the VI tag name inside product titles - needs QA/BA verification + real per-product tag data before use in a real test cycle. Real search-service tag-field boost weight = 0 (ServiceConfig_SearchService.png, 2026-08-25) - tag-dimension queries are NOT expected to rank via tag relevance."
Quà Tết,Tet Gifts,tag,vi,low,"derived from dev tag taxonomy (lotte_tags_vi_en_ko_description_v2.csv, 2026-08-25) - NO per-SKU tag assignment exists yet, matched only via literal substring of the VI tag name inside product titles - needs QA/BA verification + real per-product tag data before use in a real test cycle. Real search-service tag-field boost weight = 0 (ServiceConfig_SearchService.png, 2026-08-25) - tag-dimension queries are NOT expected to rank via tag relevance."
Quà Tết,설 명절 선물,tag,vi,low,"derived from dev tag taxonomy (lotte_tags_vi_en_ko_description_v2.csv, 2026-08-25) - NO per-SKU tag assignment exists yet, matched only via literal substring of the VI tag name inside product titles - needs QA/BA verification + real per-product tag data before use in a real test cycle. Real search-service tag-field boost weight = 0 (ServiceConfig_SearchService.png, 2026-08-25) - tag-dimension queries are NOT expected to rank via tag relevance."
Dành Cho Người Tiểu Đường,Suitable for Diabetics,tag,vi,low,"derived from dev tag taxonomy (lotte_tags_vi_en_ko_description_v2.csv, 2026-08-25) - NO per-SKU tag assignment exists yet, matched only via literal substring of the VI tag name inside product titles - needs QA/BA verification + real per-product tag data before use in a real test cycle. Real search-service tag-field boost weight = 0 (ServiceConfig_SearchService.png, 2026-08-25) - tag-dimension queries are NOT expected to rank via tag relevance."
Dành Cho Người Tiểu Đường,당뇨 관리용,tag,vi,low,"derived from dev tag taxonomy (lotte_tags_vi_en_ko_description_v2.csv, 2026-08-25) - NO per-SKU tag assignment exists yet, matched only via literal substring of the VI tag name inside product titles - needs QA/BA verification + real per-product tag data before use in a real test cycle. Real search-service tag-field boost weight = 0 (ServiceConfig_SearchService.png, 2026-08-25) - tag-dimension queries are NOT expected to rank via tag relevance."
Nước Dừa,Coconut Water,tag,vi,low,"derived from dev tag taxonomy (lotte_tags_vi_en_ko_description_v2.csv, 2026-08-25) - NO per-SKU tag assignment exists yet, matched only via literal substring of the VI tag name inside product titles - needs QA/BA verification + real per-product tag data before use in a real test cycle. Real search-service tag-field boost weight = 0 (ServiceConfig_SearchService.png, 2026-08-25) - tag-dimension queries are NOT expected to rank via tag relevance."
Nước Dừa,코코넛 워터,tag,vi,low,"derived from dev tag taxonomy (lotte_tags_vi_en_ko_description_v2.csv, 2026-08-25) - NO per-SKU tag assignment exists yet, matched only via literal substring of the VI tag name inside product titles - needs QA/BA verification + real per-product tag data before use in a real test cycle. Real search-service tag-field boost weight = 0 (ServiceConfig_SearchService.png, 2026-08-25) - tag-dimension queries are NOT expected to rank via tag relevance."
Dầu Mè,Sesame Oil,tag,vi,low,"derived from dev tag taxonomy (lotte_tags_vi_en_ko_description_v2.csv, 2026-08-25) - NO per-SKU tag assignment exists yet, matched only via literal substring of the VI tag name inside product titles - needs QA/BA verification + real per-product tag data before use in a real test cycle. Real search-service tag-field boost weight = 0 (ServiceConfig_SearchService.png, 2026-08-25) - tag-dimension queries are NOT expected to rank via tag relevance."
Dầu Mè,참기름,tag,vi,low,"derived from dev tag taxonomy (lotte_tags_vi_en_ko_description_v2.csv, 2026-08-25) - NO per-SKU tag assignment exists yet, matched only via literal substring of the VI tag name inside product titles - needs QA/BA verification + real per-product tag data before use in a real test cycle. Real search-service tag-field boost weight = 0 (ServiceConfig_SearchService.png, 2026-08-25) - tag-dimension queries are NOT expected to rank via tag relevance."
Cọ Toilet,Toilet Brush,tag,vi,low,"derived from dev tag taxonomy (lotte_tags_vi_en_ko_description_v2.csv, 2026-08-25) - NO per-SKU tag assignment exists yet, matched only via literal substring of the VI tag name inside product titles - needs QA/BA verification + real per-product tag data before use in a real test cycle. Real search-service tag-field boost weight = 0 (ServiceConfig_SearchService.png, 2026-08-25) - tag-dimension queries are NOT expected to rank via tag relevance."
Cọ Toilet,변기 브러시,tag,vi,low,"derived from dev tag taxonomy (lotte_tags_vi_en_ko_description_v2.csv, 2026-08-25) - NO per-SKU tag assignment exists yet, matched only via literal substring of the VI tag name inside product titles - needs QA/BA verification + real per-product tag data before use in a real test cycle. Real search-service tag-field boost weight = 0 (ServiceConfig_SearchService.png, 2026-08-25) - tag-dimension queries are NOT expected to rank via tag relevance."
Nấm Khô,Dried Mushrooms,tag,vi,low,"derived from dev tag taxonomy (lotte_tags_vi_en_ko_description_v2.csv, 2026-08-25) - NO per-SKU tag assignment exists yet, matched only via literal substring of the VI tag name inside product titles - needs QA/BA verification + real per-product tag data before use in a real test cycle. Real search-service tag-field boost weight = 0 (ServiceConfig_SearchService.png, 2026-08-25) - tag-dimension queries are NOT expected to rank via tag relevance."
Nấm Khô,건버섯,tag,vi,low,"derived from dev tag taxonomy (lotte_tags_vi_en_ko_description_v2.csv, 2026-08-25) - NO per-SKU tag assignment exists yet, matched only via literal substring of the VI tag name inside product titles - needs QA/BA verification + real per-product tag data before use in a real test cycle. Real search-service tag-field boost weight = 0 (ServiceConfig_SearchService.png, 2026-08-25) - tag-dimension queries are NOT expected to rank via tag relevance."
Ủ Tóc,Hair Treatment,tag,vi,low,"derived from dev tag taxonomy (lotte_tags_vi_en_ko_description_v2.csv, 2026-08-25) - NO per-SKU tag assignment exists yet, matched only via literal substring of the VI tag name inside product titles - needs QA/BA verification + real per-product tag data before use in a real test cycle. Real search-service tag-field boost weight = 0 (ServiceConfig_SearchService.png, 2026-08-25) - tag-dimension queries are NOT expected to rank via tag relevance."
Ủ Tóc,헤어 트리트먼트,tag,vi,low,"derived from dev tag taxonomy (lotte_tags_vi_en_ko_description_v2.csv, 2026-08-25) - NO per-SKU tag assignment exists yet, matched only via literal substring of the VI tag name inside product titles - needs QA/BA verification + real per-product tag data before use in a real test cycle. Real search-service tag-field boost weight = 0 (ServiceConfig_SearchService.png, 2026-08-25) - tag-dimension queries are NOT expected to rank via tag relevance."
Sốt Cà,Tomato Sauce,tag,vi,low,"derived from dev tag taxonomy (lotte_tags_vi_en_ko_description_v2.csv, 2026-08-25) - NO per-SKU tag assignment exists yet, matched only via literal substring of the VI tag name inside product titles - needs QA/BA verification + real per-product tag data before use in a real test cycle. Real search-service tag-field boost weight = 0 (ServiceConfig_SearchService.png, 2026-08-25) - tag-dimension queries are NOT expected to rank via tag relevance."
Sốt Cà,토마토 소스,tag,vi,low,"derived from dev tag taxonomy (lotte_tags_vi_en_ko_description_v2.csv, 2026-08-25) - NO per-SKU tag assignment exists yet, matched only via literal substring of the VI tag name inside product titles - needs QA/BA verification + real per-product tag data before use in a real test cycle. Real search-service tag-field boost weight = 0 (ServiceConfig_SearchService.png, 2026-08-25) - tag-dimension queries are NOT expected to rank via tag relevance."
Nha Đam,Aloe Vera,tag,vi,low,"derived from dev tag taxonomy (lotte_tags_vi_en_ko_description_v2.csv, 2026-08-25) - NO per-SKU tag assignment exists yet, matched only via literal substring of the VI tag name inside product titles - needs QA/BA verification + real per-product tag data before use in a real test cycle. Real search-service tag-field boost weight = 0 (ServiceConfig_SearchService.png, 2026-08-25) - tag-dimension queries are NOT expected to rank via tag relevance."
Nha Đam,알로에 베라,tag,vi,low,"derived from dev tag taxonomy (lotte_tags_vi_en_ko_description_v2.csv, 2026-08-25) - NO per-SKU tag assignment exists yet, matched only via literal substring of the VI tag name inside product titles - needs QA/BA verification + real per-product tag data before use in a real test cycle. Real search-service tag-field boost weight = 0 (ServiceConfig_SearchService.png, 2026-08-25) - tag-dimension queries are NOT expected to rank via tag relevance."
Khô Bò,Beef Jerky,tag,vi,low,"derived from dev tag taxonomy (lotte_tags_vi_en_ko_description_v2.csv, 2026-08-25) - NO per-SKU tag assignment exists yet, matched only via literal substring of the VI tag name inside product titles - needs QA/BA verification + real per-product tag data before use in a real test cycle. Real search-service tag-field boost weight = 0 (ServiceConfig_SearchService.png, 2026-08-25) - tag-dimension queries are NOT expected to rank via tag relevance."
Khô Bò,소고기 육포,tag,vi,low,"derived from dev tag taxonomy (lotte_tags_vi_en_ko_description_v2.csv, 2026-08-25) - NO per-SKU tag assignment exists yet, matched only via literal substring of the VI tag name inside product titles - needs QA/BA verification + real per-product tag data before use in a real test cycle. Real search-service tag-field boost weight = 0 (ServiceConfig_SearchService.png, 2026-08-25) - tag-dimension queries are NOT expected to rank via tag relevance."
Bột Nghệ,Turmeric Powder,tag,vi,low,"derived from dev tag taxonomy (lotte_tags_vi_en_ko_description_v2.csv, 2026-08-25) - NO per-SKU tag assignment exists yet, matched only via literal substring of the VI tag name inside product titles - needs QA/BA verification + real per-product tag data before use in a real test cycle. Real search-service tag-field boost weight = 0 (ServiceConfig_SearchService.png, 2026-08-25) - tag-dimension queries are NOT expected to rank via tag relevance."
Bột Nghệ,강황가루,tag,vi,low,"derived from dev tag taxonomy (lotte_tags_vi_en_ko_description_v2.csv, 2026-08-25) - NO per-SKU tag assignment exists yet, matched only via literal substring of the VI tag name inside product titles - needs QA/BA verification + real per-product tag data before use in a real test cycle. Real search-service tag-field boost weight = 0 (ServiceConfig_SearchService.png, 2026-08-25) - tag-dimension queries are NOT expected to rank via tag relevance."
Mì Tương Đen,Jajang Noodles,tag,vi,low,"derived from dev tag taxonomy (lotte_tags_vi_en_ko_description_v2.csv, 2026-08-25) - NO per-SKU tag assignment exists yet, matched only via literal substring of the VI tag name inside product titles - needs QA/BA verification + real per-product tag data before use in a real test cycle. Real search-service tag-field boost weight = 0 (ServiceConfig_SearchService.png, 2026-08-25) - tag-dimension queries are NOT expected to rank via tag relevance."
Mì Tương Đen,짜장면,tag,vi,low,"derived from dev tag taxonomy (lotte_tags_vi_en_ko_description_v2.csv, 2026-08-25) - NO per-SKU tag assignment exists yet, matched only via literal substring of the VI tag name inside product titles - needs QA/BA verification + real per-product tag data before use in a real test cycle. Real search-service tag-field boost weight = 0 (ServiceConfig_SearchService.png, 2026-08-25) - tag-dimension queries are NOT expected to rank via tag relevance."
Gốc Thực Vật,Plant-Based,tag,vi,low,"derived from dev tag taxonomy (lotte_tags_vi_en_ko_description_v2.csv, 2026-08-25) - NO per-SKU tag assignment exists yet, matched only via literal substring of the VI tag name inside product titles - needs QA/BA verification + real per-product tag data before use in a real test cycle. Real search-service tag-field boost weight = 0 (ServiceConfig_SearchService.png, 2026-08-25) - tag-dimension queries are NOT expected to rank via tag relevance."
Gốc Thực Vật,식물성,tag,vi,low,"derived from dev tag taxonomy (lotte_tags_vi_en_ko_description_v2.csv, 2026-08-25) - NO per-SKU tag assignment exists yet, matched only via literal substring of the VI tag name inside product titles - needs QA/BA verification + real per-product tag data before use in a real test cycle. Real search-service tag-field boost weight = 0 (ServiceConfig_SearchService.png, 2026-08-25) - tag-dimension queries are NOT expected to rank via tag relevance."
Tương Cà,Ketchup,tag,vi,low,"derived from dev tag taxonomy (lotte_tags_vi_en_ko_description_v2.csv, 2026-08-25) - NO per-SKU tag assignment exists yet, matched only via literal substring of the VI tag name inside product titles - needs QA/BA verification + real per-product tag data before use in a real test cycle. Real search-service tag-field boost weight = 0 (ServiceConfig_SearchService.png, 2026-08-25) - tag-dimension queries are NOT expected to rank via tag relevance."
Tương Cà,케첩,tag,vi,low,"derived from dev tag taxonomy (lotte_tags_vi_en_ko_description_v2.csv, 2026-08-25) - NO per-SKU tag assignment exists yet, matched only via literal substring of the VI tag name inside product titles - needs QA/BA verification + real per-product tag data before use in a real test cycle. Real search-service tag-field boost weight = 0 (ServiceConfig_SearchService.png, 2026-08-25) - tag-dimension queries are NOT expected to rank via tag relevance."
Dép Nữ,Women's Slippers,tag,vi,low,"derived from dev tag taxonomy (lotte_tags_vi_en_ko_description_v2.csv, 2026-08-25) - NO per-SKU tag assignment exists yet, matched only via literal substring of the VI tag name inside product titles - needs QA/BA verification + real per-product tag data before use in a real test cycle. Real search-service tag-field boost weight = 0 (ServiceConfig_SearchService.png, 2026-08-25) - tag-dimension queries are NOT expected to rank via tag relevance."
Dép Nữ,여성 슬리퍼,tag,vi,low,"derived from dev tag taxonomy (lotte_tags_vi_en_ko_description_v2.csv, 2026-08-25) - NO per-SKU tag assignment exists yet, matched only via literal substring of the VI tag name inside product titles - needs QA/BA verification + real per-product tag data before use in a real test cycle. Real search-service tag-field boost weight = 0 (ServiceConfig_SearchService.png, 2026-08-25) - tag-dimension queries are NOT expected to rank via tag relevance."
Rau Baby,Baby Vegetables,tag,vi,low,"derived from dev tag taxonomy (lotte_tags_vi_en_ko_description_v2.csv, 2026-08-25) - NO per-SKU tag assignment exists yet, matched only via literal substring of the VI tag name inside product titles - needs QA/BA verification + real per-product tag data before use in a real test cycle. Real search-service tag-field boost weight = 0 (ServiceConfig_SearchService.png, 2026-08-25) - tag-dimension queries are NOT expected to rank via tag relevance."
Rau Baby,어린잎 채소,tag,vi,low,"derived from dev tag taxonomy (lotte_tags_vi_en_ko_description_v2.csv, 2026-08-25) - NO per-SKU tag assignment exists yet, matched only via literal substring of the VI tag name inside product titles - needs QA/BA verification + real per-product tag data before use in a real test cycle. Real search-service tag-field boost weight = 0 (ServiceConfig_SearchService.png, 2026-08-25) - tag-dimension queries are NOT expected to rank via tag relevance."
Kẹo Nổ,Popping Candy,tag,vi,low,"derived from dev tag taxonomy (lotte_tags_vi_en_ko_description_v2.csv, 2026-08-25) - NO per-SKU tag assignment exists yet, matched only via literal substring of the VI tag name inside product titles - needs QA/BA verification + real per-product tag data before use in a real test cycle. Real search-service tag-field boost weight = 0 (ServiceConfig_SearchService.png, 2026-08-25) - tag-dimension queries are NOT expected to rank via tag relevance."
Kẹo Nổ,팝핑 캔디,tag,vi,low,"derived from dev tag taxonomy (lotte_tags_vi_en_ko_description_v2.csv, 2026-08-25) - NO per-SKU tag assignment exists yet, matched only via literal substring of the VI tag name inside product titles - needs QA/BA verification + real per-product tag data before use in a real test cycle. Real search-service tag-field boost weight = 0 (ServiceConfig_SearchService.png, 2026-08-25) - tag-dimension queries are NOT expected to rank via tag relevance."
Chân Gà,Chicken Feet,tag,vi,low,"derived from dev tag taxonomy (lotte_tags_vi_en_ko_description_v2.csv, 2026-08-25) - NO per-SKU tag assignment exists yet, matched only via literal substring of the VI tag name inside product titles - needs QA/BA verification + real per-product tag data before use in a real test cycle. Real search-service tag-field boost weight = 0 (ServiceConfig_SearchService.png, 2026-08-25) - tag-dimension queries are NOT expected to rank via tag relevance."
Chân Gà,닭발,tag,vi,low,"derived from dev tag taxonomy (lotte_tags_vi_en_ko_description_v2.csv, 2026-08-25) - NO per-SKU tag assignment exists yet, matched only via literal substring of the VI tag name inside product titles - needs QA/BA verification + real per-product tag data before use in a real test cycle. Real search-service tag-field boost weight = 0 (ServiceConfig_SearchService.png, 2026-08-25) - tag-dimension queries are NOT expected to rank via tag relevance."
Gạo ST25,ST25 Rice,tag,vi,low,"derived from dev tag taxonomy (lotte_tags_vi_en_ko_description_v2.csv, 2026-08-25) - NO per-SKU tag assignment exists yet, matched only via literal substring of the VI tag name inside product titles - needs QA/BA verification + real per-product tag data before use in a real test cycle. Real search-service tag-field boost weight = 0 (ServiceConfig_SearchService.png, 2026-08-25) - tag-dimension queries are NOT expected to rank via tag relevance."
Gạo ST25,ST25 쌀,tag,vi,low,"derived from dev tag taxonomy (lotte_tags_vi_en_ko_description_v2.csv, 2026-08-25) - NO per-SKU tag assignment exists yet, matched only via literal substring of the VI tag name inside product titles - needs QA/BA verification + real per-product tag data before use in a real test cycle. Real search-service tag-field boost weight = 0 (ServiceConfig_SearchService.png, 2026-08-25) - tag-dimension queries are NOT expected to rank via tag relevance."
Bắp Ngọt,Sweet Corn,tag,vi,low,"derived from dev tag taxonomy (lotte_tags_vi_en_ko_description_v2.csv, 2026-08-25) - NO per-SKU tag assignment exists yet, matched only via literal substring of the VI tag name inside product titles - needs QA/BA verification + real per-product tag data before use in a real test cycle. Real search-service tag-field boost weight = 0 (ServiceConfig_SearchService.png, 2026-08-25) - tag-dimension queries are NOT expected to rank via tag relevance."
Bắp Ngọt,스위트콘,tag,vi,low,"derived from dev tag taxonomy (lotte_tags_vi_en_ko_description_v2.csv, 2026-08-25) - NO per-SKU tag assignment exists yet, matched only via literal substring of the VI tag name inside product titles - needs QA/BA verification + real per-product tag data before use in a real test cycle. Real search-service tag-field boost weight = 0 (ServiceConfig_SearchService.png, 2026-08-25) - tag-dimension queries are NOT expected to rank via tag relevance."
Váng Sữa,Milk Cream Dessert,tag,vi,low,"derived from dev tag taxonomy (lotte_tags_vi_en_ko_description_v2.csv, 2026-08-25) - NO per-SKU tag assignment exists yet, matched only via literal substring of the VI tag name inside product titles - needs QA/BA verification + real per-product tag data before use in a real test cycle. Real search-service tag-field boost weight = 0 (ServiceConfig_SearchService.png, 2026-08-25) - tag-dimension queries are NOT expected to rank via tag relevance."
Váng Sữa,우유 크림 디저트,tag,vi,low,"derived from dev tag taxonomy (lotte_tags_vi_en_ko_description_v2.csv, 2026-08-25) - NO per-SKU tag assignment exists yet, matched only via literal substring of the VI tag name inside product titles - needs QA/BA verification + real per-product tag data before use in a real test cycle. Real search-service tag-field boost weight = 0 (ServiceConfig_SearchService.png, 2026-08-25) - tag-dimension queries are NOT expected to rank via tag relevance."
Nĩa,Fork,tag,vi,low,"derived from dev tag taxonomy (lotte_tags_vi_en_ko_description_v2.csv, 2026-08-25) - NO per-SKU tag assignment exists yet, matched only via literal substring of the VI tag name inside product titles - needs QA/BA verification + real per-product tag data before use in a real test cycle. Real search-service tag-field boost weight = 0 (ServiceConfig_SearchService.png, 2026-08-25) - tag-dimension queries are NOT expected to rank via tag relevance."
Nĩa,포크,tag,vi,low,"derived from dev tag taxonomy (lotte_tags_vi_en_ko_description_v2.csv, 2026-08-25) - NO per-SKU tag assignment exists yet, matched only via literal substring of the VI tag name inside product titles - needs QA/BA verification + real per-product tag data before use in a real test cycle. Real search-service tag-field boost weight = 0 (ServiceConfig_SearchService.png, 2026-08-25) - tag-dimension queries are NOT expected to rank via tag relevance."
Khô Gà,Dried Chicken,tag,vi,low,"derived from dev tag taxonomy (lotte_tags_vi_en_ko_description_v2.csv, 2026-08-25) - NO per-SKU tag assignment exists yet, matched only via literal substring of the VI tag name inside product titles - needs QA/BA verification + real per-product tag data before use in a real test cycle. Real search-service tag-field boost weight = 0 (ServiceConfig_SearchService.png, 2026-08-25) - tag-dimension queries are NOT expected to rank via tag relevance."
Khô Gà,닭고기 육포,tag,vi,low,"derived from dev tag taxonomy (lotte_tags_vi_en_ko_description_v2.csv, 2026-08-25) - NO per-SKU tag assignment exists yet, matched only via literal substring of the VI tag name inside product titles - needs QA/BA verification + real per-product tag data before use in a real test cycle. Real search-service tag-field boost weight = 0 (ServiceConfig_SearchService.png, 2026-08-25) - tag-dimension queries are NOT expected to rank via tag relevance."
Bò Viên,Beef Balls,tag,vi,low,"derived from dev tag taxonomy (lotte_tags_vi_en_ko_description_v2.csv, 2026-08-25) - NO per-SKU tag assignment exists yet, matched only via literal substring of the VI tag name inside product titles - needs QA/BA verification + real per-product tag data before use in a real test cycle. Real search-service tag-field boost weight = 0 (ServiceConfig_SearchService.png, 2026-08-25) - tag-dimension queries are NOT expected to rank via tag relevance."
Bò Viên,소고기 완자,tag,vi,low,"derived from dev tag taxonomy (lotte_tags_vi_en_ko_description_v2.csv, 2026-08-25) - NO per-SKU tag assignment exists yet, matched only via literal substring of the VI tag name inside product titles - needs QA/BA verification + real per-product tag data before use in a real test cycle. Real search-service tag-field boost weight = 0 (ServiceConfig_SearchService.png, 2026-08-25) - tag-dimension queries are NOT expected to rank via tag relevance."
Cơm Cuộn,Rice Rolls,tag,vi,low,"derived from dev tag taxonomy (lotte_tags_vi_en_ko_description_v2.csv, 2026-08-25) - NO per-SKU tag assignment exists yet, matched only via literal substring of the VI tag name inside product titles - needs QA/BA verification + real per-product tag data before use in a real test cycle. Real search-service tag-field boost weight = 0 (ServiceConfig_SearchService.png, 2026-08-25) - tag-dimension queries are NOT expected to rank via tag relevance."
Cơm Cuộn,김밥·라이스롤,tag,vi,low,"derived from dev tag taxonomy (lotte_tags_vi_en_ko_description_v2.csv, 2026-08-25) - NO per-SKU tag assignment exists yet, matched only via literal substring of the VI tag name inside product titles - needs QA/BA verification + real per-product tag data before use in a real test cycle. Real search-service tag-field boost weight = 0 (ServiceConfig_SearchService.png, 2026-08-25) - tag-dimension queries are NOT expected to rank via tag relevance."
Bút Xóa,Correction Pen,tag,vi,low,"derived from dev tag taxonomy (lotte_tags_vi_en_ko_description_v2.csv, 2026-08-25) - NO per-SKU tag assignment exists yet, matched only via literal substring of the VI tag name inside product titles - needs QA/BA verification + real per-product tag data before use in a real test cycle. Real search-service tag-field boost weight = 0 (ServiceConfig_SearchService.png, 2026-08-25) - tag-dimension queries are NOT expected to rank via tag relevance."
Bút Xóa,수정펜,tag,vi,low,"derived from dev tag taxonomy (lotte_tags_vi_en_ko_description_v2.csv, 2026-08-25) - NO per-SKU tag assignment exists yet, matched only via literal substring of the VI tag name inside product titles - needs QA/BA verification + real per-product tag data before use in a real test cycle. Real search-service tag-field boost weight = 0 (ServiceConfig_SearchService.png, 2026-08-25) - tag-dimension queries are NOT expected to rank via tag relevance."
Trà Đào,Peach Tea,tag,vi,low,"derived from dev tag taxonomy (lotte_tags_vi_en_ko_description_v2.csv, 2026-08-25) - NO per-SKU tag assignment exists yet, matched only via literal substring of the VI tag name inside product titles - needs QA/BA verification + real per-product tag data before use in a real test cycle. Real search-service tag-field boost weight = 0 (ServiceConfig_SearchService.png, 2026-08-25) - tag-dimension queries are NOT expected to rank via tag relevance."
Trà Đào,복숭아차,tag,vi,low,"derived from dev tag taxonomy (lotte_tags_vi_en_ko_description_v2.csv, 2026-08-25) - NO per-SKU tag assignment exists yet, matched only via literal substring of the VI tag name inside product titles - needs QA/BA verification + real per-product tag data before use in a real test cycle. Real search-service tag-field boost weight = 0 (ServiceConfig_SearchService.png, 2026-08-25) - tag-dimension queries are NOT expected to rank via tag relevance."
Không Cồn,Non-Alcoholic,tag,vi,low,"derived from dev tag taxonomy (lotte_tags_vi_en_ko_description_v2.csv, 2026-08-25) - NO per-SKU tag assignment exists yet, matched only via literal substring of the VI tag name inside product titles - needs QA/BA verification + real per-product tag data before use in a real test cycle. Real search-service tag-field boost weight = 0 (ServiceConfig_SearchService.png, 2026-08-25) - tag-dimension queries are NOT expected to rank via tag relevance."
Không Cồn,무알코올,tag,vi,low,"derived from dev tag taxonomy (lotte_tags_vi_en_ko_description_v2.csv, 2026-08-25) - NO per-SKU tag assignment exists yet, matched only via literal substring of the VI tag name inside product titles - needs QA/BA verification + real per-product tag data before use in a real test cycle. Real search-service tag-field boost weight = 0 (ServiceConfig_SearchService.png, 2026-08-25) - tag-dimension queries are NOT expected to rank via tag relevance."
Bánh Kem,Cake,tag,vi,low,"derived from dev tag taxonomy (lotte_tags_vi_en_ko_description_v2.csv, 2026-08-25) - NO per-SKU tag assignment exists yet, matched only via literal substring of the VI tag name inside product titles - needs QA/BA verification + real per-product tag data before use in a real test cycle. Real search-service tag-field boost weight = 0 (ServiceConfig_SearchService.png, 2026-08-25) - tag-dimension queries are NOT expected to rank via tag relevance."
Bánh Kem,케이크,tag,vi,low,"derived from dev tag taxonomy (lotte_tags_vi_en_ko_description_v2.csv, 2026-08-25) - NO per-SKU tag assignment exists yet, matched only via literal substring of the VI tag name inside product titles - needs QA/BA verification + real per-product tag data before use in a real test cycle. Real search-service tag-field boost weight = 0 (ServiceConfig_SearchService.png, 2026-08-25) - tag-dimension queries are NOT expected to rank via tag relevance."
Rượu Vodka,Vodka,tag,vi,low,"derived from dev tag taxonomy (lotte_tags_vi_en_ko_description_v2.csv, 2026-08-25) - NO per-SKU tag assignment exists yet, matched only via literal substring of the VI tag name inside product titles - needs QA/BA verification + real per-product tag data before use in a real test cycle. Real search-service tag-field boost weight = 0 (ServiceConfig_SearchService.png, 2026-08-25) - tag-dimension queries are NOT expected to rank via tag relevance."
Rượu Vodka,보드카,tag,vi,low,"derived from dev tag taxonomy (lotte_tags_vi_en_ko_description_v2.csv, 2026-08-25) - NO per-SKU tag assignment exists yet, matched only via literal substring of the VI tag name inside product titles - needs QA/BA verification + real per-product tag data before use in a real test cycle. Real search-service tag-field boost weight = 0 (ServiceConfig_SearchService.png, 2026-08-25) - tag-dimension queries are NOT expected to rank via tag relevance."
Tteokbokki,Tteokbokki,tag,vi,low,"derived from dev tag taxonomy (lotte_tags_vi_en_ko_description_v2.csv, 2026-08-25) - NO per-SKU tag assignment exists yet, matched only via literal substring of the VI tag name inside product titles - needs QA/BA verification + real per-product tag data before use in a real test cycle. Real search-service tag-field boost weight = 0 (ServiceConfig_SearchService.png, 2026-08-25) - tag-dimension queries are NOT expected to rank via tag relevance."
Tteokbokki,떡볶이,tag,vi,low,"derived from dev tag taxonomy (lotte_tags_vi_en_ko_description_v2.csv, 2026-08-25) - NO per-SKU tag assignment exists yet, matched only via literal substring of the VI tag name inside product titles - needs QA/BA verification + real per-product tag data before use in a real test cycle. Real search-service tag-field boost weight = 0 (ServiceConfig_SearchService.png, 2026-08-25) - tag-dimension queries are NOT expected to rank via tag relevance."
Túi Tote,Tote Bag,tag,vi,low,"derived from dev tag taxonomy (lotte_tags_vi_en_ko_description_v2.csv, 2026-08-25) - NO per-SKU tag assignment exists yet, matched only via literal substring of the VI tag name inside product titles - needs QA/BA verification + real per-product tag data before use in a real test cycle. Real search-service tag-field boost weight = 0 (ServiceConfig_SearchService.png, 2026-08-25) - tag-dimension queries are NOT expected to rank via tag relevance."
Túi Tote,토트백,tag,vi,low,"derived from dev tag taxonomy (lotte_tags_vi_en_ko_description_v2.csv, 2026-08-25) - NO per-SKU tag assignment exists yet, matched only via literal substring of the VI tag name inside product titles - needs QA/BA verification + real per-product tag data before use in a real test cycle. Real search-service tag-field boost weight = 0 (ServiceConfig_SearchService.png, 2026-08-25) - tag-dimension queries are NOT expected to rank via tag relevance."
Sấy Giòn,Crispy Dried,tag,vi,low,"derived from dev tag taxonomy (lotte_tags_vi_en_ko_description_v2.csv, 2026-08-25) - NO per-SKU tag assignment exists yet, matched only via literal substring of the VI tag name inside product titles - needs QA/BA verification + real per-product tag data before use in a real test cycle. Real search-service tag-field boost weight = 0 (ServiceConfig_SearchService.png, 2026-08-25) - tag-dimension queries are NOT expected to rank via tag relevance."
Sấy Giòn,바삭 건조,tag,vi,low,"derived from dev tag taxonomy (lotte_tags_vi_en_ko_description_v2.csv, 2026-08-25) - NO per-SKU tag assignment exists yet, matched only via literal substring of the VI tag name inside product titles - needs QA/BA verification + real per-product tag data before use in a real test cycle. Real search-service tag-field boost weight = 0 (ServiceConfig_SearchService.png, 2026-08-25) - tag-dimension queries are NOT expected to rank via tag relevance."
Kẹo Dừa,Coconut Candy,tag,vi,low,"derived from dev tag taxonomy (lotte_tags_vi_en_ko_description_v2.csv, 2026-08-25) - NO per-SKU tag assignment exists yet, matched only via literal substring of the VI tag name inside product titles - needs QA/BA verification + real per-product tag data before use in a real test cycle. Real search-service tag-field boost weight = 0 (ServiceConfig_SearchService.png, 2026-08-25) - tag-dimension queries are NOT expected to rank via tag relevance."
Kẹo Dừa,코코넛 캔디,tag,vi,low,"derived from dev tag taxonomy (lotte_tags_vi_en_ko_description_v2.csv, 2026-08-25) - NO per-SKU tag assignment exists yet, matched only via literal substring of the VI tag name inside product titles - needs QA/BA verification + real per-product tag data before use in a real test cycle. Real search-service tag-field boost weight = 0 (ServiceConfig_SearchService.png, 2026-08-25) - tag-dimension queries are NOT expected to rank via tag relevance."
Tiêu Sọ,White Pepper,tag,vi,low,"derived from dev tag taxonomy (lotte_tags_vi_en_ko_description_v2.csv, 2026-08-25) - NO per-SKU tag assignment exists yet, matched only via literal substring of the VI tag name inside product titles - needs QA/BA verification + real per-product tag data before use in a real test cycle. Real search-service tag-field boost weight = 0 (ServiceConfig_SearchService.png, 2026-08-25) - tag-dimension queries are NOT expected to rank via tag relevance."
Tiêu Sọ,백후추,tag,vi,low,"derived from dev tag taxonomy (lotte_tags_vi_en_ko_description_v2.csv, 2026-08-25) - NO per-SKU tag assignment exists yet, matched only via literal substring of the VI tag name inside product titles - needs QA/BA verification + real per-product tag data before use in a real test cycle. Real search-service tag-field boost weight = 0 (ServiceConfig_SearchService.png, 2026-08-25) - tag-dimension queries are NOT expected to rank via tag relevance."
Tăm Bông,Cotton Swabs,tag,vi,low,"derived from dev tag taxonomy (lotte_tags_vi_en_ko_description_v2.csv, 2026-08-25) - NO per-SKU tag assignment exists yet, matched only via literal substring of the VI tag name inside product titles - needs QA/BA verification + real per-product tag data before use in a real test cycle. Real search-service tag-field boost weight = 0 (ServiceConfig_SearchService.png, 2026-08-25) - tag-dimension queries are NOT expected to rank via tag relevance."
Tăm Bông,면봉,tag,vi,low,"derived from dev tag taxonomy (lotte_tags_vi_en_ko_description_v2.csv, 2026-08-25) - NO per-SKU tag assignment exists yet, matched only via literal substring of the VI tag name inside product titles - needs QA/BA verification + real per-product tag data before use in a real test cycle. Real search-service tag-field boost weight = 0 (ServiceConfig_SearchService.png, 2026-08-25) - tag-dimension queries are NOT expected to rank via tag relevance."
Khoai Môn,Taro,tag,vi,low,"derived from dev tag taxonomy (lotte_tags_vi_en_ko_description_v2.csv, 2026-08-25) - NO per-SKU tag assignment exists yet, matched only via literal substring of the VI tag name inside product titles - needs QA/BA verification + real per-product tag data before use in a real test cycle. Real search-service tag-field boost weight = 0 (ServiceConfig_SearchService.png, 2026-08-25) - tag-dimension queries are NOT expected to rank via tag relevance."
Khoai Môn,토란,tag,vi,low,"derived from dev tag taxonomy (lotte_tags_vi_en_ko_description_v2.csv, 2026-08-25) - NO per-SKU tag assignment exists yet, matched only via literal substring of the VI tag name inside product titles - needs QA/BA verification + real per-product tag data before use in a real test cycle. Real search-service tag-field boost weight = 0 (ServiceConfig_SearchService.png, 2026-08-25) - tag-dimension queries are NOT expected to rank via tag relevance."
Nước Ép Cam,Orange Juice,tag,vi,low,"derived from dev tag taxonomy (lotte_tags_vi_en_ko_description_v2.csv, 2026-08-25) - NO per-SKU tag assignment exists yet, matched only via literal substring of the VI tag name inside product titles - needs QA/BA verification + real per-product tag data before use in a real test cycle. Real search-service tag-field boost weight = 0 (ServiceConfig_SearchService.png, 2026-08-25) - tag-dimension queries are NOT expected to rank via tag relevance."
Nước Ép Cam,오렌지 주스,tag,vi,low,"derived from dev tag taxonomy (lotte_tags_vi_en_ko_description_v2.csv, 2026-08-25) - NO per-SKU tag assignment exists yet, matched only via literal substring of the VI tag name inside product titles - needs QA/BA verification + real per-product tag data before use in a real test cycle. Real search-service tag-field boost weight = 0 (ServiceConfig_SearchService.png, 2026-08-25) - tag-dimension queries are NOT expected to rank via tag relevance."
Vỏ Gối,Pillowcase,tag,vi,low,"derived from dev tag taxonomy (lotte_tags_vi_en_ko_description_v2.csv, 2026-08-25) - NO per-SKU tag assignment exists yet, matched only via literal substring of the VI tag name inside product titles - needs QA/BA verification + real per-product tag data before use in a real test cycle. Real search-service tag-field boost weight = 0 (ServiceConfig_SearchService.png, 2026-08-25) - tag-dimension queries are NOT expected to rank via tag relevance."
Vỏ Gối,베개 커버,tag,vi,low,"derived from dev tag taxonomy (lotte_tags_vi_en_ko_description_v2.csv, 2026-08-25) - NO per-SKU tag assignment exists yet, matched only via literal substring of the VI tag name inside product titles - needs QA/BA verification + real per-product tag data before use in a real test cycle. Real search-service tag-field boost weight = 0 (ServiceConfig_SearchService.png, 2026-08-25) - tag-dimension queries are NOT expected to rank via tag relevance."
Xoài Tươi,Fresh Mango,tag,vi,low,"derived from dev tag taxonomy (lotte_tags_vi_en_ko_description_v2.csv, 2026-08-25) - NO per-SKU tag assignment exists yet, matched only via literal substring of the VI tag name inside product titles - needs QA/BA verification + real per-product tag data before use in a real test cycle. Real search-service tag-field boost weight = 0 (ServiceConfig_SearchService.png, 2026-08-25) - tag-dimension queries are NOT expected to rank via tag relevance."
Xoài Tươi,신선 망고,tag,vi,low,"derived from dev tag taxonomy (lotte_tags_vi_en_ko_description_v2.csv, 2026-08-25) - NO per-SKU tag assignment exists yet, matched only via literal substring of the VI tag name inside product titles - needs QA/BA verification + real per-product tag data before use in a real test cycle. Real search-service tag-field boost weight = 0 (ServiceConfig_SearchService.png, 2026-08-25) - tag-dimension queries are NOT expected to rank via tag relevance."
Chăn Mền,Blanket,tag,vi,low,"derived from dev tag taxonomy (lotte_tags_vi_en_ko_description_v2.csv, 2026-08-25) - NO per-SKU tag assignment exists yet, matched only via literal substring of the VI tag name inside product titles - needs QA/BA verification + real per-product tag data before use in a real test cycle. Real search-service tag-field boost weight = 0 (ServiceConfig_SearchService.png, 2026-08-25) - tag-dimension queries are NOT expected to rank via tag relevance."
Chăn Mền,담요,tag,vi,low,"derived from dev tag taxonomy (lotte_tags_vi_en_ko_description_v2.csv, 2026-08-25) - NO per-SKU tag assignment exists yet, matched only via literal substring of the VI tag name inside product titles - needs QA/BA verification + real per-product tag data before use in a real test cycle. Real search-service tag-field boost weight = 0 (ServiceConfig_SearchService.png, 2026-08-25) - tag-dimension queries are NOT expected to rank via tag relevance."
Bút Highlight,Highlighter,tag,vi,low,"derived from dev tag taxonomy (lotte_tags_vi_en_ko_description_v2.csv, 2026-08-25) - NO per-SKU tag assignment exists yet, matched only via literal substring of the VI tag name inside product titles - needs QA/BA verification + real per-product tag data before use in a real test cycle. Real search-service tag-field boost weight = 0 (ServiceConfig_SearchService.png, 2026-08-25) - tag-dimension queries are NOT expected to rank via tag relevance."
Bút Highlight,형광펜,tag,vi,low,"derived from dev tag taxonomy (lotte_tags_vi_en_ko_description_v2.csv, 2026-08-25) - NO per-SKU tag assignment exists yet, matched only via literal substring of the VI tag name inside product titles - needs QA/BA verification + real per-product tag data before use in a real test cycle. Real search-service tag-field boost weight = 0 (ServiceConfig_SearchService.png, 2026-08-25) - tag-dimension queries are NOT expected to rank via tag relevance."
Rang Muối,Salt-Roasted,tag,vi,low,"derived from dev tag taxonomy (lotte_tags_vi_en_ko_description_v2.csv, 2026-08-25) - NO per-SKU tag assignment exists yet, matched only via literal substring of the VI tag name inside product titles - needs QA/BA verification + real per-product tag data before use in a real test cycle. Real search-service tag-field boost weight = 0 (ServiceConfig_SearchService.png, 2026-08-25) - tag-dimension queries are NOT expected to rank via tag relevance."
Rang Muối,소금구이,tag,vi,low,"derived from dev tag taxonomy (lotte_tags_vi_en_ko_description_v2.csv, 2026-08-25) - NO per-SKU tag assignment exists yet, matched only via literal substring of the VI tag name inside product titles - needs QA/BA verification + real per-product tag data before use in a real test cycle. Real search-service tag-field boost weight = 0 (ServiceConfig_SearchService.png, 2026-08-25) - tag-dimension queries are NOT expected to rank via tag relevance."
Sốt Salad,Salad Dressing,tag,vi,low,"derived from dev tag taxonomy (lotte_tags_vi_en_ko_description_v2.csv, 2026-08-25) - NO per-SKU tag assignment exists yet, matched only via literal substring of the VI tag name inside product titles - needs QA/BA verification + real per-product tag data before use in a real test cycle. Real search-service tag-field boost weight = 0 (ServiceConfig_SearchService.png, 2026-08-25) - tag-dimension queries are NOT expected to rank via tag relevance."
Sốt Salad,샐러드 드레싱,tag,vi,low,"derived from dev tag taxonomy (lotte_tags_vi_en_ko_description_v2.csv, 2026-08-25) - NO per-SKU tag assignment exists yet, matched only via literal substring of the VI tag name inside product titles - needs QA/BA verification + real per-product tag data before use in a real test cycle. Real search-service tag-field boost weight = 0 (ServiceConfig_SearchService.png, 2026-08-25) - tag-dimension queries are NOT expected to rank via tag relevance."
Ly Rượu,Wine Glass,tag,vi,low,"derived from dev tag taxonomy (lotte_tags_vi_en_ko_description_v2.csv, 2026-08-25) - NO per-SKU tag assignment exists yet, matched only via literal substring of the VI tag name inside product titles - needs QA/BA verification + real per-product tag data before use in a real test cycle. Real search-service tag-field boost weight = 0 (ServiceConfig_SearchService.png, 2026-08-25) - tag-dimension queries are NOT expected to rank via tag relevance."
Ly Rượu,와인잔,tag,vi,low,"derived from dev tag taxonomy (lotte_tags_vi_en_ko_description_v2.csv, 2026-08-25) - NO per-SKU tag assignment exists yet, matched only via literal substring of the VI tag name inside product titles - needs QA/BA verification + real per-product tag data before use in a real test cycle. Real search-service tag-field boost weight = 0 (ServiceConfig_SearchService.png, 2026-08-25) - tag-dimension queries are NOT expected to rank via tag relevance."
Nước Ion,Ionized Water,tag,vi,low,"derived from dev tag taxonomy (lotte_tags_vi_en_ko_description_v2.csv, 2026-08-25) - NO per-SKU tag assignment exists yet, matched only via literal substring of the VI tag name inside product titles - needs QA/BA verification + real per-product tag data before use in a real test cycle. Real search-service tag-field boost weight = 0 (ServiceConfig_SearchService.png, 2026-08-25) - tag-dimension queries are NOT expected to rank via tag relevance."
Nước Ion,이온수,tag,vi,low,"derived from dev tag taxonomy (lotte_tags_vi_en_ko_description_v2.csv, 2026-08-25) - NO per-SKU tag assignment exists yet, matched only via literal substring of the VI tag name inside product titles - needs QA/BA verification + real per-product tag data before use in a real test cycle. Real search-service tag-field boost weight = 0 (ServiceConfig_SearchService.png, 2026-08-25) - tag-dimension queries are NOT expected to rank via tag relevance."
Thùng Đá,Ice Box,tag,vi,low,"derived from dev tag taxonomy (lotte_tags_vi_en_ko_description_v2.csv, 2026-08-25) - NO per-SKU tag assignment exists yet, matched only via literal substring of the VI tag name inside product titles - needs QA/BA verification + real per-product tag data before use in a real test cycle. Real search-service tag-field boost weight = 0 (ServiceConfig_SearchService.png, 2026-08-25) - tag-dimension queries are NOT expected to rank via tag relevance."
Thùng Đá,아이스박스,tag,vi,low,"derived from dev tag taxonomy (lotte_tags_vi_en_ko_description_v2.csv, 2026-08-25) - NO per-SKU tag assignment exists yet, matched only via literal substring of the VI tag name inside product titles - needs QA/BA verification + real per-product tag data before use in a real test cycle. Real search-service tag-field boost weight = 0 (ServiceConfig_SearchService.png, 2026-08-25) - tag-dimension queries are NOT expected to rank via tag relevance."
Mì Chay,Vegetarian Noodles,tag,vi,low,"derived from dev tag taxonomy (lotte_tags_vi_en_ko_description_v2.csv, 2026-08-25) - NO per-SKU tag assignment exists yet, matched only via literal substring of the VI tag name inside product titles - needs QA/BA verification + real per-product tag data before use in a real test cycle. Real search-service tag-field boost weight = 0 (ServiceConfig_SearchService.png, 2026-08-25) - tag-dimension queries are NOT expected to rank via tag relevance."
Mì Chay,채식 면,tag,vi,low,"derived from dev tag taxonomy (lotte_tags_vi_en_ko_description_v2.csv, 2026-08-25) - NO per-SKU tag assignment exists yet, matched only via literal substring of the VI tag name inside product titles - needs QA/BA verification + real per-product tag data before use in a real test cycle. Real search-service tag-field boost weight = 0 (ServiceConfig_SearchService.png, 2026-08-25) - tag-dimension queries are NOT expected to rank via tag relevance."
Chuối Tươi,Fresh Banana,tag,vi,low,"derived from dev tag taxonomy (lotte_tags_vi_en_ko_description_v2.csv, 2026-08-25) - NO per-SKU tag assignment exists yet, matched only via literal substring of the VI tag name inside product titles - needs QA/BA verification + real per-product tag data before use in a real test cycle. Real search-service tag-field boost weight = 0 (ServiceConfig_SearchService.png, 2026-08-25) - tag-dimension queries are NOT expected to rank via tag relevance."
Chuối Tươi,신선 바나나,tag,vi,low,"derived from dev tag taxonomy (lotte_tags_vi_en_ko_description_v2.csv, 2026-08-25) - NO per-SKU tag assignment exists yet, matched only via literal substring of the VI tag name inside product titles - needs QA/BA verification + real per-product tag data before use in a real test cycle. Real search-service tag-field boost weight = 0 (ServiceConfig_SearchService.png, 2026-08-25) - tag-dimension queries are NOT expected to rank via tag relevance."
Hạt Chia,Chia Seeds,tag,vi,low,"derived from dev tag taxonomy (lotte_tags_vi_en_ko_description_v2.csv, 2026-08-25) - NO per-SKU tag assignment exists yet, matched only via literal substring of the VI tag name inside product titles - needs QA/BA verification + real per-product tag data before use in a real test cycle. Real search-service tag-field boost weight = 0 (ServiceConfig_SearchService.png, 2026-08-25) - tag-dimension queries are NOT expected to rank via tag relevance."
Hạt Chia,치아씨드,tag,vi,low,"derived from dev tag taxonomy (lotte_tags_vi_en_ko_description_v2.csv, 2026-08-25) - NO per-SKU tag assignment exists yet, matched only via literal substring of the VI tag name inside product titles - needs QA/BA verification + real per-product tag data before use in a real test cycle. Real search-service tag-field boost weight = 0 (ServiceConfig_SearchService.png, 2026-08-25) - tag-dimension queries are NOT expected to rank via tag relevance."
Bột Gạo,Rice Flour,tag,vi,low,"derived from dev tag taxonomy (lotte_tags_vi_en_ko_description_v2.csv, 2026-08-25) - NO per-SKU tag assignment exists yet, matched only via literal substring of the VI tag name inside product titles - needs QA/BA verification + real per-product tag data before use in a real test cycle. Real search-service tag-field boost weight = 0 (ServiceConfig_SearchService.png, 2026-08-25) - tag-dimension queries are NOT expected to rank via tag relevance."
Bột Gạo,쌀가루,tag,vi,low,"derived from dev tag taxonomy (lotte_tags_vi_en_ko_description_v2.csv, 2026-08-25) - NO per-SKU tag assignment exists yet, matched only via literal substring of the VI tag name inside product titles - needs QA/BA verification + real per-product tag data before use in a real test cycle. Real search-service tag-field boost weight = 0 (ServiceConfig_SearchService.png, 2026-08-25) - tag-dimension queries are NOT expected to rank via tag relevance."
Túi Thơm,Scented Sachet,tag,vi,low,"derived from dev tag taxonomy (lotte_tags_vi_en_ko_description_v2.csv, 2026-08-25) - NO per-SKU tag assignment exists yet, matched only via literal substring of the VI tag name inside product titles - needs QA/BA verification + real per-product tag data before use in a real test cycle. Real search-service tag-field boost weight = 0 (ServiceConfig_SearchService.png, 2026-08-25) - tag-dimension queries are NOT expected to rank via tag relevance."
Túi Thơm,향주머니,tag,vi,low,"derived from dev tag taxonomy (lotte_tags_vi_en_ko_description_v2.csv, 2026-08-25) - NO per-SKU tag assignment exists yet, matched only via literal substring of the VI tag name inside product titles - needs QA/BA verification + real per-product tag data before use in a real test cycle. Real search-service tag-field boost weight = 0 (ServiceConfig_SearchService.png, 2026-08-25) - tag-dimension queries are NOT expected to rank via tag relevance."
Làm Thạch,Jelly Making,tag,vi,low,"derived from dev tag taxonomy (lotte_tags_vi_en_ko_description_v2.csv, 2026-08-25) - NO per-SKU tag assignment exists yet, matched only via literal substring of the VI tag name inside product titles - needs QA/BA verification + real per-product tag data before use in a real test cycle. Real search-service tag-field boost weight = 0 (ServiceConfig_SearchService.png, 2026-08-25) - tag-dimension queries are NOT expected to rank via tag relevance."
Làm Thạch,젤리 만들기,tag,vi,low,"derived from dev tag taxonomy (lotte_tags_vi_en_ko_description_v2.csv, 2026-08-25) - NO per-SKU tag assignment exists yet, matched only via literal substring of the VI tag name inside product titles - needs QA/BA verification + real per-product tag data before use in a real test cycle. Real search-service tag-field boost weight = 0 (ServiceConfig_SearchService.png, 2026-08-25) - tag-dimension queries are NOT expected to rank via tag relevance."
Bánh Đa,Rice Crackers / Rice Sheets,tag,vi,low,"derived from dev tag taxonomy (lotte_tags_vi_en_ko_description_v2.csv, 2026-08-25) - NO per-SKU tag assignment exists yet, matched only via literal substring of the VI tag name inside product titles - needs QA/BA verification + real per-product tag data before use in a real test cycle. Real search-service tag-field boost weight = 0 (ServiceConfig_SearchService.png, 2026-08-25) - tag-dimension queries are NOT expected to rank via tag relevance."
Bánh Đa,쌀과자·쌀전병,tag,vi,low,"derived from dev tag taxonomy (lotte_tags_vi_en_ko_description_v2.csv, 2026-08-25) - NO per-SKU tag assignment exists yet, matched only via literal substring of the VI tag name inside product titles - needs QA/BA verification + real per-product tag data before use in a real test cycle. Real search-service tag-field boost weight = 0 (ServiceConfig_SearchService.png, 2026-08-25) - tag-dimension queries are NOT expected to rank via tag relevance."
Bún Gói,Instant Rice Vermicelli,tag,vi,low,"derived from dev tag taxonomy (lotte_tags_vi_en_ko_description_v2.csv, 2026-08-25) - NO per-SKU tag assignment exists yet, matched only via literal substring of the VI tag name inside product titles - needs QA/BA verification + real per-product tag data before use in a real test cycle. Real search-service tag-field boost weight = 0 (ServiceConfig_SearchService.png, 2026-08-25) - tag-dimension queries are NOT expected to rank via tag relevance."
Bún Gói,즉석 쌀국수면,tag,vi,low,"derived from dev tag taxonomy (lotte_tags_vi_en_ko_description_v2.csv, 2026-08-25) - NO per-SKU tag assignment exists yet, matched only via literal substring of the VI tag name inside product titles - needs QA/BA verification + real per-product tag data before use in a real test cycle. Real search-service tag-field boost weight = 0 (ServiceConfig_SearchService.png, 2026-08-25) - tag-dimension queries are NOT expected to rank via tag relevance."
Phở Gà,Chicken Pho,tag,vi,low,"derived from dev tag taxonomy (lotte_tags_vi_en_ko_description_v2.csv, 2026-08-25) - NO per-SKU tag assignment exists yet, matched only via literal substring of the VI tag name inside product titles - needs QA/BA verification + real per-product tag data before use in a real test cycle. Real search-service tag-field boost weight = 0 (ServiceConfig_SearchService.png, 2026-08-25) - tag-dimension queries are NOT expected to rank via tag relevance."
Phở Gà,닭고기 쌀국수,tag,vi,low,"derived from dev tag taxonomy (lotte_tags_vi_en_ko_description_v2.csv, 2026-08-25) - NO per-SKU tag assignment exists yet, matched only via literal substring of the VI tag name inside product titles - needs QA/BA verification + real per-product tag data before use in a real test cycle. Real search-service tag-field boost weight = 0 (ServiceConfig_SearchService.png, 2026-08-25) - tag-dimension queries are NOT expected to rank via tag relevance."
Toner Pad,Toner Pad,tag,vi,low,"derived from dev tag taxonomy (lotte_tags_vi_en_ko_description_v2.csv, 2026-08-25) - NO per-SKU tag assignment exists yet, matched only via literal substring of the VI tag name inside product titles - needs QA/BA verification + real per-product tag data before use in a real test cycle. Real search-service tag-field boost weight = 0 (ServiceConfig_SearchService.png, 2026-08-25) - tag-dimension queries are NOT expected to rank via tag relevance."
Toner Pad,토너 패드,tag,vi,low,"derived from dev tag taxonomy (lotte_tags_vi_en_ko_description_v2.csv, 2026-08-25) - NO per-SKU tag assignment exists yet, matched only via literal substring of the VI tag name inside product titles - needs QA/BA verification + real per-product tag data before use in a real test cycle. Real search-service tag-field boost weight = 0 (ServiceConfig_SearchService.png, 2026-08-25) - tag-dimension queries are NOT expected to rank via tag relevance."
Mực Ống,Squid,tag,vi,low,"derived from dev tag taxonomy (lotte_tags_vi_en_ko_description_v2.csv, 2026-08-25) - NO per-SKU tag assignment exists yet, matched only via literal substring of the VI tag name inside product titles - needs QA/BA verification + real per-product tag data before use in a real test cycle. Real search-service tag-field boost weight = 0 (ServiceConfig_SearchService.png, 2026-08-25) - tag-dimension queries are NOT expected to rank via tag relevance."
Mực Ống,오징어,tag,vi,low,"derived from dev tag taxonomy (lotte_tags_vi_en_ko_description_v2.csv, 2026-08-25) - NO per-SKU tag assignment exists yet, matched only via literal substring of the VI tag name inside product titles - needs QA/BA verification + real per-product tag data before use in a real test cycle. Real search-service tag-field boost weight = 0 (ServiceConfig_SearchService.png, 2026-08-25) - tag-dimension queries are NOT expected to rank via tag relevance."
Muối Tiêu,Salt & Pepper,tag,vi,low,"derived from dev tag taxonomy (lotte_tags_vi_en_ko_description_v2.csv, 2026-08-25) - NO per-SKU tag assignment exists yet, matched only via literal substring of the VI tag name inside product titles - needs QA/BA verification + real per-product tag data before use in a real test cycle. Real search-service tag-field boost weight = 0 (ServiceConfig_SearchService.png, 2026-08-25) - tag-dimension queries are NOT expected to rank via tag relevance."
Muối Tiêu,소금·후추,tag,vi,low,"derived from dev tag taxonomy (lotte_tags_vi_en_ko_description_v2.csv, 2026-08-25) - NO per-SKU tag assignment exists yet, matched only via literal substring of the VI tag name inside product titles - needs QA/BA verification + real per-product tag data before use in a real test cycle. Real search-service tag-field boost weight = 0 (ServiceConfig_SearchService.png, 2026-08-25) - tag-dimension queries are NOT expected to rank via tag relevance."
Món Salad,Salad Dishes,tag,vi,low,"derived from dev tag taxonomy (lotte_tags_vi_en_ko_description_v2.csv, 2026-08-25) - NO per-SKU tag assignment exists yet, matched only via literal substring of the VI tag name inside product titles - needs QA/BA verification + real per-product tag data before use in a real test cycle. Real search-service tag-field boost weight = 0 (ServiceConfig_SearchService.png, 2026-08-25) - tag-dimension queries are NOT expected to rank via tag relevance."
Món Salad,샐러드 요리,tag,vi,low,"derived from dev tag taxonomy (lotte_tags_vi_en_ko_description_v2.csv, 2026-08-25) - NO per-SKU tag assignment exists yet, matched only via literal substring of the VI tag name inside product titles - needs QA/BA verification + real per-product tag data before use in a real test cycle. Real search-service tag-field boost weight = 0 (ServiceConfig_SearchService.png, 2026-08-25) - tag-dimension queries are NOT expected to rank via tag relevance."
Phở Gói,Instant Pho,tag,vi,low,"derived from dev tag taxonomy (lotte_tags_vi_en_ko_description_v2.csv, 2026-08-25) - NO per-SKU tag assignment exists yet, matched only via literal substring of the VI tag name inside product titles - needs QA/BA verification + real per-product tag data before use in a real test cycle. Real search-service tag-field boost weight = 0 (ServiceConfig_SearchService.png, 2026-08-25) - tag-dimension queries are NOT expected to rank via tag relevance."
Phở Gói,즉석 쌀국수,tag,vi,low,"derived from dev tag taxonomy (lotte_tags_vi_en_ko_description_v2.csv, 2026-08-25) - NO per-SKU tag assignment exists yet, matched only via literal substring of the VI tag name inside product titles - needs QA/BA verification + real per-product tag data before use in a real test cycle. Real search-service tag-field boost weight = 0 (ServiceConfig_SearchService.png, 2026-08-25) - tag-dimension queries are NOT expected to rank via tag relevance."
Thảm Chân,Doormat,tag,vi,low,"derived from dev tag taxonomy (lotte_tags_vi_en_ko_description_v2.csv, 2026-08-25) - NO per-SKU tag assignment exists yet, matched only via literal substring of the VI tag name inside product titles - needs QA/BA verification + real per-product tag data before use in a real test cycle. Real search-service tag-field boost weight = 0 (ServiceConfig_SearchService.png, 2026-08-25) - tag-dimension queries are NOT expected to rank via tag relevance."
Thảm Chân,발매트,tag,vi,low,"derived from dev tag taxonomy (lotte_tags_vi_en_ko_description_v2.csv, 2026-08-25) - NO per-SKU tag assignment exists yet, matched only via literal substring of the VI tag name inside product titles - needs QA/BA verification + real per-product tag data before use in a real test cycle. Real search-service tag-field boost weight = 0 (ServiceConfig_SearchService.png, 2026-08-25) - tag-dimension queries are NOT expected to rank via tag relevance."
Dim Sum,Dim Sum,tag,vi,low,"derived from dev tag taxonomy (lotte_tags_vi_en_ko_description_v2.csv, 2026-08-25) - NO per-SKU tag assignment exists yet, matched only via literal substring of the VI tag name inside product titles - needs QA/BA verification + real per-product tag data before use in a real test cycle. Real search-service tag-field boost weight = 0 (ServiceConfig_SearchService.png, 2026-08-25) - tag-dimension queries are NOT expected to rank via tag relevance."
Dim Sum,딤섬,tag,vi,low,"derived from dev tag taxonomy (lotte_tags_vi_en_ko_description_v2.csv, 2026-08-25) - NO per-SKU tag assignment exists yet, matched only via literal substring of the VI tag name inside product titles - needs QA/BA verification + real per-product tag data before use in a real test cycle. Real search-service tag-field boost weight = 0 (ServiceConfig_SearchService.png, 2026-08-25) - tag-dimension queries are NOT expected to rank via tag relevance."
Nui Ống,Tube Pasta,tag,vi,low,"derived from dev tag taxonomy (lotte_tags_vi_en_ko_description_v2.csv, 2026-08-25) - NO per-SKU tag assignment exists yet, matched only via literal substring of the VI tag name inside product titles - needs QA/BA verification + real per-product tag data before use in a real test cycle. Real search-service tag-field boost weight = 0 (ServiceConfig_SearchService.png, 2026-08-25) - tag-dimension queries are NOT expected to rank via tag relevance."
Nui Ống,튜브 파스타,tag,vi,low,"derived from dev tag taxonomy (lotte_tags_vi_en_ko_description_v2.csv, 2026-08-25) - NO per-SKU tag assignment exists yet, matched only via literal substring of the VI tag name inside product titles - needs QA/BA verification + real per-product tag data before use in a real test cycle. Real search-service tag-field boost weight = 0 (ServiceConfig_SearchService.png, 2026-08-25) - tag-dimension queries are NOT expected to rank via tag relevance."
Dưa Leo,Cucumber,tag,vi,low,"derived from dev tag taxonomy (lotte_tags_vi_en_ko_description_v2.csv, 2026-08-25) - NO per-SKU tag assignment exists yet, matched only via literal substring of the VI tag name inside product titles - needs QA/BA verification + real per-product tag data before use in a real test cycle. Real search-service tag-field boost weight = 0 (ServiceConfig_SearchService.png, 2026-08-25) - tag-dimension queries are NOT expected to rank via tag relevance."
Dưa Leo,오이,tag,vi,low,"derived from dev tag taxonomy (lotte_tags_vi_en_ko_description_v2.csv, 2026-08-25) - NO per-SKU tag assignment exists yet, matched only via literal substring of the VI tag name inside product titles - needs QA/BA verification + real per-product tag data before use in a real test cycle. Real search-service tag-field boost weight = 0 (ServiceConfig_SearchService.png, 2026-08-25) - tag-dimension queries are NOT expected to rank via tag relevance."
Cải Ngọt,Choy Sum,tag,vi,low,"derived from dev tag taxonomy (lotte_tags_vi_en_ko_description_v2.csv, 2026-08-25) - NO per-SKU tag assignment exists yet, matched only via literal substring of the VI tag name inside product titles - needs QA/BA verification + real per-product tag data before use in a real test cycle. Real search-service tag-field boost weight = 0 (ServiceConfig_SearchService.png, 2026-08-25) - tag-dimension queries are NOT expected to rank via tag relevance."
Cải Ngọt,초이섬,tag,vi,low,"derived from dev tag taxonomy (lotte_tags_vi_en_ko_description_v2.csv, 2026-08-25) - NO per-SKU tag assignment exists yet, matched only via literal substring of the VI tag name inside product titles - needs QA/BA verification + real per-product tag data before use in a real test cycle. Real search-service tag-field boost weight = 0 (ServiceConfig_SearchService.png, 2026-08-25) - tag-dimension queries are NOT expected to rank via tag relevance."
Mè Rang,Roasted Sesame,tag,vi,low,"derived from dev tag taxonomy (lotte_tags_vi_en_ko_description_v2.csv, 2026-08-25) - NO per-SKU tag assignment exists yet, matched only via literal substring of the VI tag name inside product titles - needs QA/BA verification + real per-product tag data before use in a real test cycle. Real search-service tag-field boost weight = 0 (ServiceConfig_SearchService.png, 2026-08-25) - tag-dimension queries are NOT expected to rank via tag relevance."
Mè Rang,볶은 참깨,tag,vi,low,"derived from dev tag taxonomy (lotte_tags_vi_en_ko_description_v2.csv, 2026-08-25) - NO per-SKU tag assignment exists yet, matched only via literal substring of the VI tag name inside product titles - needs QA/BA verification + real per-product tag data before use in a real test cycle. Real search-service tag-field boost weight = 0 (ServiceConfig_SearchService.png, 2026-08-25) - tag-dimension queries are NOT expected to rank via tag relevance."
Nhang Muỗi,Mosquito Coil,tag,vi,low,"derived from dev tag taxonomy (lotte_tags_vi_en_ko_description_v2.csv, 2026-08-25) - NO per-SKU tag assignment exists yet, matched only via literal substring of the VI tag name inside product titles - needs QA/BA verification + real per-product tag data before use in a real test cycle. Real search-service tag-field boost weight = 0 (ServiceConfig_SearchService.png, 2026-08-25) - tag-dimension queries are NOT expected to rank via tag relevance."
Nhang Muỗi,모기향,tag,vi,low,"derived from dev tag taxonomy (lotte_tags_vi_en_ko_description_v2.csv, 2026-08-25) - NO per-SKU tag assignment exists yet, matched only via literal substring of the VI tag name inside product titles - needs QA/BA verification + real per-product tag data before use in a real test cycle. Real search-service tag-field boost weight = 0 (ServiceConfig_SearchService.png, 2026-08-25) - tag-dimension queries are NOT expected to rank via tag relevance."
Nhựa Bio,Bioplastic,tag,vi,low,"derived from dev tag taxonomy (lotte_tags_vi_en_ko_description_v2.csv, 2026-08-25) - NO per-SKU tag assignment exists yet, matched only via literal substring of the VI tag name inside product titles - needs QA/BA verification + real per-product tag data before use in a real test cycle. Real search-service tag-field boost weight = 0 (ServiceConfig_SearchService.png, 2026-08-25) - tag-dimension queries are NOT expected to rank via tag relevance."
Nhựa Bio,바이오 플라스틱,tag,vi,low,"derived from dev tag taxonomy (lotte_tags_vi_en_ko_description_v2.csv, 2026-08-25) - NO per-SKU tag assignment exists yet, matched only via literal substring of the VI tag name inside product titles - needs QA/BA verification + real per-product tag data before use in a real test cycle. Real search-service tag-field boost weight = 0 (ServiceConfig_SearchService.png, 2026-08-25) - tag-dimension queries are NOT expected to rank via tag relevance."
Nấu Xào,Stir-Fry Cooking,tag,vi,low,"derived from dev tag taxonomy (lotte_tags_vi_en_ko_description_v2.csv, 2026-08-25) - NO per-SKU tag assignment exists yet, matched only via literal substring of the VI tag name inside product titles - needs QA/BA verification + real per-product tag data before use in a real test cycle. Real search-service tag-field boost weight = 0 (ServiceConfig_SearchService.png, 2026-08-25) - tag-dimension queries are NOT expected to rank via tag relevance."
Nấu Xào,볶음 요리,tag,vi,low,"derived from dev tag taxonomy (lotte_tags_vi_en_ko_description_v2.csv, 2026-08-25) - NO per-SKU tag assignment exists yet, matched only via literal substring of the VI tag name inside product titles - needs QA/BA verification + real per-product tag data before use in a real test cycle. Real search-service tag-field boost weight = 0 (ServiceConfig_SearchService.png, 2026-08-25) - tag-dimension queries are NOT expected to rank via tag relevance."
Cá Nục,Mackerel Scad,tag,vi,low,"derived from dev tag taxonomy (lotte_tags_vi_en_ko_description_v2.csv, 2026-08-25) - NO per-SKU tag assignment exists yet, matched only via literal substring of the VI tag name inside product titles - needs QA/BA verification + real per-product tag data before use in a real test cycle. Real search-service tag-field boost weight = 0 (ServiceConfig_SearchService.png, 2026-08-25) - tag-dimension queries are NOT expected to rank via tag relevance."
Cá Nục,전갱이,tag,vi,low,"derived from dev tag taxonomy (lotte_tags_vi_en_ko_description_v2.csv, 2026-08-25) - NO per-SKU tag assignment exists yet, matched only via literal substring of the VI tag name inside product titles - needs QA/BA verification + real per-product tag data before use in a real test cycle. Real search-service tag-field boost weight = 0 (ServiceConfig_SearchService.png, 2026-08-25) - tag-dimension queries are NOT expected to rank via tag relevance."
Nước Gạo,Rice Drink,tag,vi,low,"derived from dev tag taxonomy (lotte_tags_vi_en_ko_description_v2.csv, 2026-08-25) - NO per-SKU tag assignment exists yet, matched only via literal substring of the VI tag name inside product titles - needs QA/BA verification + real per-product tag data before use in a real test cycle. Real search-service tag-field boost weight = 0 (ServiceConfig_SearchService.png, 2026-08-25) - tag-dimension queries are NOT expected to rank via tag relevance."
Nước Gạo,쌀 음료,tag,vi,low,"derived from dev tag taxonomy (lotte_tags_vi_en_ko_description_v2.csv, 2026-08-25) - NO per-SKU tag assignment exists yet, matched only via literal substring of the VI tag name inside product titles - needs QA/BA verification + real per-product tag data before use in a real test cycle. Real search-service tag-field boost weight = 0 (ServiceConfig_SearchService.png, 2026-08-25) - tag-dimension queries are NOT expected to rank via tag relevance."
Kem Tươi,Whipping Cream,tag,vi,low,"derived from dev tag taxonomy (lotte_tags_vi_en_ko_description_v2.csv, 2026-08-25) - NO per-SKU tag assignment exists yet, matched only via literal substring of the VI tag name inside product titles - needs QA/BA verification + real per-product tag data before use in a real test cycle. Real search-service tag-field boost weight = 0 (ServiceConfig_SearchService.png, 2026-08-25) - tag-dimension queries are NOT expected to rank via tag relevance."
Kem Tươi,휘핑크림,tag,vi,low,"derived from dev tag taxonomy (lotte_tags_vi_en_ko_description_v2.csv, 2026-08-25) - NO per-SKU tag assignment exists yet, matched only via literal substring of the VI tag name inside product titles - needs QA/BA verification + real per-product tag data before use in a real test cycle. Real search-service tag-field boost weight = 0 (ServiceConfig_SearchService.png, 2026-08-25) - tag-dimension queries are NOT expected to rank via tag relevance."
Đậu Xanh,Mung Bean,tag,vi,low,"derived from dev tag taxonomy (lotte_tags_vi_en_ko_description_v2.csv, 2026-08-25) - NO per-SKU tag assignment exists yet, matched only via literal substring of the VI tag name inside product titles - needs QA/BA verification + real per-product tag data before use in a real test cycle. Real search-service tag-field boost weight = 0 (ServiceConfig_SearchService.png, 2026-08-25) - tag-dimension queries are NOT expected to rank via tag relevance."
Đậu Xanh,녹두,tag,vi,low,"derived from dev tag taxonomy (lotte_tags_vi_en_ko_description_v2.csv, 2026-08-25) - NO per-SKU tag assignment exists yet, matched only via literal substring of the VI tag name inside product titles - needs QA/BA verification + real per-product tag data before use in a real test cycle. Real search-service tag-field boost weight = 0 (ServiceConfig_SearchService.png, 2026-08-25) - tag-dimension queries are NOT expected to rank via tag relevance."
Gạo Dẻo,Soft & Sticky Rice,tag,vi,low,"derived from dev tag taxonomy (lotte_tags_vi_en_ko_description_v2.csv, 2026-08-25) - NO per-SKU tag assignment exists yet, matched only via literal substring of the VI tag name inside product titles - needs QA/BA verification + real per-product tag data before use in a real test cycle. Real search-service tag-field boost weight = 0 (ServiceConfig_SearchService.png, 2026-08-25) - tag-dimension queries are NOT expected to rank via tag relevance."
Gạo Dẻo,찰진 쌀,tag,vi,low,"derived from dev tag taxonomy (lotte_tags_vi_en_ko_description_v2.csv, 2026-08-25) - NO per-SKU tag assignment exists yet, matched only via literal substring of the VI tag name inside product titles - needs QA/BA verification + real per-product tag data before use in a real test cycle. Real search-service tag-field boost weight = 0 (ServiceConfig_SearchService.png, 2026-08-25) - tag-dimension queries are NOT expected to rank via tag relevance."
Gạo Thơm,Fragrant Rice,tag,vi,low,"derived from dev tag taxonomy (lotte_tags_vi_en_ko_description_v2.csv, 2026-08-25) - NO per-SKU tag assignment exists yet, matched only via literal substring of the VI tag name inside product titles - needs QA/BA verification + real per-product tag data before use in a real test cycle. Real search-service tag-field boost weight = 0 (ServiceConfig_SearchService.png, 2026-08-25) - tag-dimension queries are NOT expected to rank via tag relevance."
Gạo Thơm,향미 쌀,tag,vi,low,"derived from dev tag taxonomy (lotte_tags_vi_en_ko_description_v2.csv, 2026-08-25) - NO per-SKU tag assignment exists yet, matched only via literal substring of the VI tag name inside product titles - needs QA/BA verification + real per-product tag data before use in a real test cycle. Real search-service tag-field boost weight = 0 (ServiceConfig_SearchService.png, 2026-08-25) - tag-dimension queries are NOT expected to rank via tag relevance."
Xương Gà,Chicken Bones,tag,vi,low,"derived from dev tag taxonomy (lotte_tags_vi_en_ko_description_v2.csv, 2026-08-25) - NO per-SKU tag assignment exists yet, matched only via literal substring of the VI tag name inside product titles - needs QA/BA verification + real per-product tag data before use in a real test cycle. Real search-service tag-field boost weight = 0 (ServiceConfig_SearchService.png, 2026-08-25) - tag-dimension queries are NOT expected to rank via tag relevance."
Xương Gà,닭뼈,tag,vi,low,"derived from dev tag taxonomy (lotte_tags_vi_en_ko_description_v2.csv, 2026-08-25) - NO per-SKU tag assignment exists yet, matched only via literal substring of the VI tag name inside product titles - needs QA/BA verification + real per-product tag data before use in a real test cycle. Real search-service tag-field boost weight = 0 (ServiceConfig_SearchService.png, 2026-08-25) - tag-dimension queries are NOT expected to rank via tag relevance."
Ngâm Sốt,Marinated in Sauce,tag,vi,low,"derived from dev tag taxonomy (lotte_tags_vi_en_ko_description_v2.csv, 2026-08-25) - NO per-SKU tag assignment exists yet, matched only via literal substring of the VI tag name inside product titles - needs QA/BA verification + real per-product tag data before use in a real test cycle. Real search-service tag-field boost weight = 0 (ServiceConfig_SearchService.png, 2026-08-25) - tag-dimension queries are NOT expected to rank via tag relevance."
Ngâm Sốt,소스 절임,tag,vi,low,"derived from dev tag taxonomy (lotte_tags_vi_en_ko_description_v2.csv, 2026-08-25) - NO per-SKU tag assignment exists yet, matched only via literal substring of the VI tag name inside product titles - needs QA/BA verification + real per-product tag data before use in a real test cycle. Real search-service tag-field boost weight = 0 (ServiceConfig_SearchService.png, 2026-08-25) - tag-dimension queries are NOT expected to rank via tag relevance."
Bánh Croissant,Croissant,tag,vi,low,"derived from dev tag taxonomy (lotte_tags_vi_en_ko_description_v2.csv, 2026-08-25) - NO per-SKU tag assignment exists yet, matched only via literal substring of the VI tag name inside product titles - needs QA/BA verification + real per-product tag data before use in a real test cycle. Real search-service tag-field boost weight = 0 (ServiceConfig_SearchService.png, 2026-08-25) - tag-dimension queries are NOT expected to rank via tag relevance."
Bánh Croissant,크루아상,tag,vi,low,"derived from dev tag taxonomy (lotte_tags_vi_en_ko_description_v2.csv, 2026-08-25) - NO per-SKU tag assignment exists yet, matched only via literal substring of the VI tag name inside product titles - needs QA/BA verification + real per-product tag data before use in a real test cycle. Real search-service tag-field boost weight = 0 (ServiceConfig_SearchService.png, 2026-08-25) - tag-dimension queries are NOT expected to rank via tag relevance."
Món Chiên,Fried Food,tag,vi,low,"derived from dev tag taxonomy (lotte_tags_vi_en_ko_description_v2.csv, 2026-08-25) - NO per-SKU tag assignment exists yet, matched only via literal substring of the VI tag name inside product titles - needs QA/BA verification + real per-product tag data before use in a real test cycle. Real search-service tag-field boost weight = 0 (ServiceConfig_SearchService.png, 2026-08-25) - tag-dimension queries are NOT expected to rank via tag relevance."
Món Chiên,튀김 요리,tag,vi,low,"derived from dev tag taxonomy (lotte_tags_vi_en_ko_description_v2.csv, 2026-08-25) - NO per-SKU tag assignment exists yet, matched only via literal substring of the VI tag name inside product titles - needs QA/BA verification + real per-product tag data before use in a real test cycle. Real search-service tag-field boost weight = 0 (ServiceConfig_SearchService.png, 2026-08-25) - tag-dimension queries are NOT expected to rank via tag relevance."
Ấm Siêu Tốc,Electric Kettle,tag,vi,low,"derived from dev tag taxonomy (lotte_tags_vi_en_ko_description_v2.csv, 2026-08-25) - NO per-SKU tag assignment exists yet, matched only via literal substring of the VI tag name inside product titles - needs QA/BA verification + real per-product tag data before use in a real test cycle. Real search-service tag-field boost weight = 0 (ServiceConfig_SearchService.png, 2026-08-25) - tag-dimension queries are NOT expected to rank via tag relevance."
Ấm Siêu Tốc,전기주전자,tag,vi,low,"derived from dev tag taxonomy (lotte_tags_vi_en_ko_description_v2.csv, 2026-08-25) - NO per-SKU tag assignment exists yet, matched only via literal substring of the VI tag name inside product titles - needs QA/BA verification + real per-product tag data before use in a real test cycle. Real search-service tag-field boost weight = 0 (ServiceConfig_SearchService.png, 2026-08-25) - tag-dimension queries are NOT expected to rank via tag relevance."
Bí Đỏ,Pumpkin,tag,vi,low,"derived from dev tag taxonomy (lotte_tags_vi_en_ko_description_v2.csv, 2026-08-25) - NO per-SKU tag assignment exists yet, matched only via literal substring of the VI tag name inside product titles - needs QA/BA verification + real per-product tag data before use in a real test cycle. Real search-service tag-field boost weight = 0 (ServiceConfig_SearchService.png, 2026-08-25) - tag-dimension queries are NOT expected to rank via tag relevance."
Bí Đỏ,호박,tag,vi,low,"derived from dev tag taxonomy (lotte_tags_vi_en_ko_description_v2.csv, 2026-08-25) - NO per-SKU tag assignment exists yet, matched only via literal substring of the VI tag name inside product titles - needs QA/BA verification + real per-product tag data before use in a real test cycle. Real search-service tag-field boost weight = 0 (ServiceConfig_SearchService.png, 2026-08-25) - tag-dimension queries are NOT expected to rank via tag relevance."
Tương Đen,Black Bean Sauce,tag,vi,low,"derived from dev tag taxonomy (lotte_tags_vi_en_ko_description_v2.csv, 2026-08-25) - NO per-SKU tag assignment exists yet, matched only via literal substring of the VI tag name inside product titles - needs QA/BA verification + real per-product tag data before use in a real test cycle. Real search-service tag-field boost weight = 0 (ServiceConfig_SearchService.png, 2026-08-25) - tag-dimension queries are NOT expected to rank via tag relevance."
Tương Đen,춘장·블랙빈 소스,tag,vi,low,"derived from dev tag taxonomy (lotte_tags_vi_en_ko_description_v2.csv, 2026-08-25) - NO per-SKU tag assignment exists yet, matched only via literal substring of the VI tag name inside product titles - needs QA/BA verification + real per-product tag data before use in a real test cycle. Real search-service tag-field boost weight = 0 (ServiceConfig_SearchService.png, 2026-08-25) - tag-dimension queries are NOT expected to rank via tag relevance."
Mì Trứng,Egg Noodles,tag,vi,low,"derived from dev tag taxonomy (lotte_tags_vi_en_ko_description_v2.csv, 2026-08-25) - NO per-SKU tag assignment exists yet, matched only via literal substring of the VI tag name inside product titles - needs QA/BA verification + real per-product tag data before use in a real test cycle. Real search-service tag-field boost weight = 0 (ServiceConfig_SearchService.png, 2026-08-25) - tag-dimension queries are NOT expected to rank via tag relevance."
Mì Trứng,계란면,tag,vi,low,"derived from dev tag taxonomy (lotte_tags_vi_en_ko_description_v2.csv, 2026-08-25) - NO per-SKU tag assignment exists yet, matched only via literal substring of the VI tag name inside product titles - needs QA/BA verification + real per-product tag data before use in a real test cycle. Real search-service tag-field boost weight = 0 (ServiceConfig_SearchService.png, 2026-08-25) - tag-dimension queries are NOT expected to rank via tag relevance."
Tô Melamine,Melamine Bowl,tag,vi,low,"derived from dev tag taxonomy (lotte_tags_vi_en_ko_description_v2.csv, 2026-08-25) - NO per-SKU tag assignment exists yet, matched only via literal substring of the VI tag name inside product titles - needs QA/BA verification + real per-product tag data before use in a real test cycle. Real search-service tag-field boost weight = 0 (ServiceConfig_SearchService.png, 2026-08-25) - tag-dimension queries are NOT expected to rank via tag relevance."
Tô Melamine,멜라민 볼,tag,vi,low,"derived from dev tag taxonomy (lotte_tags_vi_en_ko_description_v2.csv, 2026-08-25) - NO per-SKU tag assignment exists yet, matched only via literal substring of the VI tag name inside product titles - needs QA/BA verification + real per-product tag data before use in a real test cycle. Real search-service tag-field boost weight = 0 (ServiceConfig_SearchService.png, 2026-08-25) - tag-dimension queries are NOT expected to rank via tag relevance."
Than Tre,Bamboo Charcoal,tag,vi,low,"derived from dev tag taxonomy (lotte_tags_vi_en_ko_description_v2.csv, 2026-08-25) - NO per-SKU tag assignment exists yet, matched only via literal substring of the VI tag name inside product titles - needs QA/BA verification + real per-product tag data before use in a real test cycle. Real search-service tag-field boost weight = 0 (ServiceConfig_SearchService.png, 2026-08-25) - tag-dimension queries are NOT expected to rank via tag relevance."
Than Tre,대나무 숯,tag,vi,low,"derived from dev tag taxonomy (lotte_tags_vi_en_ko_description_v2.csv, 2026-08-25) - NO per-SKU tag assignment exists yet, matched only via literal substring of the VI tag name inside product titles - needs QA/BA verification + real per-product tag data before use in a real test cycle. Real search-service tag-field boost weight = 0 (ServiceConfig_SearchService.png, 2026-08-25) - tag-dimension queries are NOT expected to rank via tag relevance."
Nga,Russia,tag,vi,low,"derived from dev tag taxonomy (lotte_tags_vi_en_ko_description_v2.csv, 2026-08-25) - NO per-SKU tag assignment exists yet, matched only via literal substring of the VI tag name inside product titles - needs QA/BA verification + real per-product tag data before use in a real test cycle. Real search-service tag-field boost weight = 0 (ServiceConfig_SearchService.png, 2026-08-25) - tag-dimension queries are NOT expected to rank via tag relevance."
Nga,러시아,tag,vi,low,"derived from dev tag taxonomy (lotte_tags_vi_en_ko_description_v2.csv, 2026-08-25) - NO per-SKU tag assignment exists yet, matched only via literal substring of the VI tag name inside product titles - needs QA/BA verification + real per-product tag data before use in a real test cycle. Real search-service tag-field boost weight = 0 (ServiceConfig_SearchService.png, 2026-08-25) - tag-dimension queries are NOT expected to rank via tag relevance."
Thước Kẻ,Ruler,tag,vi,low,"derived from dev tag taxonomy (lotte_tags_vi_en_ko_description_v2.csv, 2026-08-25) - NO per-SKU tag assignment exists yet, matched only via literal substring of the VI tag name inside product titles - needs QA/BA verification + real per-product tag data before use in a real test cycle. Real search-service tag-field boost weight = 0 (ServiceConfig_SearchService.png, 2026-08-25) - tag-dimension queries are NOT expected to rank via tag relevance."
Thước Kẻ,자,tag,vi,low,"derived from dev tag taxonomy (lotte_tags_vi_en_ko_description_v2.csv, 2026-08-25) - NO per-SKU tag assignment exists yet, matched only via literal substring of the VI tag name inside product titles - needs QA/BA verification + real per-product tag data before use in a real test cycle. Real search-service tag-field boost weight = 0 (ServiceConfig_SearchService.png, 2026-08-25) - tag-dimension queries are NOT expected to rank via tag relevance."
Keo Dán,Glue,tag,vi,low,"derived from dev tag taxonomy (lotte_tags_vi_en_ko_description_v2.csv, 2026-08-25) - NO per-SKU tag assignment exists yet, matched only via literal substring of the VI tag name inside product titles - needs QA/BA verification + real per-product tag data before use in a real test cycle. Real search-service tag-field boost weight = 0 (ServiceConfig_SearchService.png, 2026-08-25) - tag-dimension queries are NOT expected to rank via tag relevance."
Keo Dán,접착제,tag,vi,low,"derived from dev tag taxonomy (lotte_tags_vi_en_ko_description_v2.csv, 2026-08-25) - NO per-SKU tag assignment exists yet, matched only via literal substring of the VI tag name inside product titles - needs QA/BA verification + real per-product tag data before use in a real test cycle. Real search-service tag-field boost weight = 0 (ServiceConfig_SearchService.png, 2026-08-25) - tag-dimension queries are NOT expected to rank via tag relevance."
Tảo Biển,Sea Algae,tag,vi,low,"derived from dev tag taxonomy (lotte_tags_vi_en_ko_description_v2.csv, 2026-08-25) - NO per-SKU tag assignment exists yet, matched only via literal substring of the VI tag name inside product titles - needs QA/BA verification + real per-product tag data before use in a real test cycle. Real search-service tag-field boost weight = 0 (ServiceConfig_SearchService.png, 2026-08-25) - tag-dimension queries are NOT expected to rank via tag relevance."
Tảo Biển,해조류,tag,vi,low,"derived from dev tag taxonomy (lotte_tags_vi_en_ko_description_v2.csv, 2026-08-25) - NO per-SKU tag assignment exists yet, matched only via literal substring of the VI tag name inside product titles - needs QA/BA verification + real per-product tag data before use in a real test cycle. Real search-service tag-field boost weight = 0 (ServiceConfig_SearchService.png, 2026-08-25) - tag-dimension queries are NOT expected to rank via tag relevance."
Thăn Bò,Beef Tenderloin,tag,vi,low,"derived from dev tag taxonomy (lotte_tags_vi_en_ko_description_v2.csv, 2026-08-25) - NO per-SKU tag assignment exists yet, matched only via literal substring of the VI tag name inside product titles - needs QA/BA verification + real per-product tag data before use in a real test cycle. Real search-service tag-field boost weight = 0 (ServiceConfig_SearchService.png, 2026-08-25) - tag-dimension queries are NOT expected to rank via tag relevance."
Thăn Bò,소고기 안심,tag,vi,low,"derived from dev tag taxonomy (lotte_tags_vi_en_ko_description_v2.csv, 2026-08-25) - NO per-SKU tag assignment exists yet, matched only via literal substring of the VI tag name inside product titles - needs QA/BA verification + real per-product tag data before use in a real test cycle. Real search-service tag-field boost weight = 0 (ServiceConfig_SearchService.png, 2026-08-25) - tag-dimension queries are NOT expected to rank via tag relevance."
Gối Cổ,Neck Pillow,tag,vi,low,"derived from dev tag taxonomy (lotte_tags_vi_en_ko_description_v2.csv, 2026-08-25) - NO per-SKU tag assignment exists yet, matched only via literal substring of the VI tag name inside product titles - needs QA/BA verification + real per-product tag data before use in a real test cycle. Real search-service tag-field boost weight = 0 (ServiceConfig_SearchService.png, 2026-08-25) - tag-dimension queries are NOT expected to rank via tag relevance."
Gối Cổ,목베개,tag,vi,low,"derived from dev tag taxonomy (lotte_tags_vi_en_ko_description_v2.csv, 2026-08-25) - NO per-SKU tag assignment exists yet, matched only via literal substring of the VI tag name inside product titles - needs QA/BA verification + real per-product tag data before use in a real test cycle. Real search-service tag-field boost weight = 0 (ServiceConfig_SearchService.png, 2026-08-25) - tag-dimension queries are NOT expected to rank via tag relevance."
Yến Sào,Edible Bird's Nest,tag,vi,low,"derived from dev tag taxonomy (lotte_tags_vi_en_ko_description_v2.csv, 2026-08-25) - NO per-SKU tag assignment exists yet, matched only via literal substring of the VI tag name inside product titles - needs QA/BA verification + real per-product tag data before use in a real test cycle. Real search-service tag-field boost weight = 0 (ServiceConfig_SearchService.png, 2026-08-25) - tag-dimension queries are NOT expected to rank via tag relevance."
Yến Sào,식용 제비집,tag,vi,low,"derived from dev tag taxonomy (lotte_tags_vi_en_ko_description_v2.csv, 2026-08-25) - NO per-SKU tag assignment exists yet, matched only via literal substring of the VI tag name inside product titles - needs QA/BA verification + real per-product tag data before use in a real test cycle. Real search-service tag-field boost weight = 0 (ServiceConfig_SearchService.png, 2026-08-25) - tag-dimension queries are NOT expected to rank via tag relevance."
Dược Liệu,Medicinal Herbs,tag,vi,low,"derived from dev tag taxonomy (lotte_tags_vi_en_ko_description_v2.csv, 2026-08-25) - NO per-SKU tag assignment exists yet, matched only via literal substring of the VI tag name inside product titles - needs QA/BA verification + real per-product tag data before use in a real test cycle. Real search-service tag-field boost weight = 0 (ServiceConfig_SearchService.png, 2026-08-25) - tag-dimension queries are NOT expected to rank via tag relevance."
Dược Liệu,약용 식물,tag,vi,low,"derived from dev tag taxonomy (lotte_tags_vi_en_ko_description_v2.csv, 2026-08-25) - NO per-SKU tag assignment exists yet, matched only via literal substring of the VI tag name inside product titles - needs QA/BA verification + real per-product tag data before use in a real test cycle. Real search-service tag-field boost weight = 0 (ServiceConfig_SearchService.png, 2026-08-25) - tag-dimension queries are NOT expected to rank via tag relevance."
Ăn Cơm,For Rice Meals,tag,vi,low,"derived from dev tag taxonomy (lotte_tags_vi_en_ko_description_v2.csv, 2026-08-25) - NO per-SKU tag assignment exists yet, matched only via literal substring of the VI tag name inside product titles - needs QA/BA verification + real per-product tag data before use in a real test cycle. Real search-service tag-field boost weight = 0 (ServiceConfig_SearchService.png, 2026-08-25) - tag-dimension queries are NOT expected to rank via tag relevance."
Ăn Cơm,밥반찬용,tag,vi,low,"derived from dev tag taxonomy (lotte_tags_vi_en_ko_description_v2.csv, 2026-08-25) - NO per-SKU tag assignment exists yet, matched only via literal substring of the VI tag name inside product titles - needs QA/BA verification + real per-product tag data before use in a real test cycle. Real search-service tag-field boost weight = 0 (ServiceConfig_SearchService.png, 2026-08-25) - tag-dimension queries are NOT expected to rank via tag relevance."
Rút Xương,Boneless,tag,vi,low,"derived from dev tag taxonomy (lotte_tags_vi_en_ko_description_v2.csv, 2026-08-25) - NO per-SKU tag assignment exists yet, matched only via literal substring of the VI tag name inside product titles - needs QA/BA verification + real per-product tag data before use in a real test cycle. Real search-service tag-field boost weight = 0 (ServiceConfig_SearchService.png, 2026-08-25) - tag-dimension queries are NOT expected to rank via tag relevance."
Rút Xương,뼈 제거,tag,vi,low,"derived from dev tag taxonomy (lotte_tags_vi_en_ko_description_v2.csv, 2026-08-25) - NO per-SKU tag assignment exists yet, matched only via literal substring of the VI tag name inside product titles - needs QA/BA verification + real per-product tag data before use in a real test cycle. Real search-service tag-field boost weight = 0 (ServiceConfig_SearchService.png, 2026-08-25) - tag-dimension queries are NOT expected to rank via tag relevance."
Thịt Xay,Ground Meat,tag,vi,low,"derived from dev tag taxonomy (lotte_tags_vi_en_ko_description_v2.csv, 2026-08-25) - NO per-SKU tag assignment exists yet, matched only via literal substring of the VI tag name inside product titles - needs QA/BA verification + real per-product tag data before use in a real test cycle. Real search-service tag-field boost weight = 0 (ServiceConfig_SearchService.png, 2026-08-25) - tag-dimension queries are NOT expected to rank via tag relevance."
Thịt Xay,다진 고기,tag,vi,low,"derived from dev tag taxonomy (lotte_tags_vi_en_ko_description_v2.csv, 2026-08-25) - NO per-SKU tag assignment exists yet, matched only via literal substring of the VI tag name inside product titles - needs QA/BA verification + real per-product tag data before use in a real test cycle. Real search-service tag-field boost weight = 0 (ServiceConfig_SearchService.png, 2026-08-25) - tag-dimension queries are NOT expected to rank via tag relevance."
Socola Viên,Chocolate Bites,tag,vi,low,"derived from dev tag taxonomy (lotte_tags_vi_en_ko_description_v2.csv, 2026-08-25) - NO per-SKU tag assignment exists yet, matched only via literal substring of the VI tag name inside product titles - needs QA/BA verification + real per-product tag data before use in a real test cycle. Real search-service tag-field boost weight = 0 (ServiceConfig_SearchService.png, 2026-08-25) - tag-dimension queries are NOT expected to rank via tag relevance."
Socola Viên,초콜릿 볼,tag,vi,low,"derived from dev tag taxonomy (lotte_tags_vi_en_ko_description_v2.csv, 2026-08-25) - NO per-SKU tag assignment exists yet, matched only via literal substring of the VI tag name inside product titles - needs QA/BA verification + real per-product tag data before use in a real test cycle. Real search-service tag-field boost weight = 0 (ServiceConfig_SearchService.png, 2026-08-25) - tag-dimension queries are NOT expected to rank via tag relevance."
Trà Gừng,Ginger Tea,tag,vi,low,"derived from dev tag taxonomy (lotte_tags_vi_en_ko_description_v2.csv, 2026-08-25) - NO per-SKU tag assignment exists yet, matched only via literal substring of the VI tag name inside product titles - needs QA/BA verification + real per-product tag data before use in a real test cycle. Real search-service tag-field boost weight = 0 (ServiceConfig_SearchService.png, 2026-08-25) - tag-dimension queries are NOT expected to rank via tag relevance."
Trà Gừng,생강차,tag,vi,low,"derived from dev tag taxonomy (lotte_tags_vi_en_ko_description_v2.csv, 2026-08-25) - NO per-SKU tag assignment exists yet, matched only via literal substring of the VI tag name inside product titles - needs QA/BA verification + real per-product tag data before use in a real test cycle. Real search-service tag-field boost weight = 0 (ServiceConfig_SearchService.png, 2026-08-25) - tag-dimension queries are NOT expected to rank via tag relevance."
Cháy Tỏi,Garlic-Fried,tag,vi,low,"derived from dev tag taxonomy (lotte_tags_vi_en_ko_description_v2.csv, 2026-08-25) - NO per-SKU tag assignment exists yet, matched only via literal substring of the VI tag name inside product titles - needs QA/BA verification + real per-product tag data before use in a real test cycle. Real search-service tag-field boost weight = 0 (ServiceConfig_SearchService.png, 2026-08-25) - tag-dimension queries are NOT expected to rank via tag relevance."
Cháy Tỏi,마늘 볶음,tag,vi,low,"derived from dev tag taxonomy (lotte_tags_vi_en_ko_description_v2.csv, 2026-08-25) - NO per-SKU tag assignment exists yet, matched only via literal substring of the VI tag name inside product titles - needs QA/BA verification + real per-product tag data before use in a real test cycle. Real search-service tag-field boost weight = 0 (ServiceConfig_SearchService.png, 2026-08-25) - tag-dimension queries are NOT expected to rank via tag relevance."
Thuần Chay,Vegan,tag,vi,low,"derived from dev tag taxonomy (lotte_tags_vi_en_ko_description_v2.csv, 2026-08-25) - NO per-SKU tag assignment exists yet, matched only via literal substring of the VI tag name inside product titles - needs QA/BA verification + real per-product tag data before use in a real test cycle. Real search-service tag-field boost weight = 0 (ServiceConfig_SearchService.png, 2026-08-25) - tag-dimension queries are NOT expected to rank via tag relevance."
Thuần Chay,비건,tag,vi,low,"derived from dev tag taxonomy (lotte_tags_vi_en_ko_description_v2.csv, 2026-08-25) - NO per-SKU tag assignment exists yet, matched only via literal substring of the VI tag name inside product titles - needs QA/BA verification + real per-product tag data before use in a real test cycle. Real search-service tag-field boost weight = 0 (ServiceConfig_SearchService.png, 2026-08-25) - tag-dimension queries are NOT expected to rank via tag relevance."
Dâu Tây,Strawberry,tag,vi,low,"derived from dev tag taxonomy (lotte_tags_vi_en_ko_description_v2.csv, 2026-08-25) - NO per-SKU tag assignment exists yet, matched only via literal substring of the VI tag name inside product titles - needs QA/BA verification + real per-product tag data before use in a real test cycle. Real search-service tag-field boost weight = 0 (ServiceConfig_SearchService.png, 2026-08-25) - tag-dimension queries are NOT expected to rank via tag relevance."
Dâu Tây,딸기,tag,vi,low,"derived from dev tag taxonomy (lotte_tags_vi_en_ko_description_v2.csv, 2026-08-25) - NO per-SKU tag assignment exists yet, matched only via literal substring of the VI tag name inside product titles - needs QA/BA verification + real per-product tag data before use in a real test cycle. Real search-service tag-field boost weight = 0 (ServiceConfig_SearchService.png, 2026-08-25) - tag-dimension queries are NOT expected to rank via tag relevance."
Mì Gà,Chicken Noodles,tag,vi,low,"derived from dev tag taxonomy (lotte_tags_vi_en_ko_description_v2.csv, 2026-08-25) - NO per-SKU tag assignment exists yet, matched only via literal substring of the VI tag name inside product titles - needs QA/BA verification + real per-product tag data before use in a real test cycle. Real search-service tag-field boost weight = 0 (ServiceConfig_SearchService.png, 2026-08-25) - tag-dimension queries are NOT expected to rank via tag relevance."
Mì Gà,닭고기 면,tag,vi,low,"derived from dev tag taxonomy (lotte_tags_vi_en_ko_description_v2.csv, 2026-08-25) - NO per-SKU tag assignment exists yet, matched only via literal substring of the VI tag name inside product titles - needs QA/BA verification + real per-product tag data before use in a real test cycle. Real search-service tag-field boost weight = 0 (ServiceConfig_SearchService.png, 2026-08-25) - tag-dimension queries are NOT expected to rank via tag relevance."
Không Hạt,Seedless,tag,vi,low,"derived from dev tag taxonomy (lotte_tags_vi_en_ko_description_v2.csv, 2026-08-25) - NO per-SKU tag assignment exists yet, matched only via literal substring of the VI tag name inside product titles - needs QA/BA verification + real per-product tag data before use in a real test cycle. Real search-service tag-field boost weight = 0 (ServiceConfig_SearchService.png, 2026-08-25) - tag-dimension queries are NOT expected to rank via tag relevance."
Không Hạt,씨 없는,tag,vi,low,"derived from dev tag taxonomy (lotte_tags_vi_en_ko_description_v2.csv, 2026-08-25) - NO per-SKU tag assignment exists yet, matched only via literal substring of the VI tag name inside product titles - needs QA/BA verification + real per-product tag data before use in a real test cycle. Real search-service tag-field boost weight = 0 (ServiceConfig_SearchService.png, 2026-08-25) - tag-dimension queries are NOT expected to rank via tag relevance."
Đất Nặn,Modeling Clay,tag,vi,low,"derived from dev tag taxonomy (lotte_tags_vi_en_ko_description_v2.csv, 2026-08-25) - NO per-SKU tag assignment exists yet, matched only via literal substring of the VI tag name inside product titles - needs QA/BA verification + real per-product tag data before use in a real test cycle. Real search-service tag-field boost weight = 0 (ServiceConfig_SearchService.png, 2026-08-25) - tag-dimension queries are NOT expected to rank via tag relevance."
Đất Nặn,점토,tag,vi,low,"derived from dev tag taxonomy (lotte_tags_vi_en_ko_description_v2.csv, 2026-08-25) - NO per-SKU tag assignment exists yet, matched only via literal substring of the VI tag name inside product titles - needs QA/BA verification + real per-product tag data before use in a real test cycle. Real search-service tag-field boost weight = 0 (ServiceConfig_SearchService.png, 2026-08-25) - tag-dimension queries are NOT expected to rank via tag relevance."
Mít Sấy,Dried Jackfruit,tag,vi,low,"derived from dev tag taxonomy (lotte_tags_vi_en_ko_description_v2.csv, 2026-08-25) - NO per-SKU tag assignment exists yet, matched only via literal substring of the VI tag name inside product titles - needs QA/BA verification + real per-product tag data before use in a real test cycle. Real search-service tag-field boost weight = 0 (ServiceConfig_SearchService.png, 2026-08-25) - tag-dimension queries are NOT expected to rank via tag relevance."
Mít Sấy,건잭프루트,tag,vi,low,"derived from dev tag taxonomy (lotte_tags_vi_en_ko_description_v2.csv, 2026-08-25) - NO per-SKU tag assignment exists yet, matched only via literal substring of the VI tag name inside product titles - needs QA/BA verification + real per-product tag data before use in a real test cycle. Real search-service tag-field boost weight = 0 (ServiceConfig_SearchService.png, 2026-08-25) - tag-dimension queries are NOT expected to rank via tag relevance."
Vali,Suitcase,tag,vi,low,"derived from dev tag taxonomy (lotte_tags_vi_en_ko_description_v2.csv, 2026-08-25) - NO per-SKU tag assignment exists yet, matched only via literal substring of the VI tag name inside product titles - needs QA/BA verification + real per-product tag data before use in a real test cycle. Real search-service tag-field boost weight = 0 (ServiceConfig_SearchService.png, 2026-08-25) - tag-dimension queries are NOT expected to rank via tag relevance."
Vali,여행가방,tag,vi,low,"derived from dev tag taxonomy (lotte_tags_vi_en_ko_description_v2.csv, 2026-08-25) - NO per-SKU tag assignment exists yet, matched only via literal substring of the VI tag name inside product titles - needs QA/BA verification + real per-product tag data before use in a real test cycle. Real search-service tag-field boost weight = 0 (ServiceConfig_SearchService.png, 2026-08-25) - tag-dimension queries are NOT expected to rank via tag relevance."
Dưa Lưới,Melon,tag,vi,low,"derived from dev tag taxonomy (lotte_tags_vi_en_ko_description_v2.csv, 2026-08-25) - NO per-SKU tag assignment exists yet, matched only via literal substring of the VI tag name inside product titles - needs QA/BA verification + real per-product tag data before use in a real test cycle. Real search-service tag-field boost weight = 0 (ServiceConfig_SearchService.png, 2026-08-25) - tag-dimension queries are NOT expected to rank via tag relevance."
Dưa Lưới,멜론,tag,vi,low,"derived from dev tag taxonomy (lotte_tags_vi_en_ko_description_v2.csv, 2026-08-25) - NO per-SKU tag assignment exists yet, matched only via literal substring of the VI tag name inside product titles - needs QA/BA verification + real per-product tag data before use in a real test cycle. Real search-service tag-field boost weight = 0 (ServiceConfig_SearchService.png, 2026-08-25) - tag-dimension queries are NOT expected to rank via tag relevance."
Đùi Vịt,Duck Leg,tag,vi,low,"derived from dev tag taxonomy (lotte_tags_vi_en_ko_description_v2.csv, 2026-08-25) - NO per-SKU tag assignment exists yet, matched only via literal substring of the VI tag name inside product titles - needs QA/BA verification + real per-product tag data before use in a real test cycle. Real search-service tag-field boost weight = 0 (ServiceConfig_SearchService.png, 2026-08-25) - tag-dimension queries are NOT expected to rank via tag relevance."
Đùi Vịt,오리 다리,tag,vi,low,"derived from dev tag taxonomy (lotte_tags_vi_en_ko_description_v2.csv, 2026-08-25) - NO per-SKU tag assignment exists yet, matched only via literal substring of the VI tag name inside product titles - needs QA/BA verification + real per-product tag data before use in a real test cycle. Real search-service tag-field boost weight = 0 (ServiceConfig_SearchService.png, 2026-08-25) - tag-dimension queries are NOT expected to rank via tag relevance."
Hấp Chín,Steamed,tag,vi,low,"derived from dev tag taxonomy (lotte_tags_vi_en_ko_description_v2.csv, 2026-08-25) - NO per-SKU tag assignment exists yet, matched only via literal substring of the VI tag name inside product titles - needs QA/BA verification + real per-product tag data before use in a real test cycle. Real search-service tag-field boost weight = 0 (ServiceConfig_SearchService.png, 2026-08-25) - tag-dimension queries are NOT expected to rank via tag relevance."
Hấp Chín,찜 조리,tag,vi,low,"derived from dev tag taxonomy (lotte_tags_vi_en_ko_description_v2.csv, 2026-08-25) - NO per-SKU tag assignment exists yet, matched only via literal substring of the VI tag name inside product titles - needs QA/BA verification + real per-product tag data before use in a real test cycle. Real search-service tag-field boost weight = 0 (ServiceConfig_SearchService.png, 2026-08-25) - tag-dimension queries are NOT expected to rank via tag relevance."
Bấm Ghim,Stapler,tag,vi,low,"derived from dev tag taxonomy (lotte_tags_vi_en_ko_description_v2.csv, 2026-08-25) - NO per-SKU tag assignment exists yet, matched only via literal substring of the VI tag name inside product titles - needs QA/BA verification + real per-product tag data before use in a real test cycle. Real search-service tag-field boost weight = 0 (ServiceConfig_SearchService.png, 2026-08-25) - tag-dimension queries are NOT expected to rank via tag relevance."
Bấm Ghim,스테이플러,tag,vi,low,"derived from dev tag taxonomy (lotte_tags_vi_en_ko_description_v2.csv, 2026-08-25) - NO per-SKU tag assignment exists yet, matched only via literal substring of the VI tag name inside product titles - needs QA/BA verification + real per-product tag data before use in a real test cycle. Real search-service tag-field boost weight = 0 (ServiceConfig_SearchService.png, 2026-08-25) - tag-dimension queries are NOT expected to rank via tag relevance."
Muối I-ốt,Iodized Salt,tag,vi,low,"derived from dev tag taxonomy (lotte_tags_vi_en_ko_description_v2.csv, 2026-08-25) - NO per-SKU tag assignment exists yet, matched only via literal substring of the VI tag name inside product titles - needs QA/BA verification + real per-product tag data before use in a real test cycle. Real search-service tag-field boost weight = 0 (ServiceConfig_SearchService.png, 2026-08-25) - tag-dimension queries are NOT expected to rank via tag relevance."
Muối I-ốt,요오드 소금,tag,vi,low,"derived from dev tag taxonomy (lotte_tags_vi_en_ko_description_v2.csv, 2026-08-25) - NO per-SKU tag assignment exists yet, matched only via literal substring of the VI tag name inside product titles - needs QA/BA verification + real per-product tag data before use in a real test cycle. Real search-service tag-field boost weight = 0 (ServiceConfig_SearchService.png, 2026-08-25) - tag-dimension queries are NOT expected to rank via tag relevance."
Vá Inox,Stainless Steel Ladle,tag,vi,low,"derived from dev tag taxonomy (lotte_tags_vi_en_ko_description_v2.csv, 2026-08-25) - NO per-SKU tag assignment exists yet, matched only via literal substring of the VI tag name inside product titles - needs QA/BA verification + real per-product tag data before use in a real test cycle. Real search-service tag-field boost weight = 0 (ServiceConfig_SearchService.png, 2026-08-25) - tag-dimension queries are NOT expected to rank via tag relevance."
Vá Inox,스테인리스 국자,tag,vi,low,"derived from dev tag taxonomy (lotte_tags_vi_en_ko_description_v2.csv, 2026-08-25) - NO per-SKU tag assignment exists yet, matched only via literal substring of the VI tag name inside product titles - needs QA/BA verification + real per-product tag data before use in a real test cycle. Real search-service tag-field boost weight = 0 (ServiceConfig_SearchService.png, 2026-08-25) - tag-dimension queries are NOT expected to rank via tag relevance."
Bún Tươi,Fresh Rice Vermicelli,tag,vi,low,"derived from dev tag taxonomy (lotte_tags_vi_en_ko_description_v2.csv, 2026-08-25) - NO per-SKU tag assignment exists yet, matched only via literal substring of the VI tag name inside product titles - needs QA/BA verification + real per-product tag data before use in a real test cycle. Real search-service tag-field boost weight = 0 (ServiceConfig_SearchService.png, 2026-08-25) - tag-dimension queries are NOT expected to rank via tag relevance."
Bún Tươi,생 쌀국수면,tag,vi,low,"derived from dev tag taxonomy (lotte_tags_vi_en_ko_description_v2.csv, 2026-08-25) - NO per-SKU tag assignment exists yet, matched only via literal substring of the VI tag name inside product titles - needs QA/BA verification + real per-product tag data before use in a real test cycle. Real search-service tag-field boost weight = 0 (ServiceConfig_SearchService.png, 2026-08-25) - tag-dimension queries are NOT expected to rank via tag relevance."
Kẹp Giấy,Paper Clip,tag,vi,low,"derived from dev tag taxonomy (lotte_tags_vi_en_ko_description_v2.csv, 2026-08-25) - NO per-SKU tag assignment exists yet, matched only via literal substring of the VI tag name inside product titles - needs QA/BA verification + real per-product tag data before use in a real test cycle. Real search-service tag-field boost weight = 0 (ServiceConfig_SearchService.png, 2026-08-25) - tag-dimension queries are NOT expected to rank via tag relevance."
Kẹp Giấy,클립,tag,vi,low,"derived from dev tag taxonomy (lotte_tags_vi_en_ko_description_v2.csv, 2026-08-25) - NO per-SKU tag assignment exists yet, matched only via literal substring of the VI tag name inside product titles - needs QA/BA verification + real per-product tag data before use in a real test cycle. Real search-service tag-field boost weight = 0 (ServiceConfig_SearchService.png, 2026-08-25) - tag-dimension queries are NOT expected to rank via tag relevance."
Trà Atiso,Artichoke Tea,tag,vi,low,"derived from dev tag taxonomy (lotte_tags_vi_en_ko_description_v2.csv, 2026-08-25) - NO per-SKU tag assignment exists yet, matched only via literal substring of the VI tag name inside product titles - needs QA/BA verification + real per-product tag data before use in a real test cycle. Real search-service tag-field boost weight = 0 (ServiceConfig_SearchService.png, 2026-08-25) - tag-dimension queries are NOT expected to rank via tag relevance."
Trà Atiso,아티초크차,tag,vi,low,"derived from dev tag taxonomy (lotte_tags_vi_en_ko_description_v2.csv, 2026-08-25) - NO per-SKU tag assignment exists yet, matched only via literal substring of the VI tag name inside product titles - needs QA/BA verification + real per-product tag data before use in a real test cycle. Real search-service tag-field boost weight = 0 (ServiceConfig_SearchService.png, 2026-08-25) - tag-dimension queries are NOT expected to rank via tag relevance."
Chile,Chile,tag,vi,low,"derived from dev tag taxonomy (lotte_tags_vi_en_ko_description_v2.csv, 2026-08-25) - NO per-SKU tag assignment exists yet, matched only via literal substring of the VI tag name inside product titles - needs QA/BA verification + real per-product tag data before use in a real test cycle. Real search-service tag-field boost weight = 0 (ServiceConfig_SearchService.png, 2026-08-25) - tag-dimension queries are NOT expected to rank via tag relevance."
Chile,칠레,tag,vi,low,"derived from dev tag taxonomy (lotte_tags_vi_en_ko_description_v2.csv, 2026-08-25) - NO per-SKU tag assignment exists yet, matched only via literal substring of the VI tag name inside product titles - needs QA/BA verification + real per-product tag data before use in a real test cycle. Real search-service tag-field boost weight = 0 (ServiceConfig_SearchService.png, 2026-08-25) - tag-dimension queries are NOT expected to rank via tag relevance."
Chén Chấm,Dipping Bowl,tag,vi,low,"derived from dev tag taxonomy (lotte_tags_vi_en_ko_description_v2.csv, 2026-08-25) - NO per-SKU tag assignment exists yet, matched only via literal substring of the VI tag name inside product titles - needs QA/BA verification + real per-product tag data before use in a real test cycle. Real search-service tag-field boost weight = 0 (ServiceConfig_SearchService.png, 2026-08-25) - tag-dimension queries are NOT expected to rank via tag relevance."
Chén Chấm,소스 종지,tag,vi,low,"derived from dev tag taxonomy (lotte_tags_vi_en_ko_description_v2.csv, 2026-08-25) - NO per-SKU tag assignment exists yet, matched only via literal substring of the VI tag name inside product titles - needs QA/BA verification + real per-product tag data before use in a real test cycle. Real search-service tag-field boost weight = 0 (ServiceConfig_SearchService.png, 2026-08-25) - tag-dimension queries are NOT expected to rank via tag relevance."
Nấu Canh,Soup Cooking,tag,vi,low,"derived from dev tag taxonomy (lotte_tags_vi_en_ko_description_v2.csv, 2026-08-25) - NO per-SKU tag assignment exists yet, matched only via literal substring of the VI tag name inside product titles - needs QA/BA verification + real per-product tag data before use in a real test cycle. Real search-service tag-field boost weight = 0 (ServiceConfig_SearchService.png, 2026-08-25) - tag-dimension queries are NOT expected to rank via tag relevance."
Nấu Canh,국 요리,tag,vi,low,"derived from dev tag taxonomy (lotte_tags_vi_en_ko_description_v2.csv, 2026-08-25) - NO per-SKU tag assignment exists yet, matched only via literal substring of the VI tag name inside product titles - needs QA/BA verification + real per-product tag data before use in a real test cycle. Real search-service tag-field boost weight = 0 (ServiceConfig_SearchService.png, 2026-08-25) - tag-dimension queries are NOT expected to rank via tag relevance."
Tích Điện,Rechargeable,tag,vi,low,"derived from dev tag taxonomy (lotte_tags_vi_en_ko_description_v2.csv, 2026-08-25) - NO per-SKU tag assignment exists yet, matched only via literal substring of the VI tag name inside product titles - needs QA/BA verification + real per-product tag data before use in a real test cycle. Real search-service tag-field boost weight = 0 (ServiceConfig_SearchService.png, 2026-08-25) - tag-dimension queries are NOT expected to rank via tag relevance."
Tích Điện,충전식,tag,vi,low,"derived from dev tag taxonomy (lotte_tags_vi_en_ko_description_v2.csv, 2026-08-25) - NO per-SKU tag assignment exists yet, matched only via literal substring of the VI tag name inside product titles - needs QA/BA verification + real per-product tag data before use in a real test cycle. Real search-service tag-field boost weight = 0 (ServiceConfig_SearchService.png, 2026-08-25) - tag-dimension queries are NOT expected to rank via tag relevance."
Ớt Chuông,Bell Pepper,tag,vi,low,"derived from dev tag taxonomy (lotte_tags_vi_en_ko_description_v2.csv, 2026-08-25) - NO per-SKU tag assignment exists yet, matched only via literal substring of the VI tag name inside product titles - needs QA/BA verification + real per-product tag data before use in a real test cycle. Real search-service tag-field boost weight = 0 (ServiceConfig_SearchService.png, 2026-08-25) - tag-dimension queries are NOT expected to rank via tag relevance."
Ớt Chuông,파프리카,tag,vi,low,"derived from dev tag taxonomy (lotte_tags_vi_en_ko_description_v2.csv, 2026-08-25) - NO per-SKU tag assignment exists yet, matched only via literal substring of the VI tag name inside product titles - needs QA/BA verification + real per-product tag data before use in a real test cycle. Real search-service tag-field boost weight = 0 (ServiceConfig_SearchService.png, 2026-08-25) - tag-dimension queries are NOT expected to rank via tag relevance."
Hành Tím,Shallot,tag,vi,low,"derived from dev tag taxonomy (lotte_tags_vi_en_ko_description_v2.csv, 2026-08-25) - NO per-SKU tag assignment exists yet, matched only via literal substring of the VI tag name inside product titles - needs QA/BA verification + real per-product tag data before use in a real test cycle. Real search-service tag-field boost weight = 0 (ServiceConfig_SearchService.png, 2026-08-25) - tag-dimension queries are NOT expected to rank via tag relevance."
Hành Tím,샬롯,tag,vi,low,"derived from dev tag taxonomy (lotte_tags_vi_en_ko_description_v2.csv, 2026-08-25) - NO per-SKU tag assignment exists yet, matched only via literal substring of the VI tag name inside product titles - needs QA/BA verification + real per-product tag data before use in a real test cycle. Real search-service tag-field boost weight = 0 (ServiceConfig_SearchService.png, 2026-08-25) - tag-dimension queries are NOT expected to rank via tag relevance."
Sủi Cảo,Dumplings,tag,vi,low,"derived from dev tag taxonomy (lotte_tags_vi_en_ko_description_v2.csv, 2026-08-25) - NO per-SKU tag assignment exists yet, matched only via literal substring of the VI tag name inside product titles - needs QA/BA verification + real per-product tag data before use in a real test cycle. Real search-service tag-field boost weight = 0 (ServiceConfig_SearchService.png, 2026-08-25) - tag-dimension queries are NOT expected to rank via tag relevance."
Sủi Cảo,물만두,tag,vi,low,"derived from dev tag taxonomy (lotte_tags_vi_en_ko_description_v2.csv, 2026-08-25) - NO per-SKU tag assignment exists yet, matched only via literal substring of the VI tag name inside product titles - needs QA/BA verification + real per-product tag data before use in a real test cycle. Real search-service tag-field boost weight = 0 (ServiceConfig_SearchService.png, 2026-08-25) - tag-dimension queries are NOT expected to rank via tag relevance."
Tôm Sú,Black Tiger Shrimp,tag,vi,low,"derived from dev tag taxonomy (lotte_tags_vi_en_ko_description_v2.csv, 2026-08-25) - NO per-SKU tag assignment exists yet, matched only via literal substring of the VI tag name inside product titles - needs QA/BA verification + real per-product tag data before use in a real test cycle. Real search-service tag-field boost weight = 0 (ServiceConfig_SearchService.png, 2026-08-25) - tag-dimension queries are NOT expected to rank via tag relevance."
Tôm Sú,블랙타이거 새우,tag,vi,low,"derived from dev tag taxonomy (lotte_tags_vi_en_ko_description_v2.csv, 2026-08-25) - NO per-SKU tag assignment exists yet, matched only via literal substring of the VI tag name inside product titles - needs QA/BA verification + real per-product tag data before use in a real test cycle. Real search-service tag-field boost weight = 0 (ServiceConfig_SearchService.png, 2026-08-25) - tag-dimension queries are NOT expected to rank via tag relevance."
Hạt Dẻ,Chestnut,tag,vi,low,"derived from dev tag taxonomy (lotte_tags_vi_en_ko_description_v2.csv, 2026-08-25) - NO per-SKU tag assignment exists yet, matched only via literal substring of the VI tag name inside product titles - needs QA/BA verification + real per-product tag data before use in a real test cycle. Real search-service tag-field boost weight = 0 (ServiceConfig_SearchService.png, 2026-08-25) - tag-dimension queries are NOT expected to rank via tag relevance."
Hạt Dẻ,밤,tag,vi,low,"derived from dev tag taxonomy (lotte_tags_vi_en_ko_description_v2.csv, 2026-08-25) - NO per-SKU tag assignment exists yet, matched only via literal substring of the VI tag name inside product titles - needs QA/BA verification + real per-product tag data before use in a real test cycle. Real search-service tag-field boost weight = 0 (ServiceConfig_SearchService.png, 2026-08-25) - tag-dimension queries are NOT expected to rank via tag relevance."
Việt Quất,Blueberry,tag,vi,low,"derived from dev tag taxonomy (lotte_tags_vi_en_ko_description_v2.csv, 2026-08-25) - NO per-SKU tag assignment exists yet, matched only via literal substring of the VI tag name inside product titles - needs QA/BA verification + real per-product tag data before use in a real test cycle. Real search-service tag-field boost weight = 0 (ServiceConfig_SearchService.png, 2026-08-25) - tag-dimension queries are NOT expected to rank via tag relevance."
Việt Quất,블루베리,tag,vi,low,"derived from dev tag taxonomy (lotte_tags_vi_en_ko_description_v2.csv, 2026-08-25) - NO per-SKU tag assignment exists yet, matched only via literal substring of the VI tag name inside product titles - needs QA/BA verification + real per-product tag data before use in a real test cycle. Real search-service tag-field boost weight = 0 (ServiceConfig_SearchService.png, 2026-08-25) - tag-dimension queries are NOT expected to rank via tag relevance."
Hyaluronic Acid,Hyaluronic Acid,tag,vi,low,"derived from dev tag taxonomy (lotte_tags_vi_en_ko_description_v2.csv, 2026-08-25) - NO per-SKU tag assignment exists yet, matched only via literal substring of the VI tag name inside product titles - needs QA/BA verification + real per-product tag data before use in a real test cycle. Real search-service tag-field boost weight = 0 (ServiceConfig_SearchService.png, 2026-08-25) - tag-dimension queries are NOT expected to rank via tag relevance."
Hyaluronic Acid,히알루론산,tag,vi,low,"derived from dev tag taxonomy (lotte_tags_vi_en_ko_description_v2.csv, 2026-08-25) - NO per-SKU tag assignment exists yet, matched only via literal substring of the VI tag name inside product titles - needs QA/BA verification + real per-product tag data before use in a real test cycle. Real search-service tag-field boost weight = 0 (ServiceConfig_SearchService.png, 2026-08-25) - tag-dimension queries are NOT expected to rank via tag relevance."
Đường Phèn,Rock Sugar,tag,vi,low,"derived from dev tag taxonomy (lotte_tags_vi_en_ko_description_v2.csv, 2026-08-25) - NO per-SKU tag assignment exists yet, matched only via literal substring of the VI tag name inside product titles - needs QA/BA verification + real per-product tag data before use in a real test cycle. Real search-service tag-field boost weight = 0 (ServiceConfig_SearchService.png, 2026-08-25) - tag-dimension queries are NOT expected to rank via tag relevance."
Đường Phèn,빙당,tag,vi,low,"derived from dev tag taxonomy (lotte_tags_vi_en_ko_description_v2.csv, 2026-08-25) - NO per-SKU tag assignment exists yet, matched only via literal substring of the VI tag name inside product titles - needs QA/BA verification + real per-product tag data before use in a real test cycle. Real search-service tag-field boost weight = 0 (ServiceConfig_SearchService.png, 2026-08-25) - tag-dimension queries are NOT expected to rank via tag relevance."
Nước Chấm,Dipping Sauce,tag,vi,low,"derived from dev tag taxonomy (lotte_tags_vi_en_ko_description_v2.csv, 2026-08-25) - NO per-SKU tag assignment exists yet, matched only via literal substring of the VI tag name inside product titles - needs QA/BA verification + real per-product tag data before use in a real test cycle. Real search-service tag-field boost weight = 0 (ServiceConfig_SearchService.png, 2026-08-25) - tag-dimension queries are NOT expected to rank via tag relevance."
Nước Chấm,디핑 소스,tag,vi,low,"derived from dev tag taxonomy (lotte_tags_vi_en_ko_description_v2.csv, 2026-08-25) - NO per-SKU tag assignment exists yet, matched only via literal substring of the VI tag name inside product titles - needs QA/BA verification + real per-product tag data before use in a real test cycle. Real search-service tag-field boost weight = 0 (ServiceConfig_SearchService.png, 2026-08-25) - tag-dimension queries are NOT expected to rank via tag relevance."
Canada,Canada,tag,vi,low,"derived from dev tag taxonomy (lotte_tags_vi_en_ko_description_v2.csv, 2026-08-25) - NO per-SKU tag assignment exists yet, matched only via literal substring of the VI tag name inside product titles - needs QA/BA verification + real per-product tag data before use in a real test cycle. Real search-service tag-field boost weight = 0 (ServiceConfig_SearchService.png, 2026-08-25) - tag-dimension queries are NOT expected to rank via tag relevance."
Canada,캐나다,tag,vi,low,"derived from dev tag taxonomy (lotte_tags_vi_en_ko_description_v2.csv, 2026-08-25) - NO per-SKU tag assignment exists yet, matched only via literal substring of the VI tag name inside product titles - needs QA/BA verification + real per-product tag data before use in a real test cycle. Real search-service tag-field boost weight = 0 (ServiceConfig_SearchService.png, 2026-08-25) - tag-dimension queries are NOT expected to rank via tag relevance."
Xịt Vải,Fabric Spray,tag,vi,low,"derived from dev tag taxonomy (lotte_tags_vi_en_ko_description_v2.csv, 2026-08-25) - NO per-SKU tag assignment exists yet, matched only via literal substring of the VI tag name inside product titles - needs QA/BA verification + real per-product tag data before use in a real test cycle. Real search-service tag-field boost weight = 0 (ServiceConfig_SearchService.png, 2026-08-25) - tag-dimension queries are NOT expected to rank via tag relevance."
Xịt Vải,패브릭 스프레이,tag,vi,low,"derived from dev tag taxonomy (lotte_tags_vi_en_ko_description_v2.csv, 2026-08-25) - NO per-SKU tag assignment exists yet, matched only via literal substring of the VI tag name inside product titles - needs QA/BA verification + real per-product tag data before use in a real test cycle. Real search-service tag-field boost weight = 0 (ServiceConfig_SearchService.png, 2026-08-25) - tag-dimension queries are NOT expected to rank via tag relevance."
Ngọc Trai,Pearl,tag,vi,low,"derived from dev tag taxonomy (lotte_tags_vi_en_ko_description_v2.csv, 2026-08-25) - NO per-SKU tag assignment exists yet, matched only via literal substring of the VI tag name inside product titles - needs QA/BA verification + real per-product tag data before use in a real test cycle. Real search-service tag-field boost weight = 0 (ServiceConfig_SearchService.png, 2026-08-25) - tag-dimension queries are NOT expected to rank via tag relevance."
Ngọc Trai,진주,tag,vi,low,"derived from dev tag taxonomy (lotte_tags_vi_en_ko_description_v2.csv, 2026-08-25) - NO per-SKU tag assignment exists yet, matched only via literal substring of the VI tag name inside product titles - needs QA/BA verification + real per-product tag data before use in a real test cycle. Real search-service tag-field boost weight = 0 (ServiceConfig_SearchService.png, 2026-08-25) - tag-dimension queries are NOT expected to rank via tag relevance."
Demon Slayer,Demon Slayer,tag,vi,low,"derived from dev tag taxonomy (lotte_tags_vi_en_ko_description_v2.csv, 2026-08-25) - NO per-SKU tag assignment exists yet, matched only via literal substring of the VI tag name inside product titles - needs QA/BA verification + real per-product tag data before use in a real test cycle. Real search-service tag-field boost weight = 0 (ServiceConfig_SearchService.png, 2026-08-25) - tag-dimension queries are NOT expected to rank via tag relevance."
Demon Slayer,귀멸의 칼날,tag,vi,low,"derived from dev tag taxonomy (lotte_tags_vi_en_ko_description_v2.csv, 2026-08-25) - NO per-SKU tag assignment exists yet, matched only via literal substring of the VI tag name inside product titles - needs QA/BA verification + real per-product tag data before use in a real test cycle. Real search-service tag-field boost weight = 0 (ServiceConfig_SearchService.png, 2026-08-25) - tag-dimension queries are NOT expected to rank via tag relevance."
Pizza Tươi,Fresh Pizza,tag,vi,low,"derived from dev tag taxonomy (lotte_tags_vi_en_ko_description_v2.csv, 2026-08-25) - NO per-SKU tag assignment exists yet, matched only via literal substring of the VI tag name inside product titles - needs QA/BA verification + real per-product tag data before use in a real test cycle. Real search-service tag-field boost weight = 0 (ServiceConfig_SearchService.png, 2026-08-25) - tag-dimension queries are NOT expected to rank via tag relevance."
Pizza Tươi,신선 피자,tag,vi,low,"derived from dev tag taxonomy (lotte_tags_vi_en_ko_description_v2.csv, 2026-08-25) - NO per-SKU tag assignment exists yet, matched only via literal substring of the VI tag name inside product titles - needs QA/BA verification + real per-product tag data before use in a real test cycle. Real search-service tag-field boost weight = 0 (ServiceConfig_SearchService.png, 2026-08-25) - tag-dimension queries are NOT expected to rank via tag relevance."
Cabernet Sauvignon,Cabernet Sauvignon,tag,vi,low,"derived from dev tag taxonomy (lotte_tags_vi_en_ko_description_v2.csv, 2026-08-25) - NO per-SKU tag assignment exists yet, matched only via literal substring of the VI tag name inside product titles - needs QA/BA verification + real per-product tag data before use in a real test cycle. Real search-service tag-field boost weight = 0 (ServiceConfig_SearchService.png, 2026-08-25) - tag-dimension queries are NOT expected to rank via tag relevance."
Cabernet Sauvignon,카베르네 소비뇽,tag,vi,low,"derived from dev tag taxonomy (lotte_tags_vi_en_ko_description_v2.csv, 2026-08-25) - NO per-SKU tag assignment exists yet, matched only via literal substring of the VI tag name inside product titles - needs QA/BA verification + real per-product tag data before use in a real test cycle. Real search-service tag-field boost weight = 0 (ServiceConfig_SearchService.png, 2026-08-25) - tag-dimension queries are NOT expected to rank via tag relevance."
Giấm Táo,Apple Cider Vinegar,tag,vi,low,"derived from dev tag taxonomy (lotte_tags_vi_en_ko_description_v2.csv, 2026-08-25) - NO per-SKU tag assignment exists yet, matched only via literal substring of the VI tag name inside product titles - needs QA/BA verification + real per-product tag data before use in a real test cycle. Real search-service tag-field boost weight = 0 (ServiceConfig_SearchService.png, 2026-08-25) - tag-dimension queries are NOT expected to rank via tag relevance."
Giấm Táo,사과식초,tag,vi,low,"derived from dev tag taxonomy (lotte_tags_vi_en_ko_description_v2.csv, 2026-08-25) - NO per-SKU tag assignment exists yet, matched only via literal substring of the VI tag name inside product titles - needs QA/BA verification + real per-product tag data before use in a real test cycle. Real search-service tag-field boost weight = 0 (ServiceConfig_SearchService.png, 2026-08-25) - tag-dimension queries are NOT expected to rank via tag relevance."
Ly Giấy,Paper Cup,tag,vi,low,"derived from dev tag taxonomy (lotte_tags_vi_en_ko_description_v2.csv, 2026-08-25) - NO per-SKU tag assignment exists yet, matched only via literal substring of the VI tag name inside product titles - needs QA/BA verification + real per-product tag data before use in a real test cycle. Real search-service tag-field boost weight = 0 (ServiceConfig_SearchService.png, 2026-08-25) - tag-dimension queries are NOT expected to rank via tag relevance."
Ly Giấy,종이컵,tag,vi,low,"derived from dev tag taxonomy (lotte_tags_vi_en_ko_description_v2.csv, 2026-08-25) - NO per-SKU tag assignment exists yet, matched only via literal substring of the VI tag name inside product titles - needs QA/BA verification + real per-product tag data before use in a real test cycle. Real search-service tag-field boost weight = 0 (ServiceConfig_SearchService.png, 2026-08-25) - tag-dimension queries are NOT expected to rank via tag relevance."
Chuối Sấy,Dried Banana,tag,vi,low,"derived from dev tag taxonomy (lotte_tags_vi_en_ko_description_v2.csv, 2026-08-25) - NO per-SKU tag assignment exists yet, matched only via literal substring of the VI tag name inside product titles - needs QA/BA verification + real per-product tag data before use in a real test cycle. Real search-service tag-field boost weight = 0 (ServiceConfig_SearchService.png, 2026-08-25) - tag-dimension queries are NOT expected to rank via tag relevance."
Chuối Sấy,건바나나,tag,vi,low,"derived from dev tag taxonomy (lotte_tags_vi_en_ko_description_v2.csv, 2026-08-25) - NO per-SKU tag assignment exists yet, matched only via literal substring of the VI tag name inside product titles - needs QA/BA verification + real per-product tag data before use in a real test cycle. Real search-service tag-field boost weight = 0 (ServiceConfig_SearchService.png, 2026-08-25) - tag-dimension queries are NOT expected to rank via tag relevance."
Mứt Dâu,Strawberry Jam,tag,vi,low,"derived from dev tag taxonomy (lotte_tags_vi_en_ko_description_v2.csv, 2026-08-25) - NO per-SKU tag assignment exists yet, matched only via literal substring of the VI tag name inside product titles - needs QA/BA verification + real per-product tag data before use in a real test cycle. Real search-service tag-field boost weight = 0 (ServiceConfig_SearchService.png, 2026-08-25) - tag-dimension queries are NOT expected to rank via tag relevance."
Mứt Dâu,딸기잼,tag,vi,low,"derived from dev tag taxonomy (lotte_tags_vi_en_ko_description_v2.csv, 2026-08-25) - NO per-SKU tag assignment exists yet, matched only via literal substring of the VI tag name inside product titles - needs QA/BA verification + real per-product tag data before use in a real test cycle. Real search-service tag-field boost weight = 0 (ServiceConfig_SearchService.png, 2026-08-25) - tag-dimension queries are NOT expected to rank via tag relevance."
Sườn Non,Pork Ribs,tag,vi,low,"derived from dev tag taxonomy (lotte_tags_vi_en_ko_description_v2.csv, 2026-08-25) - NO per-SKU tag assignment exists yet, matched only via literal substring of the VI tag name inside product titles - needs QA/BA verification + real per-product tag data before use in a real test cycle. Real search-service tag-field boost weight = 0 (ServiceConfig_SearchService.png, 2026-08-25) - tag-dimension queries are NOT expected to rank via tag relevance."
Sườn Non,돼지갈비,tag,vi,low,"derived from dev tag taxonomy (lotte_tags_vi_en_ko_description_v2.csv, 2026-08-25) - NO per-SKU tag assignment exists yet, matched only via literal substring of the VI tag name inside product titles - needs QA/BA verification + real per-product tag data before use in a real test cycle. Real search-service tag-field boost weight = 0 (ServiceConfig_SearchService.png, 2026-08-25) - tag-dimension queries are NOT expected to rank via tag relevance."
Phủ Socola,Chocolate-Coated,tag,vi,low,"derived from dev tag taxonomy (lotte_tags_vi_en_ko_description_v2.csv, 2026-08-25) - NO per-SKU tag assignment exists yet, matched only via literal substring of the VI tag name inside product titles - needs QA/BA verification + real per-product tag data before use in a real test cycle. Real search-service tag-field boost weight = 0 (ServiceConfig_SearchService.png, 2026-08-25) - tag-dimension queries are NOT expected to rank via tag relevance."
Phủ Socola,초콜릿 코팅,tag,vi,low,"derived from dev tag taxonomy (lotte_tags_vi_en_ko_description_v2.csv, 2026-08-25) - NO per-SKU tag assignment exists yet, matched only via literal substring of the VI tag name inside product titles - needs QA/BA verification + real per-product tag data before use in a real test cycle. Real search-service tag-field boost weight = 0 (ServiceConfig_SearchService.png, 2026-08-25) - tag-dimension queries are NOT expected to rank via tag relevance."
Tôm Khô,Dried Shrimp,tag,vi,low,"derived from dev tag taxonomy (lotte_tags_vi_en_ko_description_v2.csv, 2026-08-25) - NO per-SKU tag assignment exists yet, matched only via literal substring of the VI tag name inside product titles - needs QA/BA verification + real per-product tag data before use in a real test cycle. Real search-service tag-field boost weight = 0 (ServiceConfig_SearchService.png, 2026-08-25) - tag-dimension queries are NOT expected to rank via tag relevance."
Tôm Khô,건새우,tag,vi,low,"derived from dev tag taxonomy (lotte_tags_vi_en_ko_description_v2.csv, 2026-08-25) - NO per-SKU tag assignment exists yet, matched only via literal substring of the VI tag name inside product titles - needs QA/BA verification + real per-product tag data before use in a real test cycle. Real search-service tag-field boost weight = 0 (ServiceConfig_SearchService.png, 2026-08-25) - tag-dimension queries are NOT expected to rank via tag relevance."
Nước Hoa Nữ,Women's Perfume,tag,vi,low,"derived from dev tag taxonomy (lotte_tags_vi_en_ko_description_v2.csv, 2026-08-25) - NO per-SKU tag assignment exists yet, matched only via literal substring of the VI tag name inside product titles - needs QA/BA verification + real per-product tag data before use in a real test cycle. Real search-service tag-field boost weight = 0 (ServiceConfig_SearchService.png, 2026-08-25) - tag-dimension queries are NOT expected to rank via tag relevance."
Nước Hoa Nữ,여성 향수,tag,vi,low,"derived from dev tag taxonomy (lotte_tags_vi_en_ko_description_v2.csv, 2026-08-25) - NO per-SKU tag assignment exists yet, matched only via literal substring of the VI tag name inside product titles - needs QA/BA verification + real per-product tag data before use in a real test cycle. Real search-service tag-field boost weight = 0 (ServiceConfig_SearchService.png, 2026-08-25) - tag-dimension queries are NOT expected to rank via tag relevance."
Bia Trắng,Wheat Beer,tag,vi,low,"derived from dev tag taxonomy (lotte_tags_vi_en_ko_description_v2.csv, 2026-08-25) - NO per-SKU tag assignment exists yet, matched only via literal substring of the VI tag name inside product titles - needs QA/BA verification + real per-product tag data before use in a real test cycle. Real search-service tag-field boost weight = 0 (ServiceConfig_SearchService.png, 2026-08-25) - tag-dimension queries are NOT expected to rank via tag relevance."
Bia Trắng,밀맥주,tag,vi,low,"derived from dev tag taxonomy (lotte_tags_vi_en_ko_description_v2.csv, 2026-08-25) - NO per-SKU tag assignment exists yet, matched only via literal substring of the VI tag name inside product titles - needs QA/BA verification + real per-product tag data before use in a real test cycle. Real search-service tag-field boost weight = 0 (ServiceConfig_SearchService.png, 2026-08-25) - tag-dimension queries are NOT expected to rank via tag relevance."
Trà Lài,Jasmine Tea,tag,vi,low,"derived from dev tag taxonomy (lotte_tags_vi_en_ko_description_v2.csv, 2026-08-25) - NO per-SKU tag assignment exists yet, matched only via literal substring of the VI tag name inside product titles - needs QA/BA verification + real per-product tag data before use in a real test cycle. Real search-service tag-field boost weight = 0 (ServiceConfig_SearchService.png, 2026-08-25) - tag-dimension queries are NOT expected to rank via tag relevance."
Trà Lài,자스민차,tag,vi,low,"derived from dev tag taxonomy (lotte_tags_vi_en_ko_description_v2.csv, 2026-08-25) - NO per-SKU tag assignment exists yet, matched only via literal substring of the VI tag name inside product titles - needs QA/BA verification + real per-product tag data before use in a real test cycle. Real search-service tag-field boost weight = 0 (ServiceConfig_SearchService.png, 2026-08-25) - tag-dimension queries are NOT expected to rank via tag relevance."
Bánh Pía,Pia Cake,tag,vi,low,"derived from dev tag taxonomy (lotte_tags_vi_en_ko_description_v2.csv, 2026-08-25) - NO per-SKU tag assignment exists yet, matched only via literal substring of the VI tag name inside product titles - needs QA/BA verification + real per-product tag data before use in a real test cycle. Real search-service tag-field boost weight = 0 (ServiceConfig_SearchService.png, 2026-08-25) - tag-dimension queries are NOT expected to rank via tag relevance."
Bánh Pía,피아 케이크,tag,vi,low,"derived from dev tag taxonomy (lotte_tags_vi_en_ko_description_v2.csv, 2026-08-25) - NO per-SKU tag assignment exists yet, matched only via literal substring of the VI tag name inside product titles - needs QA/BA verification + real per-product tag data before use in a real test cycle. Real search-service tag-field boost weight = 0 (ServiceConfig_SearchService.png, 2026-08-25) - tag-dimension queries are NOT expected to rank via tag relevance."
Kiwi Vàng,Gold Kiwi,tag,vi,low,"derived from dev tag taxonomy (lotte_tags_vi_en_ko_description_v2.csv, 2026-08-25) - NO per-SKU tag assignment exists yet, matched only via literal substring of the VI tag name inside product titles - needs QA/BA verification + real per-product tag data before use in a real test cycle. Real search-service tag-field boost weight = 0 (ServiceConfig_SearchService.png, 2026-08-25) - tag-dimension queries are NOT expected to rank via tag relevance."
Kiwi Vàng,골드키위,tag,vi,low,"derived from dev tag taxonomy (lotte_tags_vi_en_ko_description_v2.csv, 2026-08-25) - NO per-SKU tag assignment exists yet, matched only via literal substring of the VI tag name inside product titles - needs QA/BA verification + real per-product tag data before use in a real test cycle. Real search-service tag-field boost weight = 0 (ServiceConfig_SearchService.png, 2026-08-25) - tag-dimension queries are NOT expected to rank via tag relevance."
Lương Khô,Compressed Biscuits,tag,vi,low,"derived from dev tag taxonomy (lotte_tags_vi_en_ko_description_v2.csv, 2026-08-25) - NO per-SKU tag assignment exists yet, matched only via literal substring of the VI tag name inside product titles - needs QA/BA verification + real per-product tag data before use in a real test cycle. Real search-service tag-field boost weight = 0 (ServiceConfig_SearchService.png, 2026-08-25) - tag-dimension queries are NOT expected to rank via tag relevance."
Lương Khô,건빵,tag,vi,low,"derived from dev tag taxonomy (lotte_tags_vi_en_ko_description_v2.csv, 2026-08-25) - NO per-SKU tag assignment exists yet, matched only via literal substring of the VI tag name inside product titles - needs QA/BA verification + real per-product tag data before use in a real test cycle. Real search-service tag-field boost weight = 0 (ServiceConfig_SearchService.png, 2026-08-25) - tag-dimension queries are NOT expected to rank via tag relevance."
Nem Nướng,Grilled Pork Sausage,tag,vi,low,"derived from dev tag taxonomy (lotte_tags_vi_en_ko_description_v2.csv, 2026-08-25) - NO per-SKU tag assignment exists yet, matched only via literal substring of the VI tag name inside product titles - needs QA/BA verification + real per-product tag data before use in a real test cycle. Real search-service tag-field boost weight = 0 (ServiceConfig_SearchService.png, 2026-08-25) - tag-dimension queries are NOT expected to rank via tag relevance."
Nem Nướng,구운 돼지고기 소시지,tag,vi,low,"derived from dev tag taxonomy (lotte_tags_vi_en_ko_description_v2.csv, 2026-08-25) - NO per-SKU tag assignment exists yet, matched only via literal substring of the VI tag name inside product titles - needs QA/BA verification + real per-product tag data before use in a real test cycle. Real search-service tag-field boost weight = 0 (ServiceConfig_SearchService.png, 2026-08-25) - tag-dimension queries are NOT expected to rank via tag relevance."
Bánh Hotteok,Hotteok,tag,vi,low,"derived from dev tag taxonomy (lotte_tags_vi_en_ko_description_v2.csv, 2026-08-25) - NO per-SKU tag assignment exists yet, matched only via literal substring of the VI tag name inside product titles - needs QA/BA verification + real per-product tag data before use in a real test cycle. Real search-service tag-field boost weight = 0 (ServiceConfig_SearchService.png, 2026-08-25) - tag-dimension queries are NOT expected to rank via tag relevance."
Bánh Hotteok,호떡,tag,vi,low,"derived from dev tag taxonomy (lotte_tags_vi_en_ko_description_v2.csv, 2026-08-25) - NO per-SKU tag assignment exists yet, matched only via literal substring of the VI tag name inside product titles - needs QA/BA verification + real per-product tag data before use in a real test cycle. Real search-service tag-field boost weight = 0 (ServiceConfig_SearchService.png, 2026-08-25) - tag-dimension queries are NOT expected to rank via tag relevance."
Lager,Lager,tag,vi,low,"derived from dev tag taxonomy (lotte_tags_vi_en_ko_description_v2.csv, 2026-08-25) - NO per-SKU tag assignment exists yet, matched only via literal substring of the VI tag name inside product titles - needs QA/BA verification + real per-product tag data before use in a real test cycle. Real search-service tag-field boost weight = 0 (ServiceConfig_SearchService.png, 2026-08-25) - tag-dimension queries are NOT expected to rank via tag relevance."
Lager,라거,tag,vi,low,"derived from dev tag taxonomy (lotte_tags_vi_en_ko_description_v2.csv, 2026-08-25) - NO per-SKU tag assignment exists yet, matched only via literal substring of the VI tag name inside product titles - needs QA/BA verification + real per-product tag data before use in a real test cycle. Real search-service tag-field boost weight = 0 (ServiceConfig_SearchService.png, 2026-08-25) - tag-dimension queries are NOT expected to rank via tag relevance."
Bò Wagyu,Wagyu Beef,tag,vi,low,"derived from dev tag taxonomy (lotte_tags_vi_en_ko_description_v2.csv, 2026-08-25) - NO per-SKU tag assignment exists yet, matched only via literal substring of the VI tag name inside product titles - needs QA/BA verification + real per-product tag data before use in a real test cycle. Real search-service tag-field boost weight = 0 (ServiceConfig_SearchService.png, 2026-08-25) - tag-dimension queries are NOT expected to rank via tag relevance."
Bò Wagyu,와규 소고기,tag,vi,low,"derived from dev tag taxonomy (lotte_tags_vi_en_ko_description_v2.csv, 2026-08-25) - NO per-SKU tag assignment exists yet, matched only via literal substring of the VI tag name inside product titles - needs QA/BA verification + real per-product tag data before use in a real test cycle. Real search-service tag-field boost weight = 0 (ServiceConfig_SearchService.png, 2026-08-25) - tag-dimension queries are NOT expected to rank via tag relevance."
Rau Muống,Water Spinach,tag,vi,low,"derived from dev tag taxonomy (lotte_tags_vi_en_ko_description_v2.csv, 2026-08-25) - NO per-SKU tag assignment exists yet, matched only via literal substring of the VI tag name inside product titles - needs QA/BA verification + real per-product tag data before use in a real test cycle. Real search-service tag-field boost weight = 0 (ServiceConfig_SearchService.png, 2026-08-25) - tag-dimension queries are NOT expected to rank via tag relevance."
Rau Muống,공심채,tag,vi,low,"derived from dev tag taxonomy (lotte_tags_vi_en_ko_description_v2.csv, 2026-08-25) - NO per-SKU tag assignment exists yet, matched only via literal substring of the VI tag name inside product titles - needs QA/BA verification + real per-product tag data before use in a real test cycle. Real search-service tag-field boost weight = 0 (ServiceConfig_SearchService.png, 2026-08-25) - tag-dimension queries are NOT expected to rank via tag relevance."
Ống Hút,Straw,tag,vi,low,"derived from dev tag taxonomy (lotte_tags_vi_en_ko_description_v2.csv, 2026-08-25) - NO per-SKU tag assignment exists yet, matched only via literal substring of the VI tag name inside product titles - needs QA/BA verification + real per-product tag data before use in a real test cycle. Real search-service tag-field boost weight = 0 (ServiceConfig_SearchService.png, 2026-08-25) - tag-dimension queries are NOT expected to rank via tag relevance."
Ống Hút,빨대,tag,vi,low,"derived from dev tag taxonomy (lotte_tags_vi_en_ko_description_v2.csv, 2026-08-25) - NO per-SKU tag assignment exists yet, matched only via literal substring of the VI tag name inside product titles - needs QA/BA verification + real per-product tag data before use in a real test cycle. Real search-service tag-field boost weight = 0 (ServiceConfig_SearchService.png, 2026-08-25) - tag-dimension queries are NOT expected to rank via tag relevance."
Ăn Kiêng,Diet Food,tag,vi,low,"derived from dev tag taxonomy (lotte_tags_vi_en_ko_description_v2.csv, 2026-08-25) - NO per-SKU tag assignment exists yet, matched only via literal substring of the VI tag name inside product titles - needs QA/BA verification + real per-product tag data before use in a real test cycle. Real search-service tag-field boost weight = 0 (ServiceConfig_SearchService.png, 2026-08-25) - tag-dimension queries are NOT expected to rank via tag relevance."
Ăn Kiêng,다이어트 식품,tag,vi,low,"derived from dev tag taxonomy (lotte_tags_vi_en_ko_description_v2.csv, 2026-08-25) - NO per-SKU tag assignment exists yet, matched only via literal substring of the VI tag name inside product titles - needs QA/BA verification + real per-product tag data before use in a real test cycle. Real search-service tag-field boost weight = 0 (ServiceConfig_SearchService.png, 2026-08-25) - tag-dimension queries are NOT expected to rank via tag relevance."
Nhân Socola,Chocolate Filling,tag,vi,low,"derived from dev tag taxonomy (lotte_tags_vi_en_ko_description_v2.csv, 2026-08-25) - NO per-SKU tag assignment exists yet, matched only via literal substring of the VI tag name inside product titles - needs QA/BA verification + real per-product tag data before use in a real test cycle. Real search-service tag-field boost weight = 0 (ServiceConfig_SearchService.png, 2026-08-25) - tag-dimension queries are NOT expected to rank via tag relevance."
Nhân Socola,초콜릿 필링,tag,vi,low,"derived from dev tag taxonomy (lotte_tags_vi_en_ko_description_v2.csv, 2026-08-25) - NO per-SKU tag assignment exists yet, matched only via literal substring of the VI tag name inside product titles - needs QA/BA verification + real per-product tag data before use in a real test cycle. Real search-service tag-field boost weight = 0 (ServiceConfig_SearchService.png, 2026-08-25) - tag-dimension queries are NOT expected to rank via tag relevance."
Phủ Ceramic,Ceramic-Coated,tag,vi,low,"derived from dev tag taxonomy (lotte_tags_vi_en_ko_description_v2.csv, 2026-08-25) - NO per-SKU tag assignment exists yet, matched only via literal substring of the VI tag name inside product titles - needs QA/BA verification + real per-product tag data before use in a real test cycle. Real search-service tag-field boost weight = 0 (ServiceConfig_SearchService.png, 2026-08-25) - tag-dimension queries are NOT expected to rank via tag relevance."
Phủ Ceramic,세라믹 코팅,tag,vi,low,"derived from dev tag taxonomy (lotte_tags_vi_en_ko_description_v2.csv, 2026-08-25) - NO per-SKU tag assignment exists yet, matched only via literal substring of the VI tag name inside product titles - needs QA/BA verification + real per-product tag data before use in a real test cycle. Real search-service tag-field boost weight = 0 (ServiceConfig_SearchService.png, 2026-08-25) - tag-dimension queries are NOT expected to rank via tag relevance."
Cappuccino Dừa,Coconut Cappuccino,tag,vi,low,"derived from dev tag taxonomy (lotte_tags_vi_en_ko_description_v2.csv, 2026-08-25) - NO per-SKU tag assignment exists yet, matched only via literal substring of the VI tag name inside product titles - needs QA/BA verification + real per-product tag data before use in a real test cycle. Real search-service tag-field boost weight = 0 (ServiceConfig_SearchService.png, 2026-08-25) - tag-dimension queries are NOT expected to rank via tag relevance."
Cappuccino Dừa,코코넛 카푸치노,tag,vi,low,"derived from dev tag taxonomy (lotte_tags_vi_en_ko_description_v2.csv, 2026-08-25) - NO per-SKU tag assignment exists yet, matched only via literal substring of the VI tag name inside product titles - needs QA/BA verification + real per-product tag data before use in a real test cycle. Real search-service tag-field boost weight = 0 (ServiceConfig_SearchService.png, 2026-08-25) - tag-dimension queries are NOT expected to rank via tag relevance."
Nui Xoắn,Spiral Pasta,tag,vi,low,"derived from dev tag taxonomy (lotte_tags_vi_en_ko_description_v2.csv, 2026-08-25) - NO per-SKU tag assignment exists yet, matched only via literal substring of the VI tag name inside product titles - needs QA/BA verification + real per-product tag data before use in a real test cycle. Real search-service tag-field boost weight = 0 (ServiceConfig_SearchService.png, 2026-08-25) - tag-dimension queries are NOT expected to rank via tag relevance."
Nui Xoắn,푸실리,tag,vi,low,"derived from dev tag taxonomy (lotte_tags_vi_en_ko_description_v2.csv, 2026-08-25) - NO per-SKU tag assignment exists yet, matched only via literal substring of the VI tag name inside product titles - needs QA/BA verification + real per-product tag data before use in a real test cycle. Real search-service tag-field boost weight = 0 (ServiceConfig_SearchService.png, 2026-08-25) - tag-dimension queries are NOT expected to rank via tag relevance."
Bột Canh,Seasoning Powder,tag,vi,low,"derived from dev tag taxonomy (lotte_tags_vi_en_ko_description_v2.csv, 2026-08-25) - NO per-SKU tag assignment exists yet, matched only via literal substring of the VI tag name inside product titles - needs QA/BA verification + real per-product tag data before use in a real test cycle. Real search-service tag-field boost weight = 0 (ServiceConfig_SearchService.png, 2026-08-25) - tag-dimension queries are NOT expected to rank via tag relevance."
Bột Canh,조미 소금,tag,vi,low,"derived from dev tag taxonomy (lotte_tags_vi_en_ko_description_v2.csv, 2026-08-25) - NO per-SKU tag assignment exists yet, matched only via literal substring of the VI tag name inside product titles - needs QA/BA verification + real per-product tag data before use in a real test cycle. Real search-service tag-field boost weight = 0 (ServiceConfig_SearchService.png, 2026-08-25) - tag-dimension queries are NOT expected to rank via tag relevance."
Khổ Qua,Bitter Melon,tag,vi,low,"derived from dev tag taxonomy (lotte_tags_vi_en_ko_description_v2.csv, 2026-08-25) - NO per-SKU tag assignment exists yet, matched only via literal substring of the VI tag name inside product titles - needs QA/BA verification + real per-product tag data before use in a real test cycle. Real search-service tag-field boost weight = 0 (ServiceConfig_SearchService.png, 2026-08-25) - tag-dimension queries are NOT expected to rank via tag relevance."
Khổ Qua,여주,tag,vi,low,"derived from dev tag taxonomy (lotte_tags_vi_en_ko_description_v2.csv, 2026-08-25) - NO per-SKU tag assignment exists yet, matched only via literal substring of the VI tag name inside product titles - needs QA/BA verification + real per-product tag data before use in a real test cycle. Real search-service tag-field boost weight = 0 (ServiceConfig_SearchService.png, 2026-08-25) - tag-dimension queries are NOT expected to rank via tag relevance."
Đĩa Giấy,Paper Plate,tag,vi,low,"derived from dev tag taxonomy (lotte_tags_vi_en_ko_description_v2.csv, 2026-08-25) - NO per-SKU tag assignment exists yet, matched only via literal substring of the VI tag name inside product titles - needs QA/BA verification + real per-product tag data before use in a real test cycle. Real search-service tag-field boost weight = 0 (ServiceConfig_SearchService.png, 2026-08-25) - tag-dimension queries are NOT expected to rank via tag relevance."
Đĩa Giấy,종이 접시,tag,vi,low,"derived from dev tag taxonomy (lotte_tags_vi_en_ko_description_v2.csv, 2026-08-25) - NO per-SKU tag assignment exists yet, matched only via literal substring of the VI tag name inside product titles - needs QA/BA verification + real per-product tag data before use in a real test cycle. Real search-service tag-field boost weight = 0 (ServiceConfig_SearchService.png, 2026-08-25) - tag-dimension queries are NOT expected to rank via tag relevance."
Trà Đen,Black Tea,tag,vi,low,"derived from dev tag taxonomy (lotte_tags_vi_en_ko_description_v2.csv, 2026-08-25) - NO per-SKU tag assignment exists yet, matched only via literal substring of the VI tag name inside product titles - needs QA/BA verification + real per-product tag data before use in a real test cycle. Real search-service tag-field boost weight = 0 (ServiceConfig_SearchService.png, 2026-08-25) - tag-dimension queries are NOT expected to rank via tag relevance."
Trà Đen,홍차,tag,vi,low,"derived from dev tag taxonomy (lotte_tags_vi_en_ko_description_v2.csv, 2026-08-25) - NO per-SKU tag assignment exists yet, matched only via literal substring of the VI tag name inside product titles - needs QA/BA verification + real per-product tag data before use in a real test cycle. Real search-service tag-field boost weight = 0 (ServiceConfig_SearchService.png, 2026-08-25) - tag-dimension queries are NOT expected to rank via tag relevance."
Thạch Dừa,Coconut Jelly,tag,vi,low,"derived from dev tag taxonomy (lotte_tags_vi_en_ko_description_v2.csv, 2026-08-25) - NO per-SKU tag assignment exists yet, matched only via literal substring of the VI tag name inside product titles - needs QA/BA verification + real per-product tag data before use in a real test cycle. Real search-service tag-field boost weight = 0 (ServiceConfig_SearchService.png, 2026-08-25) - tag-dimension queries are NOT expected to rank via tag relevance."
Thạch Dừa,코코넛 젤리,tag,vi,low,"derived from dev tag taxonomy (lotte_tags_vi_en_ko_description_v2.csv, 2026-08-25) - NO per-SKU tag assignment exists yet, matched only via literal substring of the VI tag name inside product titles - needs QA/BA verification + real per-product tag data before use in a real test cycle. Real search-service tag-field boost weight = 0 (ServiceConfig_SearchService.png, 2026-08-25) - tag-dimension queries are NOT expected to rank via tag relevance."
Mickey,Mickey Mouse,tag,vi,low,"derived from dev tag taxonomy (lotte_tags_vi_en_ko_description_v2.csv, 2026-08-25) - NO per-SKU tag assignment exists yet, matched only via literal substring of the VI tag name inside product titles - needs QA/BA verification + real per-product tag data before use in a real test cycle. Real search-service tag-field boost weight = 0 (ServiceConfig_SearchService.png, 2026-08-25) - tag-dimension queries are NOT expected to rank via tag relevance."
Mickey,미키마우스,tag,vi,low,"derived from dev tag taxonomy (lotte_tags_vi_en_ko_description_v2.csv, 2026-08-25) - NO per-SKU tag assignment exists yet, matched only via literal substring of the VI tag name inside product titles - needs QA/BA verification + real per-product tag data before use in a real test cycle. Real search-service tag-field boost weight = 0 (ServiceConfig_SearchService.png, 2026-08-25) - tag-dimension queries are NOT expected to rank via tag relevance."
Muối Hồng,Pink Salt,tag,vi,low,"derived from dev tag taxonomy (lotte_tags_vi_en_ko_description_v2.csv, 2026-08-25) - NO per-SKU tag assignment exists yet, matched only via literal substring of the VI tag name inside product titles - needs QA/BA verification + real per-product tag data before use in a real test cycle. Real search-service tag-field boost weight = 0 (ServiceConfig_SearchService.png, 2026-08-25) - tag-dimension queries are NOT expected to rank via tag relevance."
Muối Hồng,핑크솔트,tag,vi,low,"derived from dev tag taxonomy (lotte_tags_vi_en_ko_description_v2.csv, 2026-08-25) - NO per-SKU tag assignment exists yet, matched only via literal substring of the VI tag name inside product titles - needs QA/BA verification + real per-product tag data before use in a real test cycle. Real search-service tag-field boost weight = 0 (ServiceConfig_SearchService.png, 2026-08-25) - tag-dimension queries are NOT expected to rank via tag relevance."
Ga Giường Jacquard,Jacquard Bedsheet,tag,vi,low,"derived from dev tag taxonomy (lotte_tags_vi_en_ko_description_v2.csv, 2026-08-25) - NO per-SKU tag assignment exists yet, matched only via literal substring of the VI tag name inside product titles - needs QA/BA verification + real per-product tag data before use in a real test cycle. Real search-service tag-field boost weight = 0 (ServiceConfig_SearchService.png, 2026-08-25) - tag-dimension queries are NOT expected to rank via tag relevance."
Ga Giường Jacquard,자카드 침대시트,tag,vi,low,"derived from dev tag taxonomy (lotte_tags_vi_en_ko_description_v2.csv, 2026-08-25) - NO per-SKU tag assignment exists yet, matched only via literal substring of the VI tag name inside product titles - needs QA/BA verification + real per-product tag data before use in a real test cycle. Real search-service tag-field boost weight = 0 (ServiceConfig_SearchService.png, 2026-08-25) - tag-dimension queries are NOT expected to rank via tag relevance."
Soda Kem,Cream Soda,tag,vi,low,"derived from dev tag taxonomy (lotte_tags_vi_en_ko_description_v2.csv, 2026-08-25) - NO per-SKU tag assignment exists yet, matched only via literal substring of the VI tag name inside product titles - needs QA/BA verification + real per-product tag data before use in a real test cycle. Real search-service tag-field boost weight = 0 (ServiceConfig_SearchService.png, 2026-08-25) - tag-dimension queries are NOT expected to rank via tag relevance."
Soda Kem,크림소다,tag,vi,low,"derived from dev tag taxonomy (lotte_tags_vi_en_ko_description_v2.csv, 2026-08-25) - NO per-SKU tag assignment exists yet, matched only via literal substring of the VI tag name inside product titles - needs QA/BA verification + real per-product tag data before use in a real test cycle. Real search-service tag-field boost weight = 0 (ServiceConfig_SearchService.png, 2026-08-25) - tag-dimension queries are NOT expected to rank via tag relevance."
Bánh Gấu,Bear-Shaped Biscuits,tag,vi,low,"derived from dev tag taxonomy (lotte_tags_vi_en_ko_description_v2.csv, 2026-08-25) - NO per-SKU tag assignment exists yet, matched only via literal substring of the VI tag name inside product titles - needs QA/BA verification + real per-product tag data before use in a real test cycle. Real search-service tag-field boost weight = 0 (ServiceConfig_SearchService.png, 2026-08-25) - tag-dimension queries are NOT expected to rank via tag relevance."
Bánh Gấu,곰 모양 과자,tag,vi,low,"derived from dev tag taxonomy (lotte_tags_vi_en_ko_description_v2.csv, 2026-08-25) - NO per-SKU tag assignment exists yet, matched only via literal substring of the VI tag name inside product titles - needs QA/BA verification + real per-product tag data before use in a real test cycle. Real search-service tag-field boost weight = 0 (ServiceConfig_SearchService.png, 2026-08-25) - tag-dimension queries are NOT expected to rank via tag relevance."
Thước Dẻo,Flexible Ruler,tag,vi,low,"derived from dev tag taxonomy (lotte_tags_vi_en_ko_description_v2.csv, 2026-08-25) - NO per-SKU tag assignment exists yet, matched only via literal substring of the VI tag name inside product titles - needs QA/BA verification + real per-product tag data before use in a real test cycle. Real search-service tag-field boost weight = 0 (ServiceConfig_SearchService.png, 2026-08-25) - tag-dimension queries are NOT expected to rank via tag relevance."
Thước Dẻo,말랑 자,tag,vi,low,"derived from dev tag taxonomy (lotte_tags_vi_en_ko_description_v2.csv, 2026-08-25) - NO per-SKU tag assignment exists yet, matched only via literal substring of the VI tag name inside product titles - needs QA/BA verification + real per-product tag data before use in a real test cycle. Real search-service tag-field boost weight = 0 (ServiceConfig_SearchService.png, 2026-08-25) - tag-dimension queries are NOT expected to rank via tag relevance."
Tô Canh,Soup Bowl,tag,vi,low,"derived from dev tag taxonomy (lotte_tags_vi_en_ko_description_v2.csv, 2026-08-25) - NO per-SKU tag assignment exists yet, matched only via literal substring of the VI tag name inside product titles - needs QA/BA verification + real per-product tag data before use in a real test cycle. Real search-service tag-field boost weight = 0 (ServiceConfig_SearchService.png, 2026-08-25) - tag-dimension queries are NOT expected to rank via tag relevance."
Tô Canh,국그릇,tag,vi,low,"derived from dev tag taxonomy (lotte_tags_vi_en_ko_description_v2.csv, 2026-08-25) - NO per-SKU tag assignment exists yet, matched only via literal substring of the VI tag name inside product titles - needs QA/BA verification + real per-product tag data before use in a real test cycle. Real search-service tag-field boost weight = 0 (ServiceConfig_SearchService.png, 2026-08-25) - tag-dimension queries are NOT expected to rank via tag relevance."
Vang Sủi,Sparkling Wine,tag,vi,low,"derived from dev tag taxonomy (lotte_tags_vi_en_ko_description_v2.csv, 2026-08-25) - NO per-SKU tag assignment exists yet, matched only via literal substring of the VI tag name inside product titles - needs QA/BA verification + real per-product tag data before use in a real test cycle. Real search-service tag-field boost weight = 0 (ServiceConfig_SearchService.png, 2026-08-25) - tag-dimension queries are NOT expected to rank via tag relevance."
Vang Sủi,스파클링 와인,tag,vi,low,"derived from dev tag taxonomy (lotte_tags_vi_en_ko_description_v2.csv, 2026-08-25) - NO per-SKU tag assignment exists yet, matched only via literal substring of the VI tag name inside product titles - needs QA/BA verification + real per-product tag data before use in a real test cycle. Real search-service tag-field boost weight = 0 (ServiceConfig_SearchService.png, 2026-08-25) - tag-dimension queries are NOT expected to rank via tag relevance."
Kẹo Xylitol,Xylitol Candy,tag,vi,low,"derived from dev tag taxonomy (lotte_tags_vi_en_ko_description_v2.csv, 2026-08-25) - NO per-SKU tag assignment exists yet, matched only via literal substring of the VI tag name inside product titles - needs QA/BA verification + real per-product tag data before use in a real test cycle. Real search-service tag-field boost weight = 0 (ServiceConfig_SearchService.png, 2026-08-25) - tag-dimension queries are NOT expected to rank via tag relevance."
Kẹo Xylitol,자일리톨 캔디,tag,vi,low,"derived from dev tag taxonomy (lotte_tags_vi_en_ko_description_v2.csv, 2026-08-25) - NO per-SKU tag assignment exists yet, matched only via literal substring of the VI tag name inside product titles - needs QA/BA verification + real per-product tag data before use in a real test cycle. Real search-service tag-field boost weight = 0 (ServiceConfig_SearchService.png, 2026-08-25) - tag-dimension queries are NOT expected to rank via tag relevance."
Nấu Cà Ri,Curry Cooking,tag,vi,low,"derived from dev tag taxonomy (lotte_tags_vi_en_ko_description_v2.csv, 2026-08-25) - NO per-SKU tag assignment exists yet, matched only via literal substring of the VI tag name inside product titles - needs QA/BA verification + real per-product tag data before use in a real test cycle. Real search-service tag-field boost weight = 0 (ServiceConfig_SearchService.png, 2026-08-25) - tag-dimension queries are NOT expected to rank via tag relevance."
Nấu Cà Ri,카레 요리,tag,vi,low,"derived from dev tag taxonomy (lotte_tags_vi_en_ko_description_v2.csv, 2026-08-25) - NO per-SKU tag assignment exists yet, matched only via literal substring of the VI tag name inside product titles - needs QA/BA verification + real per-product tag data before use in a real test cycle. Real search-service tag-field boost weight = 0 (ServiceConfig_SearchService.png, 2026-08-25) - tag-dimension queries are NOT expected to rank via tag relevance."
Cam Tươi,Fresh Orange,tag,vi,low,"derived from dev tag taxonomy (lotte_tags_vi_en_ko_description_v2.csv, 2026-08-25) - NO per-SKU tag assignment exists yet, matched only via literal substring of the VI tag name inside product titles - needs QA/BA verification + real per-product tag data before use in a real test cycle. Real search-service tag-field boost weight = 0 (ServiceConfig_SearchService.png, 2026-08-25) - tag-dimension queries are NOT expected to rank via tag relevance."
Cam Tươi,신선 오렌지,tag,vi,low,"derived from dev tag taxonomy (lotte_tags_vi_en_ko_description_v2.csv, 2026-08-25) - NO per-SKU tag assignment exists yet, matched only via literal substring of the VI tag name inside product titles - needs QA/BA verification + real per-product tag data before use in a real test cycle. Real search-service tag-field boost weight = 0 (ServiceConfig_SearchService.png, 2026-08-25) - tag-dimension queries are NOT expected to rank via tag relevance."
Viên Nhàu,Noni Capsules,tag,vi,low,"derived from dev tag taxonomy (lotte_tags_vi_en_ko_description_v2.csv, 2026-08-25) - NO per-SKU tag assignment exists yet, matched only via literal substring of the VI tag name inside product titles - needs QA/BA verification + real per-product tag data before use in a real test cycle. Real search-service tag-field boost weight = 0 (ServiceConfig_SearchService.png, 2026-08-25) - tag-dimension queries are NOT expected to rank via tag relevance."
Viên Nhàu,노니 캡슐,tag,vi,low,"derived from dev tag taxonomy (lotte_tags_vi_en_ko_description_v2.csv, 2026-08-25) - NO per-SKU tag assignment exists yet, matched only via literal substring of the VI tag name inside product titles - needs QA/BA verification + real per-product tag data before use in a real test cycle. Real search-service tag-field boost weight = 0 (ServiceConfig_SearchService.png, 2026-08-25) - tag-dimension queries are NOT expected to rank via tag relevance."
Giò Thủ,Vietnamese Head Cheese,tag,vi,low,"derived from dev tag taxonomy (lotte_tags_vi_en_ko_description_v2.csv, 2026-08-25) - NO per-SKU tag assignment exists yet, matched only via literal substring of the VI tag name inside product titles - needs QA/BA verification + real per-product tag data before use in a real test cycle. Real search-service tag-field boost weight = 0 (ServiceConfig_SearchService.png, 2026-08-25) - tag-dimension queries are NOT expected to rank via tag relevance."
Giò Thủ,베트남식 헤드치즈,tag,vi,low,"derived from dev tag taxonomy (lotte_tags_vi_en_ko_description_v2.csv, 2026-08-25) - NO per-SKU tag assignment exists yet, matched only via literal substring of the VI tag name inside product titles - needs QA/BA verification + real per-product tag data before use in a real test cycle. Real search-service tag-field boost weight = 0 (ServiceConfig_SearchService.png, 2026-08-25) - tag-dimension queries are NOT expected to rank via tag relevance."
Mì Ramen,Ramen Noodles,tag,vi,low,"derived from dev tag taxonomy (lotte_tags_vi_en_ko_description_v2.csv, 2026-08-25) - NO per-SKU tag assignment exists yet, matched only via literal substring of the VI tag name inside product titles - needs QA/BA verification + real per-product tag data before use in a real test cycle. Real search-service tag-field boost weight = 0 (ServiceConfig_SearchService.png, 2026-08-25) - tag-dimension queries are NOT expected to rank via tag relevance."
Mì Ramen,라멘,tag,vi,low,"derived from dev tag taxonomy (lotte_tags_vi_en_ko_description_v2.csv, 2026-08-25) - NO per-SKU tag assignment exists yet, matched only via literal substring of the VI tag name inside product titles - needs QA/BA verification + real per-product tag data before use in a real test cycle. Real search-service tag-field boost weight = 0 (ServiceConfig_SearchService.png, 2026-08-25) - tag-dimension queries are NOT expected to rank via tag relevance."
Dừa Xiêm,Young Coconut,tag,vi,low,"derived from dev tag taxonomy (lotte_tags_vi_en_ko_description_v2.csv, 2026-08-25) - NO per-SKU tag assignment exists yet, matched only via literal substring of the VI tag name inside product titles - needs QA/BA verification + real per-product tag data before use in a real test cycle. Real search-service tag-field boost weight = 0 (ServiceConfig_SearchService.png, 2026-08-25) - tag-dimension queries are NOT expected to rank via tag relevance."
Dừa Xiêm,어린 코코넛,tag,vi,low,"derived from dev tag taxonomy (lotte_tags_vi_en_ko_description_v2.csv, 2026-08-25) - NO per-SKU tag assignment exists yet, matched only via literal substring of the VI tag name inside product titles - needs QA/BA verification + real per-product tag data before use in a real test cycle. Real search-service tag-field boost weight = 0 (ServiceConfig_SearchService.png, 2026-08-25) - tag-dimension queries are NOT expected to rank via tag relevance."
Gà Nugget,Chicken Nuggets,tag,vi,low,"derived from dev tag taxonomy (lotte_tags_vi_en_ko_description_v2.csv, 2026-08-25) - NO per-SKU tag assignment exists yet, matched only via literal substring of the VI tag name inside product titles - needs QA/BA verification + real per-product tag data before use in a real test cycle. Real search-service tag-field boost weight = 0 (ServiceConfig_SearchService.png, 2026-08-25) - tag-dimension queries are NOT expected to rank via tag relevance."
Gà Nugget,치킨 너겟,tag,vi,low,"derived from dev tag taxonomy (lotte_tags_vi_en_ko_description_v2.csv, 2026-08-25) - NO per-SKU tag assignment exists yet, matched only via literal substring of the VI tag name inside product titles - needs QA/BA verification + real per-product tag data before use in a real test cycle. Real search-service tag-field boost weight = 0 (ServiceConfig_SearchService.png, 2026-08-25) - tag-dimension queries are NOT expected to rank via tag relevance."
Minions,Minions,tag,vi,low,"derived from dev tag taxonomy (lotte_tags_vi_en_ko_description_v2.csv, 2026-08-25) - NO per-SKU tag assignment exists yet, matched only via literal substring of the VI tag name inside product titles - needs QA/BA verification + real per-product tag data before use in a real test cycle. Real search-service tag-field boost weight = 0 (ServiceConfig_SearchService.png, 2026-08-25) - tag-dimension queries are NOT expected to rank via tag relevance."
Minions,미니언즈,tag,vi,low,"derived from dev tag taxonomy (lotte_tags_vi_en_ko_description_v2.csv, 2026-08-25) - NO per-SKU tag assignment exists yet, matched only via literal substring of the VI tag name inside product titles - needs QA/BA verification + real per-product tag data before use in a real test cycle. Real search-service tag-field boost weight = 0 (ServiceConfig_SearchService.png, 2026-08-25) - tag-dimension queries are NOT expected to rank via tag relevance."
Mọc Tóc,Hair Growth,tag,vi,low,"derived from dev tag taxonomy (lotte_tags_vi_en_ko_description_v2.csv, 2026-08-25) - NO per-SKU tag assignment exists yet, matched only via literal substring of the VI tag name inside product titles - needs QA/BA verification + real per-product tag data before use in a real test cycle. Real search-service tag-field boost weight = 0 (ServiceConfig_SearchService.png, 2026-08-25) - tag-dimension queries are NOT expected to rank via tag relevance."
Mọc Tóc,모발 성장,tag,vi,low,"derived from dev tag taxonomy (lotte_tags_vi_en_ko_description_v2.csv, 2026-08-25) - NO per-SKU tag assignment exists yet, matched only via literal substring of the VI tag name inside product titles - needs QA/BA verification + real per-product tag data before use in a real test cycle. Real search-service tag-field boost weight = 0 (ServiceConfig_SearchService.png, 2026-08-25) - tag-dimension queries are NOT expected to rank via tag relevance."
Bánh Sandwich,Sandwich Bread,tag,vi,low,"derived from dev tag taxonomy (lotte_tags_vi_en_ko_description_v2.csv, 2026-08-25) - NO per-SKU tag assignment exists yet, matched only via literal substring of the VI tag name inside product titles - needs QA/BA verification + real per-product tag data before use in a real test cycle. Real search-service tag-field boost weight = 0 (ServiceConfig_SearchService.png, 2026-08-25) - tag-dimension queries are NOT expected to rank via tag relevance."
Bánh Sandwich,식빵,tag,vi,low,"derived from dev tag taxonomy (lotte_tags_vi_en_ko_description_v2.csv, 2026-08-25) - NO per-SKU tag assignment exists yet, matched only via literal substring of the VI tag name inside product titles - needs QA/BA verification + real per-product tag data before use in a real test cycle. Real search-service tag-field boost weight = 0 (ServiceConfig_SearchService.png, 2026-08-25) - tag-dimension queries are NOT expected to rank via tag relevance."
Lúa Mạch,Barley,tag,vi,low,"derived from dev tag taxonomy (lotte_tags_vi_en_ko_description_v2.csv, 2026-08-25) - NO per-SKU tag assignment exists yet, matched only via literal substring of the VI tag name inside product titles - needs QA/BA verification + real per-product tag data before use in a real test cycle. Real search-service tag-field boost weight = 0 (ServiceConfig_SearchService.png, 2026-08-25) - tag-dimension queries are NOT expected to rank via tag relevance."
Lúa Mạch,보리,tag,vi,low,"derived from dev tag taxonomy (lotte_tags_vi_en_ko_description_v2.csv, 2026-08-25) - NO per-SKU tag assignment exists yet, matched only via literal substring of the VI tag name inside product titles - needs QA/BA verification + real per-product tag data before use in a real test cycle. Real search-service tag-field boost weight = 0 (ServiceConfig_SearchService.png, 2026-08-25) - tag-dimension queries are NOT expected to rank via tag relevance."
Món Chấm,Dipping Foods,tag,vi,low,"derived from dev tag taxonomy (lotte_tags_vi_en_ko_description_v2.csv, 2026-08-25) - NO per-SKU tag assignment exists yet, matched only via literal substring of the VI tag name inside product titles - needs QA/BA verification + real per-product tag data before use in a real test cycle. Real search-service tag-field boost weight = 0 (ServiceConfig_SearchService.png, 2026-08-25) - tag-dimension queries are NOT expected to rank via tag relevance."
Món Chấm,찍어 먹는 음식,tag,vi,low,"derived from dev tag taxonomy (lotte_tags_vi_en_ko_description_v2.csv, 2026-08-25) - NO per-SKU tag assignment exists yet, matched only via literal substring of the VI tag name inside product titles - needs QA/BA verification + real per-product tag data before use in a real test cycle. Real search-service tag-field boost weight = 0 (ServiceConfig_SearchService.png, 2026-08-25) - tag-dimension queries are NOT expected to rank via tag relevance."
Đệm Ngồi,Seat Cushion,tag,vi,low,"derived from dev tag taxonomy (lotte_tags_vi_en_ko_description_v2.csv, 2026-08-25) - NO per-SKU tag assignment exists yet, matched only via literal substring of the VI tag name inside product titles - needs QA/BA verification + real per-product tag data before use in a real test cycle. Real search-service tag-field boost weight = 0 (ServiceConfig_SearchService.png, 2026-08-25) - tag-dimension queries are NOT expected to rank via tag relevance."
Đệm Ngồi,방석,tag,vi,low,"derived from dev tag taxonomy (lotte_tags_vi_en_ko_description_v2.csv, 2026-08-25) - NO per-SKU tag assignment exists yet, matched only via literal substring of the VI tag name inside product titles - needs QA/BA verification + real per-product tag data before use in a real test cycle. Real search-service tag-field boost weight = 0 (ServiceConfig_SearchService.png, 2026-08-25) - tag-dimension queries are NOT expected to rank via tag relevance."
Cà Rốt,Carrot,tag,vi,low,"derived from dev tag taxonomy (lotte_tags_vi_en_ko_description_v2.csv, 2026-08-25) - NO per-SKU tag assignment exists yet, matched only via literal substring of the VI tag name inside product titles - needs QA/BA verification + real per-product tag data before use in a real test cycle. Real search-service tag-field boost weight = 0 (ServiceConfig_SearchService.png, 2026-08-25) - tag-dimension queries are NOT expected to rank via tag relevance."
Cà Rốt,당근,tag,vi,low,"derived from dev tag taxonomy (lotte_tags_vi_en_ko_description_v2.csv, 2026-08-25) - NO per-SKU tag assignment exists yet, matched only via literal substring of the VI tag name inside product titles - needs QA/BA verification + real per-product tag data before use in a real test cycle. Real search-service tag-field boost weight = 0 (ServiceConfig_SearchService.png, 2026-08-25) - tag-dimension queries are NOT expected to rank via tag relevance."
Rắc Topping,Topping Sprinkle,tag,vi,low,"derived from dev tag taxonomy (lotte_tags_vi_en_ko_description_v2.csv, 2026-08-25) - NO per-SKU tag assignment exists yet, matched only via literal substring of the VI tag name inside product titles - needs QA/BA verification + real per-product tag data before use in a real test cycle. Real search-service tag-field boost weight = 0 (ServiceConfig_SearchService.png, 2026-08-25) - tag-dimension queries are NOT expected to rank via tag relevance."
Rắc Topping,토핑용,tag,vi,low,"derived from dev tag taxonomy (lotte_tags_vi_en_ko_description_v2.csv, 2026-08-25) - NO per-SKU tag assignment exists yet, matched only via literal substring of the VI tag name inside product titles - needs QA/BA verification + real per-product tag data before use in a real test cycle. Real search-service tag-field boost weight = 0 (ServiceConfig_SearchService.png, 2026-08-25) - tag-dimension queries are NOT expected to rank via tag relevance."
Trộn Cơm,Rice Mixing,tag,vi,low,"derived from dev tag taxonomy (lotte_tags_vi_en_ko_description_v2.csv, 2026-08-25) - NO per-SKU tag assignment exists yet, matched only via literal substring of the VI tag name inside product titles - needs QA/BA verification + real per-product tag data before use in a real test cycle. Real search-service tag-field boost weight = 0 (ServiceConfig_SearchService.png, 2026-08-25) - tag-dimension queries are NOT expected to rank via tag relevance."
Trộn Cơm,비빔밥용,tag,vi,low,"derived from dev tag taxonomy (lotte_tags_vi_en_ko_description_v2.csv, 2026-08-25) - NO per-SKU tag assignment exists yet, matched only via literal substring of the VI tag name inside product titles - needs QA/BA verification + real per-product tag data before use in a real test cycle. Real search-service tag-field boost weight = 0 (ServiceConfig_SearchService.png, 2026-08-25) - tag-dimension queries are NOT expected to rank via tag relevance."
Nồi Lẩu,Hot Pot,tag,vi,low,"derived from dev tag taxonomy (lotte_tags_vi_en_ko_description_v2.csv, 2026-08-25) - NO per-SKU tag assignment exists yet, matched only via literal substring of the VI tag name inside product titles - needs QA/BA verification + real per-product tag data before use in a real test cycle. Real search-service tag-field boost weight = 0 (ServiceConfig_SearchService.png, 2026-08-25) - tag-dimension queries are NOT expected to rank via tag relevance."
Nồi Lẩu,전골냄비,tag,vi,low,"derived from dev tag taxonomy (lotte_tags_vi_en_ko_description_v2.csv, 2026-08-25) - NO per-SKU tag assignment exists yet, matched only via literal substring of the VI tag name inside product titles - needs QA/BA verification + real per-product tag data before use in a real test cycle. Real search-service tag-field boost weight = 0 (ServiceConfig_SearchService.png, 2026-08-25) - tag-dimension queries are NOT expected to rank via tag relevance."
Kẹo Chua,Sour Candy,tag,vi,low,"derived from dev tag taxonomy (lotte_tags_vi_en_ko_description_v2.csv, 2026-08-25) - NO per-SKU tag assignment exists yet, matched only via literal substring of the VI tag name inside product titles - needs QA/BA verification + real per-product tag data before use in a real test cycle. Real search-service tag-field boost weight = 0 (ServiceConfig_SearchService.png, 2026-08-25) - tag-dimension queries are NOT expected to rank via tag relevance."
Kẹo Chua,신맛 캔디,tag,vi,low,"derived from dev tag taxonomy (lotte_tags_vi_en_ko_description_v2.csv, 2026-08-25) - NO per-SKU tag assignment exists yet, matched only via literal substring of the VI tag name inside product titles - needs QA/BA verification + real per-product tag data before use in a real test cycle. Real search-service tag-field boost weight = 0 (ServiceConfig_SearchService.png, 2026-08-25) - tag-dimension queries are NOT expected to rank via tag relevance."
Thịt Vịt,Duck Meat,tag,vi,low,"derived from dev tag taxonomy (lotte_tags_vi_en_ko_description_v2.csv, 2026-08-25) - NO per-SKU tag assignment exists yet, matched only via literal substring of the VI tag name inside product titles - needs QA/BA verification + real per-product tag data before use in a real test cycle. Real search-service tag-field boost weight = 0 (ServiceConfig_SearchService.png, 2026-08-25) - tag-dimension queries are NOT expected to rank via tag relevance."
Thịt Vịt,오리고기,tag,vi,low,"derived from dev tag taxonomy (lotte_tags_vi_en_ko_description_v2.csv, 2026-08-25) - NO per-SKU tag assignment exists yet, matched only via literal substring of the VI tag name inside product titles - needs QA/BA verification + real per-product tag data before use in a real test cycle. Real search-service tag-field boost weight = 0 (ServiceConfig_SearchService.png, 2026-08-25) - tag-dimension queries are NOT expected to rank via tag relevance."
Bánh Phở,Pho Noodles,tag,vi,low,"derived from dev tag taxonomy (lotte_tags_vi_en_ko_description_v2.csv, 2026-08-25) - NO per-SKU tag assignment exists yet, matched only via literal substring of the VI tag name inside product titles - needs QA/BA verification + real per-product tag data before use in a real test cycle. Real search-service tag-field boost weight = 0 (ServiceConfig_SearchService.png, 2026-08-25) - tag-dimension queries are NOT expected to rank via tag relevance."
Bánh Phở,쌀국수면,tag,vi,low,"derived from dev tag taxonomy (lotte_tags_vi_en_ko_description_v2.csv, 2026-08-25) - NO per-SKU tag assignment exists yet, matched only via literal substring of the VI tag name inside product titles - needs QA/BA verification + real per-product tag data before use in a real test cycle. Real search-service tag-field boost weight = 0 (ServiceConfig_SearchService.png, 2026-08-25) - tag-dimension queries are NOT expected to rank via tag relevance."
Gỗ Tràm,Melaleuca Wood,tag,vi,low,"derived from dev tag taxonomy (lotte_tags_vi_en_ko_description_v2.csv, 2026-08-25) - NO per-SKU tag assignment exists yet, matched only via literal substring of the VI tag name inside product titles - needs QA/BA verification + real per-product tag data before use in a real test cycle. Real search-service tag-field boost weight = 0 (ServiceConfig_SearchService.png, 2026-08-25) - tag-dimension queries are NOT expected to rank via tag relevance."
Gỗ Tràm,멜라루카 목재,tag,vi,low,"derived from dev tag taxonomy (lotte_tags_vi_en_ko_description_v2.csv, 2026-08-25) - NO per-SKU tag assignment exists yet, matched only via literal substring of the VI tag name inside product titles - needs QA/BA verification + real per-product tag data before use in a real test cycle. Real search-service tag-field boost weight = 0 (ServiceConfig_SearchService.png, 2026-08-25) - tag-dimension queries are NOT expected to rank via tag relevance."
Tỏi Củ,Garlic Bulb,tag,vi,low,"derived from dev tag taxonomy (lotte_tags_vi_en_ko_description_v2.csv, 2026-08-25) - NO per-SKU tag assignment exists yet, matched only via literal substring of the VI tag name inside product titles - needs QA/BA verification + real per-product tag data before use in a real test cycle. Real search-service tag-field boost weight = 0 (ServiceConfig_SearchService.png, 2026-08-25) - tag-dimension queries are NOT expected to rank via tag relevance."
Tỏi Củ,통마늘,tag,vi,low,"derived from dev tag taxonomy (lotte_tags_vi_en_ko_description_v2.csv, 2026-08-25) - NO per-SKU tag assignment exists yet, matched only via literal substring of the VI tag name inside product titles - needs QA/BA verification + real per-product tag data before use in a real test cycle. Real search-service tag-field boost weight = 0 (ServiceConfig_SearchService.png, 2026-08-25) - tag-dimension queries are NOT expected to rank via tag relevance."
Thau Inox,Stainless Steel Basin,tag,vi,low,"derived from dev tag taxonomy (lotte_tags_vi_en_ko_description_v2.csv, 2026-08-25) - NO per-SKU tag assignment exists yet, matched only via literal substring of the VI tag name inside product titles - needs QA/BA verification + real per-product tag data before use in a real test cycle. Real search-service tag-field boost weight = 0 (ServiceConfig_SearchService.png, 2026-08-25) - tag-dimension queries are NOT expected to rank via tag relevance."
Thau Inox,스테인리스 대야,tag,vi,low,"derived from dev tag taxonomy (lotte_tags_vi_en_ko_description_v2.csv, 2026-08-25) - NO per-SKU tag assignment exists yet, matched only via literal substring of the VI tag name inside product titles - needs QA/BA verification + real per-product tag data before use in a real test cycle. Real search-service tag-field boost weight = 0 (ServiceConfig_SearchService.png, 2026-08-25) - tag-dimension queries are NOT expected to rank via tag relevance."
Sấy Lạnh,Freeze-Dried / Cold-Dried,tag,vi,low,"derived from dev tag taxonomy (lotte_tags_vi_en_ko_description_v2.csv, 2026-08-25) - NO per-SKU tag assignment exists yet, matched only via literal substring of the VI tag name inside product titles - needs QA/BA verification + real per-product tag data before use in a real test cycle. Real search-service tag-field boost weight = 0 (ServiceConfig_SearchService.png, 2026-08-25) - tag-dimension queries are NOT expected to rank via tag relevance."
Sấy Lạnh,저온 건조,tag,vi,low,"derived from dev tag taxonomy (lotte_tags_vi_en_ko_description_v2.csv, 2026-08-25) - NO per-SKU tag assignment exists yet, matched only via literal substring of the VI tag name inside product titles - needs QA/BA verification + real per-product tag data before use in a real test cycle. Real search-service tag-field boost weight = 0 (ServiceConfig_SearchService.png, 2026-08-25) - tag-dimension queries are NOT expected to rank via tag relevance."
Mắm Nêm,Fermented Anchovy Sauce,tag,vi,low,"derived from dev tag taxonomy (lotte_tags_vi_en_ko_description_v2.csv, 2026-08-25) - NO per-SKU tag assignment exists yet, matched only via literal substring of the VI tag name inside product titles - needs QA/BA verification + real per-product tag data before use in a real test cycle. Real search-service tag-field boost weight = 0 (ServiceConfig_SearchService.png, 2026-08-25) - tag-dimension queries are NOT expected to rank via tag relevance."
Mắm Nêm,발효 멸치 소스,tag,vi,low,"derived from dev tag taxonomy (lotte_tags_vi_en_ko_description_v2.csv, 2026-08-25) - NO per-SKU tag assignment exists yet, matched only via literal substring of the VI tag name inside product titles - needs QA/BA verification + real per-product tag data before use in a real test cycle. Real search-service tag-field boost weight = 0 (ServiceConfig_SearchService.png, 2026-08-25) - tag-dimension queries are NOT expected to rank via tag relevance."
Nệm Ngồi,Seat Pad,tag,vi,low,"derived from dev tag taxonomy (lotte_tags_vi_en_ko_description_v2.csv, 2026-08-25) - NO per-SKU tag assignment exists yet, matched only via literal substring of the VI tag name inside product titles - needs QA/BA verification + real per-product tag data before use in a real test cycle. Real search-service tag-field boost weight = 0 (ServiceConfig_SearchService.png, 2026-08-25) - tag-dimension queries are NOT expected to rank via tag relevance."
Nệm Ngồi,좌식 방석,tag,vi,low,"derived from dev tag taxonomy (lotte_tags_vi_en_ko_description_v2.csv, 2026-08-25) - NO per-SKU tag assignment exists yet, matched only via literal substring of the VI tag name inside product titles - needs QA/BA verification + real per-product tag data before use in a real test cycle. Real search-service tag-field boost weight = 0 (ServiceConfig_SearchService.png, 2026-08-25) - tag-dimension queries are NOT expected to rank via tag relevance."
Nước Kombucha,Kombucha,tag,vi,low,"derived from dev tag taxonomy (lotte_tags_vi_en_ko_description_v2.csv, 2026-08-25) - NO per-SKU tag assignment exists yet, matched only via literal substring of the VI tag name inside product titles - needs QA/BA verification + real per-product tag data before use in a real test cycle. Real search-service tag-field boost weight = 0 (ServiceConfig_SearchService.png, 2026-08-25) - tag-dimension queries are NOT expected to rank via tag relevance."
Nước Kombucha,콤부차,tag,vi,low,"derived from dev tag taxonomy (lotte_tags_vi_en_ko_description_v2.csv, 2026-08-25) - NO per-SKU tag assignment exists yet, matched only via literal substring of the VI tag name inside product titles - needs QA/BA verification + real per-product tag data before use in a real test cycle. Real search-service tag-field boost weight = 0 (ServiceConfig_SearchService.png, 2026-08-25) - tag-dimension queries are NOT expected to rank via tag relevance."
Cá Cơm,Anchovy,tag,vi,low,"derived from dev tag taxonomy (lotte_tags_vi_en_ko_description_v2.csv, 2026-08-25) - NO per-SKU tag assignment exists yet, matched only via literal substring of the VI tag name inside product titles - needs QA/BA verification + real per-product tag data before use in a real test cycle. Real search-service tag-field boost weight = 0 (ServiceConfig_SearchService.png, 2026-08-25) - tag-dimension queries are NOT expected to rank via tag relevance."
Cá Cơm,멸치,tag,vi,low,"derived from dev tag taxonomy (lotte_tags_vi_en_ko_description_v2.csv, 2026-08-25) - NO per-SKU tag assignment exists yet, matched only via literal substring of the VI tag name inside product titles - needs QA/BA verification + real per-product tag data before use in a real test cycle. Real search-service tag-field boost weight = 0 (ServiceConfig_SearchService.png, 2026-08-25) - tag-dimension queries are NOT expected to rank via tag relevance."
Hoa Cúc,Chrysanthemum,tag,vi,low,"derived from dev tag taxonomy (lotte_tags_vi_en_ko_description_v2.csv, 2026-08-25) - NO per-SKU tag assignment exists yet, matched only via literal substring of the VI tag name inside product titles - needs QA/BA verification + real per-product tag data before use in a real test cycle. Real search-service tag-field boost weight = 0 (ServiceConfig_SearchService.png, 2026-08-25) - tag-dimension queries are NOT expected to rank via tag relevance."
Hoa Cúc,국화,tag,vi,low,"derived from dev tag taxonomy (lotte_tags_vi_en_ko_description_v2.csv, 2026-08-25) - NO per-SKU tag assignment exists yet, matched only via literal substring of the VI tag name inside product titles - needs QA/BA verification + real per-product tag data before use in a real test cycle. Real search-service tag-field boost weight = 0 (ServiceConfig_SearchService.png, 2026-08-25) - tag-dimension queries are NOT expected to rank via tag relevance."
Cây Cảnh,Ornamental Plants,tag,vi,low,"derived from dev tag taxonomy (lotte_tags_vi_en_ko_description_v2.csv, 2026-08-25) - NO per-SKU tag assignment exists yet, matched only via literal substring of the VI tag name inside product titles - needs QA/BA verification + real per-product tag data before use in a real test cycle. Real search-service tag-field boost weight = 0 (ServiceConfig_SearchService.png, 2026-08-25) - tag-dimension queries are NOT expected to rank via tag relevance."
Cây Cảnh,관상식물,tag,vi,low,"derived from dev tag taxonomy (lotte_tags_vi_en_ko_description_v2.csv, 2026-08-25) - NO per-SKU tag assignment exists yet, matched only via literal substring of the VI tag name inside product titles - needs QA/BA verification + real per-product tag data before use in a real test cycle. Real search-service tag-field boost weight = 0 (ServiceConfig_SearchService.png, 2026-08-25) - tag-dimension queries are NOT expected to rank via tag relevance."
Khối Rubik,Rubik's Cube,tag,vi,low,"derived from dev tag taxonomy (lotte_tags_vi_en_ko_description_v2.csv, 2026-08-25) - NO per-SKU tag assignment exists yet, matched only via literal substring of the VI tag name inside product titles - needs QA/BA verification + real per-product tag data before use in a real test cycle. Real search-service tag-field boost weight = 0 (ServiceConfig_SearchService.png, 2026-08-25) - tag-dimension queries are NOT expected to rank via tag relevance."
Khối Rubik,루빅스 큐브,tag,vi,low,"derived from dev tag taxonomy (lotte_tags_vi_en_ko_description_v2.csv, 2026-08-25) - NO per-SKU tag assignment exists yet, matched only via literal substring of the VI tag name inside product titles - needs QA/BA verification + real per-product tag data before use in a real test cycle. Real search-service tag-field boost weight = 0 (ServiceConfig_SearchService.png, 2026-08-25) - tag-dimension queries are NOT expected to rank via tag relevance."
Kéo Inox,Stainless Steel Scissors,tag,vi,low,"derived from dev tag taxonomy (lotte_tags_vi_en_ko_description_v2.csv, 2026-08-25) - NO per-SKU tag assignment exists yet, matched only via literal substring of the VI tag name inside product titles - needs QA/BA verification + real per-product tag data before use in a real test cycle. Real search-service tag-field boost weight = 0 (ServiceConfig_SearchService.png, 2026-08-25) - tag-dimension queries are NOT expected to rank via tag relevance."
Kéo Inox,스테인리스 가위,tag,vi,low,"derived from dev tag taxonomy (lotte_tags_vi_en_ko_description_v2.csv, 2026-08-25) - NO per-SKU tag assignment exists yet, matched only via literal substring of the VI tag name inside product titles - needs QA/BA verification + real per-product tag data before use in a real test cycle. Real search-service tag-field boost weight = 0 (ServiceConfig_SearchService.png, 2026-08-25) - tag-dimension queries are NOT expected to rank via tag relevance."
Tôm Thẻ,Whiteleg Shrimp,tag,vi,low,"derived from dev tag taxonomy (lotte_tags_vi_en_ko_description_v2.csv, 2026-08-25) - NO per-SKU tag assignment exists yet, matched only via literal substring of the VI tag name inside product titles - needs QA/BA verification + real per-product tag data before use in a real test cycle. Real search-service tag-field boost weight = 0 (ServiceConfig_SearchService.png, 2026-08-25) - tag-dimension queries are NOT expected to rank via tag relevance."
Tôm Thẻ,흰다리새우,tag,vi,low,"derived from dev tag taxonomy (lotte_tags_vi_en_ko_description_v2.csv, 2026-08-25) - NO per-SKU tag assignment exists yet, matched only via literal substring of the VI tag name inside product titles - needs QA/BA verification + real per-product tag data before use in a real test cycle. Real search-service tag-field boost weight = 0 (ServiceConfig_SearchService.png, 2026-08-25) - tag-dimension queries are NOT expected to rank via tag relevance."
Đường Mía,Cane Sugar,tag,vi,low,"derived from dev tag taxonomy (lotte_tags_vi_en_ko_description_v2.csv, 2026-08-25) - NO per-SKU tag assignment exists yet, matched only via literal substring of the VI tag name inside product titles - needs QA/BA verification + real per-product tag data before use in a real test cycle. Real search-service tag-field boost weight = 0 (ServiceConfig_SearchService.png, 2026-08-25) - tag-dimension queries are NOT expected to rank via tag relevance."
Đường Mía,사탕수수 설탕,tag,vi,low,"derived from dev tag taxonomy (lotte_tags_vi_en_ko_description_v2.csv, 2026-08-25) - NO per-SKU tag assignment exists yet, matched only via literal substring of the VI tag name inside product titles - needs QA/BA verification + real per-product tag data before use in a real test cycle. Real search-service tag-field boost weight = 0 (ServiceConfig_SearchService.png, 2026-08-25) - tag-dimension queries are NOT expected to rank via tag relevance."
Túi Cói,Sedge Bag,tag,vi,low,"derived from dev tag taxonomy (lotte_tags_vi_en_ko_description_v2.csv, 2026-08-25) - NO per-SKU tag assignment exists yet, matched only via literal substring of the VI tag name inside product titles - needs QA/BA verification + real per-product tag data before use in a real test cycle. Real search-service tag-field boost weight = 0 (ServiceConfig_SearchService.png, 2026-08-25) - tag-dimension queries are NOT expected to rank via tag relevance."
Túi Cói,라탄풍 가방,tag,vi,low,"derived from dev tag taxonomy (lotte_tags_vi_en_ko_description_v2.csv, 2026-08-25) - NO per-SKU tag assignment exists yet, matched only via literal substring of the VI tag name inside product titles - needs QA/BA verification + real per-product tag data before use in a real test cycle. Real search-service tag-field boost weight = 0 (ServiceConfig_SearchService.png, 2026-08-25) - tag-dimension queries are NOT expected to rank via tag relevance."
Hoành Thánh,Wonton,tag,vi,low,"derived from dev tag taxonomy (lotte_tags_vi_en_ko_description_v2.csv, 2026-08-25) - NO per-SKU tag assignment exists yet, matched only via literal substring of the VI tag name inside product titles - needs QA/BA verification + real per-product tag data before use in a real test cycle. Real search-service tag-field boost weight = 0 (ServiceConfig_SearchService.png, 2026-08-25) - tag-dimension queries are NOT expected to rank via tag relevance."
Hoành Thánh,완탕,tag,vi,low,"derived from dev tag taxonomy (lotte_tags_vi_en_ko_description_v2.csv, 2026-08-25) - NO per-SKU tag assignment exists yet, matched only via literal substring of the VI tag name inside product titles - needs QA/BA verification + real per-product tag data before use in a real test cycle. Real search-service tag-field boost weight = 0 (ServiceConfig_SearchService.png, 2026-08-25) - tag-dimension queries are NOT expected to rank via tag relevance."
Sọt Nhựa,Plastic Basket,tag,vi,low,"derived from dev tag taxonomy (lotte_tags_vi_en_ko_description_v2.csv, 2026-08-25) - NO per-SKU tag assignment exists yet, matched only via literal substring of the VI tag name inside product titles - needs QA/BA verification + real per-product tag data before use in a real test cycle. Real search-service tag-field boost weight = 0 (ServiceConfig_SearchService.png, 2026-08-25) - tag-dimension queries are NOT expected to rank via tag relevance."
Sọt Nhựa,플라스틱 바구니,tag,vi,low,"derived from dev tag taxonomy (lotte_tags_vi_en_ko_description_v2.csv, 2026-08-25) - NO per-SKU tag assignment exists yet, matched only via literal substring of the VI tag name inside product titles - needs QA/BA verification + real per-product tag data before use in a real test cycle. Real search-service tag-field boost weight = 0 (ServiceConfig_SearchService.png, 2026-08-25) - tag-dimension queries are NOT expected to rank via tag relevance."
Dầu Tẩy Trang,Cleansing Oil,tag,vi,low,"derived from dev tag taxonomy (lotte_tags_vi_en_ko_description_v2.csv, 2026-08-25) - NO per-SKU tag assignment exists yet, matched only via literal substring of the VI tag name inside product titles - needs QA/BA verification + real per-product tag data before use in a real test cycle. Real search-service tag-field boost weight = 0 (ServiceConfig_SearchService.png, 2026-08-25) - tag-dimension queries are NOT expected to rank via tag relevance."
Dầu Tẩy Trang,클렌징 오일,tag,vi,low,"derived from dev tag taxonomy (lotte_tags_vi_en_ko_description_v2.csv, 2026-08-25) - NO per-SKU tag assignment exists yet, matched only via literal substring of the VI tag name inside product titles - needs QA/BA verification + real per-product tag data before use in a real test cycle. Real search-service tag-field boost weight = 0 (ServiceConfig_SearchService.png, 2026-08-25) - tag-dimension queries are NOT expected to rank via tag relevance."
Kẹo Thạch,Jelly Candy,tag,vi,low,"derived from dev tag taxonomy (lotte_tags_vi_en_ko_description_v2.csv, 2026-08-25) - NO per-SKU tag assignment exists yet, matched only via literal substring of the VI tag name inside product titles - needs QA/BA verification + real per-product tag data before use in a real test cycle. Real search-service tag-field boost weight = 0 (ServiceConfig_SearchService.png, 2026-08-25) - tag-dimension queries are NOT expected to rank via tag relevance."
Kẹo Thạch,젤리 캔디,tag,vi,low,"derived from dev tag taxonomy (lotte_tags_vi_en_ko_description_v2.csv, 2026-08-25) - NO per-SKU tag assignment exists yet, matched only via literal substring of the VI tag name inside product titles - needs QA/BA verification + real per-product tag data before use in a real test cycle. Real search-service tag-field boost weight = 0 (ServiceConfig_SearchService.png, 2026-08-25) - tag-dimension queries are NOT expected to rank via tag relevance."
Chịu Nhiệt,Heat Resistant,tag,vi,low,"derived from dev tag taxonomy (lotte_tags_vi_en_ko_description_v2.csv, 2026-08-25) - NO per-SKU tag assignment exists yet, matched only via literal substring of the VI tag name inside product titles - needs QA/BA verification + real per-product tag data before use in a real test cycle. Real search-service tag-field boost weight = 0 (ServiceConfig_SearchService.png, 2026-08-25) - tag-dimension queries are NOT expected to rank via tag relevance."
Chịu Nhiệt,내열,tag,vi,low,"derived from dev tag taxonomy (lotte_tags_vi_en_ko_description_v2.csv, 2026-08-25) - NO per-SKU tag assignment exists yet, matched only via literal substring of the VI tag name inside product titles - needs QA/BA verification + real per-product tag data before use in a real test cycle. Real search-service tag-field boost weight = 0 (ServiceConfig_SearchService.png, 2026-08-25) - tag-dimension queries are NOT expected to rank via tag relevance."
Khuôn Nhựa,Plastic Mold,tag,vi,low,"derived from dev tag taxonomy (lotte_tags_vi_en_ko_description_v2.csv, 2026-08-25) - NO per-SKU tag assignment exists yet, matched only via literal substring of the VI tag name inside product titles - needs QA/BA verification + real per-product tag data before use in a real test cycle. Real search-service tag-field boost weight = 0 (ServiceConfig_SearchService.png, 2026-08-25) - tag-dimension queries are NOT expected to rank via tag relevance."
Khuôn Nhựa,플라스틱 몰드,tag,vi,low,"derived from dev tag taxonomy (lotte_tags_vi_en_ko_description_v2.csv, 2026-08-25) - NO per-SKU tag assignment exists yet, matched only via literal substring of the VI tag name inside product titles - needs QA/BA verification + real per-product tag data before use in a real test cycle. Real search-service tag-field boost weight = 0 (ServiceConfig_SearchService.png, 2026-08-25) - tag-dimension queries are NOT expected to rank via tag relevance."
Trà Sen,Lotus Tea,tag,vi,low,"derived from dev tag taxonomy (lotte_tags_vi_en_ko_description_v2.csv, 2026-08-25) - NO per-SKU tag assignment exists yet, matched only via literal substring of the VI tag name inside product titles - needs QA/BA verification + real per-product tag data before use in a real test cycle. Real search-service tag-field boost weight = 0 (ServiceConfig_SearchService.png, 2026-08-25) - tag-dimension queries are NOT expected to rank via tag relevance."
Trà Sen,연꽃차,tag,vi,low,"derived from dev tag taxonomy (lotte_tags_vi_en_ko_description_v2.csv, 2026-08-25) - NO per-SKU tag assignment exists yet, matched only via literal substring of the VI tag name inside product titles - needs QA/BA verification + real per-product tag data before use in a real test cycle. Real search-service tag-field boost weight = 0 (ServiceConfig_SearchService.png, 2026-08-25) - tag-dimension queries are NOT expected to rank via tag relevance."
Kem Socola,Chocolate Ice Cream,tag,vi,low,"derived from dev tag taxonomy (lotte_tags_vi_en_ko_description_v2.csv, 2026-08-25) - NO per-SKU tag assignment exists yet, matched only via literal substring of the VI tag name inside product titles - needs QA/BA verification + real per-product tag data before use in a real test cycle. Real search-service tag-field boost weight = 0 (ServiceConfig_SearchService.png, 2026-08-25) - tag-dimension queries are NOT expected to rank via tag relevance."
Kem Socola,초콜릿 아이스크림,tag,vi,low,"derived from dev tag taxonomy (lotte_tags_vi_en_ko_description_v2.csv, 2026-08-25) - NO per-SKU tag assignment exists yet, matched only via literal substring of the VI tag name inside product titles - needs QA/BA verification + real per-product tag data before use in a real test cycle. Real search-service tag-field boost weight = 0 (ServiceConfig_SearchService.png, 2026-08-25) - tag-dimension queries are NOT expected to rank via tag relevance."
Kem Vani,Vanilla Ice Cream,tag,vi,low,"derived from dev tag taxonomy (lotte_tags_vi_en_ko_description_v2.csv, 2026-08-25) - NO per-SKU tag assignment exists yet, matched only via literal substring of the VI tag name inside product titles - needs QA/BA verification + real per-product tag data before use in a real test cycle. Real search-service tag-field boost weight = 0 (ServiceConfig_SearchService.png, 2026-08-25) - tag-dimension queries are NOT expected to rank via tag relevance."
Kem Vani,바닐라 아이스크림,tag,vi,low,"derived from dev tag taxonomy (lotte_tags_vi_en_ko_description_v2.csv, 2026-08-25) - NO per-SKU tag assignment exists yet, matched only via literal substring of the VI tag name inside product titles - needs QA/BA verification + real per-product tag data before use in a real test cycle. Real search-service tag-field boost weight = 0 (ServiceConfig_SearchService.png, 2026-08-25) - tag-dimension queries are NOT expected to rank via tag relevance."
Sốt Me,Tamarind Sauce,tag,vi,low,"derived from dev tag taxonomy (lotte_tags_vi_en_ko_description_v2.csv, 2026-08-25) - NO per-SKU tag assignment exists yet, matched only via literal substring of the VI tag name inside product titles - needs QA/BA verification + real per-product tag data before use in a real test cycle. Real search-service tag-field boost weight = 0 (ServiceConfig_SearchService.png, 2026-08-25) - tag-dimension queries are NOT expected to rank via tag relevance."
Sốt Me,타마린드 소스,tag,vi,low,"derived from dev tag taxonomy (lotte_tags_vi_en_ko_description_v2.csv, 2026-08-25) - NO per-SKU tag assignment exists yet, matched only via literal substring of the VI tag name inside product titles - needs QA/BA verification + real per-product tag data before use in a real test cycle. Real search-service tag-field boost weight = 0 (ServiceConfig_SearchService.png, 2026-08-25) - tag-dimension queries are NOT expected to rank via tag relevance."
Nho,Grapes,tag,vi,low,"derived from dev tag taxonomy (lotte_tags_vi_en_ko_description_v2.csv, 2026-08-25) - NO per-SKU tag assignment exists yet, matched only via literal substring of the VI tag name inside product titles - needs QA/BA verification + real per-product tag data before use in a real test cycle. Real search-service tag-field boost weight = 0 (ServiceConfig_SearchService.png, 2026-08-25) - tag-dimension queries are NOT expected to rank via tag relevance."
Nho,포도,tag,vi,low,"derived from dev tag taxonomy (lotte_tags_vi_en_ko_description_v2.csv, 2026-08-25) - NO per-SKU tag assignment exists yet, matched only via literal substring of the VI tag name inside product titles - needs QA/BA verification + real per-product tag data before use in a real test cycle. Real search-service tag-field boost weight = 0 (ServiceConfig_SearchService.png, 2026-08-25) - tag-dimension queries are NOT expected to rank via tag relevance."
Sữa Cho Bé,Milk for Kids,tag,vi,low,"derived from dev tag taxonomy (lotte_tags_vi_en_ko_description_v2.csv, 2026-08-25) - NO per-SKU tag assignment exists yet, matched only via literal substring of the VI tag name inside product titles - needs QA/BA verification + real per-product tag data before use in a real test cycle. Real search-service tag-field boost weight = 0 (ServiceConfig_SearchService.png, 2026-08-25) - tag-dimension queries are NOT expected to rank via tag relevance."
Sữa Cho Bé,어린이 우유,tag,vi,low,"derived from dev tag taxonomy (lotte_tags_vi_en_ko_description_v2.csv, 2026-08-25) - NO per-SKU tag assignment exists yet, matched only via literal substring of the VI tag name inside product titles - needs QA/BA verification + real per-product tag data before use in a real test cycle. Real search-service tag-field boost weight = 0 (ServiceConfig_SearchService.png, 2026-08-25) - tag-dimension queries are NOT expected to rank via tag relevance."
Ớt Tươi,Fresh Chili,tag,vi,low,"derived from dev tag taxonomy (lotte_tags_vi_en_ko_description_v2.csv, 2026-08-25) - NO per-SKU tag assignment exists yet, matched only via literal substring of the VI tag name inside product titles - needs QA/BA verification + real per-product tag data before use in a real test cycle. Real search-service tag-field boost weight = 0 (ServiceConfig_SearchService.png, 2026-08-25) - tag-dimension queries are NOT expected to rank via tag relevance."
Ớt Tươi,생고추,tag,vi,low,"derived from dev tag taxonomy (lotte_tags_vi_en_ko_description_v2.csv, 2026-08-25) - NO per-SKU tag assignment exists yet, matched only via literal substring of the VI tag name inside product titles - needs QA/BA verification + real per-product tag data before use in a real test cycle. Real search-service tag-field boost weight = 0 (ServiceConfig_SearchService.png, 2026-08-25) - tag-dimension queries are NOT expected to rank via tag relevance."
Súng Nước,Water Gun,tag,vi,low,"derived from dev tag taxonomy (lotte_tags_vi_en_ko_description_v2.csv, 2026-08-25) - NO per-SKU tag assignment exists yet, matched only via literal substring of the VI tag name inside product titles - needs QA/BA verification + real per-product tag data before use in a real test cycle. Real search-service tag-field boost weight = 0 (ServiceConfig_SearchService.png, 2026-08-25) - tag-dimension queries are NOT expected to rank via tag relevance."
Súng Nước,물총,tag,vi,low,"derived from dev tag taxonomy (lotte_tags_vi_en_ko_description_v2.csv, 2026-08-25) - NO per-SKU tag assignment exists yet, matched only via literal substring of the VI tag name inside product titles - needs QA/BA verification + real per-product tag data before use in a real test cycle. Real search-service tag-field boost weight = 0 (ServiceConfig_SearchService.png, 2026-08-25) - tag-dimension queries are NOT expected to rank via tag relevance."
Kẹo Xoài,Mango Candy,tag,vi,low,"derived from dev tag taxonomy (lotte_tags_vi_en_ko_description_v2.csv, 2026-08-25) - NO per-SKU tag assignment exists yet, matched only via literal substring of the VI tag name inside product titles - needs QA/BA verification + real per-product tag data before use in a real test cycle. Real search-service tag-field boost weight = 0 (ServiceConfig_SearchService.png, 2026-08-25) - tag-dimension queries are NOT expected to rank via tag relevance."
Kẹo Xoài,망고 캔디,tag,vi,low,"derived from dev tag taxonomy (lotte_tags_vi_en_ko_description_v2.csv, 2026-08-25) - NO per-SKU tag assignment exists yet, matched only via literal substring of the VI tag name inside product titles - needs QA/BA verification + real per-product tag data before use in a real test cycle. Real search-service tag-field boost weight = 0 (ServiceConfig_SearchService.png, 2026-08-25) - tag-dimension queries are NOT expected to rank via tag relevance."
Nước Kiềm,Alkaline Water,tag,vi,low,"derived from dev tag taxonomy (lotte_tags_vi_en_ko_description_v2.csv, 2026-08-25) - NO per-SKU tag assignment exists yet, matched only via literal substring of the VI tag name inside product titles - needs QA/BA verification + real per-product tag data before use in a real test cycle. Real search-service tag-field boost weight = 0 (ServiceConfig_SearchService.png, 2026-08-25) - tag-dimension queries are NOT expected to rank via tag relevance."
Nước Kiềm,알칼리수,tag,vi,low,"derived from dev tag taxonomy (lotte_tags_vi_en_ko_description_v2.csv, 2026-08-25) - NO per-SKU tag assignment exists yet, matched only via literal substring of the VI tag name inside product titles - needs QA/BA verification + real per-product tag data before use in a real test cycle. Real search-service tag-field boost weight = 0 (ServiceConfig_SearchService.png, 2026-08-25) - tag-dimension queries are NOT expected to rank via tag relevance."
Táo Đỏ,Red Dates / Jujube,tag,vi,low,"derived from dev tag taxonomy (lotte_tags_vi_en_ko_description_v2.csv, 2026-08-25) - NO per-SKU tag assignment exists yet, matched only via literal substring of the VI tag name inside product titles - needs QA/BA verification + real per-product tag data before use in a real test cycle. Real search-service tag-field boost weight = 0 (ServiceConfig_SearchService.png, 2026-08-25) - tag-dimension queries are NOT expected to rank via tag relevance."
Táo Đỏ,대추,tag,vi,low,"derived from dev tag taxonomy (lotte_tags_vi_en_ko_description_v2.csv, 2026-08-25) - NO per-SKU tag assignment exists yet, matched only via literal substring of the VI tag name inside product titles - needs QA/BA verification + real per-product tag data before use in a real test cycle. Real search-service tag-field boost weight = 0 (ServiceConfig_SearchService.png, 2026-08-25) - tag-dimension queries are NOT expected to rank via tag relevance."
Tranexamic Acid,Tranexamic Acid,tag,vi,low,"derived from dev tag taxonomy (lotte_tags_vi_en_ko_description_v2.csv, 2026-08-25) - NO per-SKU tag assignment exists yet, matched only via literal substring of the VI tag name inside product titles - needs QA/BA verification + real per-product tag data before use in a real test cycle. Real search-service tag-field boost weight = 0 (ServiceConfig_SearchService.png, 2026-08-25) - tag-dimension queries are NOT expected to rank via tag relevance."
Tranexamic Acid,트라넥삼산,tag,vi,low,"derived from dev tag taxonomy (lotte_tags_vi_en_ko_description_v2.csv, 2026-08-25) - NO per-SKU tag assignment exists yet, matched only via literal substring of the VI tag name inside product titles - needs QA/BA verification + real per-product tag data before use in a real test cycle. Real search-service tag-field boost weight = 0 (ServiceConfig_SearchService.png, 2026-08-25) - tag-dimension queries are NOT expected to rank via tag relevance."
Đậu Lon,Canned Beans,tag,vi,low,"derived from dev tag taxonomy (lotte_tags_vi_en_ko_description_v2.csv, 2026-08-25) - NO per-SKU tag assignment exists yet, matched only via literal substring of the VI tag name inside product titles - needs QA/BA verification + real per-product tag data before use in a real test cycle. Real search-service tag-field boost weight = 0 (ServiceConfig_SearchService.png, 2026-08-25) - tag-dimension queries are NOT expected to rank via tag relevance."
Đậu Lon,콩 통조림,tag,vi,low,"derived from dev tag taxonomy (lotte_tags_vi_en_ko_description_v2.csv, 2026-08-25) - NO per-SKU tag assignment exists yet, matched only via literal substring of the VI tag name inside product titles - needs QA/BA verification + real per-product tag data before use in a real test cycle. Real search-service tag-field boost weight = 0 (ServiceConfig_SearchService.png, 2026-08-25) - tag-dimension queries are NOT expected to rank via tag relevance."
Kẹo Sâm,Ginseng Candy,tag,vi,low,"derived from dev tag taxonomy (lotte_tags_vi_en_ko_description_v2.csv, 2026-08-25) - NO per-SKU tag assignment exists yet, matched only via literal substring of the VI tag name inside product titles - needs QA/BA verification + real per-product tag data before use in a real test cycle. Real search-service tag-field boost weight = 0 (ServiceConfig_SearchService.png, 2026-08-25) - tag-dimension queries are NOT expected to rank via tag relevance."
Kẹo Sâm,인삼 캔디,tag,vi,low,"derived from dev tag taxonomy (lotte_tags_vi_en_ko_description_v2.csv, 2026-08-25) - NO per-SKU tag assignment exists yet, matched only via literal substring of the VI tag name inside product titles - needs QA/BA verification + real per-product tag data before use in a real test cycle. Real search-service tag-field boost weight = 0 (ServiceConfig_SearchService.png, 2026-08-25) - tag-dimension queries are NOT expected to rank via tag relevance."
Phở Trộn,Mixed Pho,tag,vi,low,"derived from dev tag taxonomy (lotte_tags_vi_en_ko_description_v2.csv, 2026-08-25) - NO per-SKU tag assignment exists yet, matched only via literal substring of the VI tag name inside product titles - needs QA/BA verification + real per-product tag data before use in a real test cycle. Real search-service tag-field boost weight = 0 (ServiceConfig_SearchService.png, 2026-08-25) - tag-dimension queries are NOT expected to rank via tag relevance."
Phở Trộn,비빔 쌀국수,tag,vi,low,"derived from dev tag taxonomy (lotte_tags_vi_en_ko_description_v2.csv, 2026-08-25) - NO per-SKU tag assignment exists yet, matched only via literal substring of the VI tag name inside product titles - needs QA/BA verification + real per-product tag data before use in a real test cycle. Real search-service tag-field boost weight = 0 (ServiceConfig_SearchService.png, 2026-08-25) - tag-dimension queries are NOT expected to rank via tag relevance."
Trà Sữa Matcha,Matcha Milk Tea,tag,vi,low,"derived from dev tag taxonomy (lotte_tags_vi_en_ko_description_v2.csv, 2026-08-25) - NO per-SKU tag assignment exists yet, matched only via literal substring of the VI tag name inside product titles - needs QA/BA verification + real per-product tag data before use in a real test cycle. Real search-service tag-field boost weight = 0 (ServiceConfig_SearchService.png, 2026-08-25) - tag-dimension queries are NOT expected to rank via tag relevance."
Trà Sữa Matcha,말차 밀크티,tag,vi,low,"derived from dev tag taxonomy (lotte_tags_vi_en_ko_description_v2.csv, 2026-08-25) - NO per-SKU tag assignment exists yet, matched only via literal substring of the VI tag name inside product titles - needs QA/BA verification + real per-product tag data before use in a real test cycle. Real search-service tag-field boost weight = 0 (ServiceConfig_SearchService.png, 2026-08-25) - tag-dimension queries are NOT expected to rank via tag relevance."
Áo Mưa,Raincoat,tag,vi,low,"derived from dev tag taxonomy (lotte_tags_vi_en_ko_description_v2.csv, 2026-08-25) - NO per-SKU tag assignment exists yet, matched only via literal substring of the VI tag name inside product titles - needs QA/BA verification + real per-product tag data before use in a real test cycle. Real search-service tag-field boost weight = 0 (ServiceConfig_SearchService.png, 2026-08-25) - tag-dimension queries are NOT expected to rank via tag relevance."
Áo Mưa,우비,tag,vi,low,"derived from dev tag taxonomy (lotte_tags_vi_en_ko_description_v2.csv, 2026-08-25) - NO per-SKU tag assignment exists yet, matched only via literal substring of the VI tag name inside product titles - needs QA/BA verification + real per-product tag data before use in a real test cycle. Real search-service tag-field boost weight = 0 (ServiceConfig_SearchService.png, 2026-08-25) - tag-dimension queries are NOT expected to rank via tag relevance."
Đậu Đỏ,Red Bean,tag,vi,low,"derived from dev tag taxonomy (lotte_tags_vi_en_ko_description_v2.csv, 2026-08-25) - NO per-SKU tag assignment exists yet, matched only via literal substring of the VI tag name inside product titles - needs QA/BA verification + real per-product tag data before use in a real test cycle. Real search-service tag-field boost weight = 0 (ServiceConfig_SearchService.png, 2026-08-25) - tag-dimension queries are NOT expected to rank via tag relevance."
Đậu Đỏ,팥,tag,vi,low,"derived from dev tag taxonomy (lotte_tags_vi_en_ko_description_v2.csv, 2026-08-25) - NO per-SKU tag assignment exists yet, matched only via literal substring of the VI tag name inside product titles - needs QA/BA verification + real per-product tag data before use in a real test cycle. Real search-service tag-field boost weight = 0 (ServiceConfig_SearchService.png, 2026-08-25) - tag-dimension queries are NOT expected to rank via tag relevance."
Chả Cá,Fish Cake,tag,vi,low,"derived from dev tag taxonomy (lotte_tags_vi_en_ko_description_v2.csv, 2026-08-25) - NO per-SKU tag assignment exists yet, matched only via literal substring of the VI tag name inside product titles - needs QA/BA verification + real per-product tag data before use in a real test cycle. Real search-service tag-field boost weight = 0 (ServiceConfig_SearchService.png, 2026-08-25) - tag-dimension queries are NOT expected to rank via tag relevance."
Chả Cá,어묵,tag,vi,low,"derived from dev tag taxonomy (lotte_tags_vi_en_ko_description_v2.csv, 2026-08-25) - NO per-SKU tag assignment exists yet, matched only via literal substring of the VI tag name inside product titles - needs QA/BA verification + real per-product tag data before use in a real test cycle. Real search-service tag-field boost weight = 0 (ServiceConfig_SearchService.png, 2026-08-25) - tag-dimension queries are NOT expected to rank via tag relevance."
Gạo Nếp,Glutinous Rice,tag,vi,low,"derived from dev tag taxonomy (lotte_tags_vi_en_ko_description_v2.csv, 2026-08-25) - NO per-SKU tag assignment exists yet, matched only via literal substring of the VI tag name inside product titles - needs QA/BA verification + real per-product tag data before use in a real test cycle. Real search-service tag-field boost weight = 0 (ServiceConfig_SearchService.png, 2026-08-25) - tag-dimension queries are NOT expected to rank via tag relevance."
Gạo Nếp,찹쌀,tag,vi,low,"derived from dev tag taxonomy (lotte_tags_vi_en_ko_description_v2.csv, 2026-08-25) - NO per-SKU tag assignment exists yet, matched only via literal substring of the VI tag name inside product titles - needs QA/BA verification + real per-product tag data before use in a real test cycle. Real search-service tag-field boost weight = 0 (ServiceConfig_SearchService.png, 2026-08-25) - tag-dimension queries are NOT expected to rank via tag relevance."
Bít Tết,Steak,tag,vi,low,"derived from dev tag taxonomy (lotte_tags_vi_en_ko_description_v2.csv, 2026-08-25) - NO per-SKU tag assignment exists yet, matched only via literal substring of the VI tag name inside product titles - needs QA/BA verification + real per-product tag data before use in a real test cycle. Real search-service tag-field boost weight = 0 (ServiceConfig_SearchService.png, 2026-08-25) - tag-dimension queries are NOT expected to rank via tag relevance."
Bít Tết,스테이크,tag,vi,low,"derived from dev tag taxonomy (lotte_tags_vi_en_ko_description_v2.csv, 2026-08-25) - NO per-SKU tag assignment exists yet, matched only via literal substring of the VI tag name inside product titles - needs QA/BA verification + real per-product tag data before use in a real test cycle. Real search-service tag-field boost weight = 0 (ServiceConfig_SearchService.png, 2026-08-25) - tag-dimension queries are NOT expected to rank via tag relevance."
Mắm Ruốc,Fermented Shrimp Paste,tag,vi,low,"derived from dev tag taxonomy (lotte_tags_vi_en_ko_description_v2.csv, 2026-08-25) - NO per-SKU tag assignment exists yet, matched only via literal substring of the VI tag name inside product titles - needs QA/BA verification + real per-product tag data before use in a real test cycle. Real search-service tag-field boost weight = 0 (ServiceConfig_SearchService.png, 2026-08-25) - tag-dimension queries are NOT expected to rank via tag relevance."
Mắm Ruốc,새우 발효젓,tag,vi,low,"derived from dev tag taxonomy (lotte_tags_vi_en_ko_description_v2.csv, 2026-08-25) - NO per-SKU tag assignment exists yet, matched only via literal substring of the VI tag name inside product titles - needs QA/BA verification + real per-product tag data before use in a real test cycle. Real search-service tag-field boost weight = 0 (ServiceConfig_SearchService.png, 2026-08-25) - tag-dimension queries are NOT expected to rank via tag relevance."
Cán Nhựa,Plastic Handle,tag,vi,low,"derived from dev tag taxonomy (lotte_tags_vi_en_ko_description_v2.csv, 2026-08-25) - NO per-SKU tag assignment exists yet, matched only via literal substring of the VI tag name inside product titles - needs QA/BA verification + real per-product tag data before use in a real test cycle. Real search-service tag-field boost weight = 0 (ServiceConfig_SearchService.png, 2026-08-25) - tag-dimension queries are NOT expected to rank via tag relevance."
Cán Nhựa,플라스틱 손잡이,tag,vi,low,"derived from dev tag taxonomy (lotte_tags_vi_en_ko_description_v2.csv, 2026-08-25) - NO per-SKU tag assignment exists yet, matched only via literal substring of the VI tag name inside product titles - needs QA/BA verification + real per-product tag data before use in a real test cycle. Real search-service tag-field boost weight = 0 (ServiceConfig_SearchService.png, 2026-08-25) - tag-dimension queries are NOT expected to rank via tag relevance."
Đĩa Tương,Sauce Dish,tag,vi,low,"derived from dev tag taxonomy (lotte_tags_vi_en_ko_description_v2.csv, 2026-08-25) - NO per-SKU tag assignment exists yet, matched only via literal substring of the VI tag name inside product titles - needs QA/BA verification + real per-product tag data before use in a real test cycle. Real search-service tag-field boost weight = 0 (ServiceConfig_SearchService.png, 2026-08-25) - tag-dimension queries are NOT expected to rank via tag relevance."
Đĩa Tương,소스 접시,tag,vi,low,"derived from dev tag taxonomy (lotte_tags_vi_en_ko_description_v2.csv, 2026-08-25) - NO per-SKU tag assignment exists yet, matched only via literal substring of the VI tag name inside product titles - needs QA/BA verification + real per-product tag data before use in a real test cycle. Real search-service tag-field boost weight = 0 (ServiceConfig_SearchService.png, 2026-08-25) - tag-dimension queries are NOT expected to rank via tag relevance."
Xíu Mại,Shumai,tag,vi,low,"derived from dev tag taxonomy (lotte_tags_vi_en_ko_description_v2.csv, 2026-08-25) - NO per-SKU tag assignment exists yet, matched only via literal substring of the VI tag name inside product titles - needs QA/BA verification + real per-product tag data before use in a real test cycle. Real search-service tag-field boost weight = 0 (ServiceConfig_SearchService.png, 2026-08-25) - tag-dimension queries are NOT expected to rank via tag relevance."
Xíu Mại,슈마이,tag,vi,low,"derived from dev tag taxonomy (lotte_tags_vi_en_ko_description_v2.csv, 2026-08-25) - NO per-SKU tag assignment exists yet, matched only via literal substring of the VI tag name inside product titles - needs QA/BA verification + real per-product tag data before use in a real test cycle. Real search-service tag-field boost weight = 0 (ServiceConfig_SearchService.png, 2026-08-25) - tag-dimension queries are NOT expected to rank via tag relevance."
Hành Tây,Onion,tag,vi,low,"derived from dev tag taxonomy (lotte_tags_vi_en_ko_description_v2.csv, 2026-08-25) - NO per-SKU tag assignment exists yet, matched only via literal substring of the VI tag name inside product titles - needs QA/BA verification + real per-product tag data before use in a real test cycle. Real search-service tag-field boost weight = 0 (ServiceConfig_SearchService.png, 2026-08-25) - tag-dimension queries are NOT expected to rank via tag relevance."
Hành Tây,양파,tag,vi,low,"derived from dev tag taxonomy (lotte_tags_vi_en_ko_description_v2.csv, 2026-08-25) - NO per-SKU tag assignment exists yet, matched only via literal substring of the VI tag name inside product titles - needs QA/BA verification + real per-product tag data before use in a real test cycle. Real search-service tag-field boost weight = 0 (ServiceConfig_SearchService.png, 2026-08-25) - tag-dimension queries are NOT expected to rank via tag relevance."
Thanh Cua,Crab Stick,tag,vi,low,"derived from dev tag taxonomy (lotte_tags_vi_en_ko_description_v2.csv, 2026-08-25) - NO per-SKU tag assignment exists yet, matched only via literal substring of the VI tag name inside product titles - needs QA/BA verification + real per-product tag data before use in a real test cycle. Real search-service tag-field boost weight = 0 (ServiceConfig_SearchService.png, 2026-08-25) - tag-dimension queries are NOT expected to rank via tag relevance."
Thanh Cua,게맛살,tag,vi,low,"derived from dev tag taxonomy (lotte_tags_vi_en_ko_description_v2.csv, 2026-08-25) - NO per-SKU tag assignment exists yet, matched only via literal substring of the VI tag name inside product titles - needs QA/BA verification + real per-product tag data before use in a real test cycle. Real search-service tag-field boost weight = 0 (ServiceConfig_SearchService.png, 2026-08-25) - tag-dimension queries are NOT expected to rank via tag relevance."
Sốt Teriyaki,Teriyaki Sauce,tag,vi,low,"derived from dev tag taxonomy (lotte_tags_vi_en_ko_description_v2.csv, 2026-08-25) - NO per-SKU tag assignment exists yet, matched only via literal substring of the VI tag name inside product titles - needs QA/BA verification + real per-product tag data before use in a real test cycle. Real search-service tag-field boost weight = 0 (ServiceConfig_SearchService.png, 2026-08-25) - tag-dimension queries are NOT expected to rank via tag relevance."
Sốt Teriyaki,데리야키 소스,tag,vi,low,"derived from dev tag taxonomy (lotte_tags_vi_en_ko_description_v2.csv, 2026-08-25) - NO per-SKU tag assignment exists yet, matched only via literal substring of the VI tag name inside product titles - needs QA/BA verification + real per-product tag data before use in a real test cycle. Real search-service tag-field boost weight = 0 (ServiceConfig_SearchService.png, 2026-08-25) - tag-dimension queries are NOT expected to rank via tag relevance."
Mồng Tơi,Malabar Spinach,tag,vi,low,"derived from dev tag taxonomy (lotte_tags_vi_en_ko_description_v2.csv, 2026-08-25) - NO per-SKU tag assignment exists yet, matched only via literal substring of the VI tag name inside product titles - needs QA/BA verification + real per-product tag data before use in a real test cycle. Real search-service tag-field boost weight = 0 (ServiceConfig_SearchService.png, 2026-08-25) - tag-dimension queries are NOT expected to rank via tag relevance."
Mồng Tơi,말라바 시금치,tag,vi,low,"derived from dev tag taxonomy (lotte_tags_vi_en_ko_description_v2.csv, 2026-08-25) - NO per-SKU tag assignment exists yet, matched only via literal substring of the VI tag name inside product titles - needs QA/BA verification + real per-product tag data before use in a real test cycle. Real search-service tag-field boost weight = 0 (ServiceConfig_SearchService.png, 2026-08-25) - tag-dimension queries are NOT expected to rank via tag relevance."
Bút Acrylic,Acrylic Marker,tag,vi,low,"derived from dev tag taxonomy (lotte_tags_vi_en_ko_description_v2.csv, 2026-08-25) - NO per-SKU tag assignment exists yet, matched only via literal substring of the VI tag name inside product titles - needs QA/BA verification + real per-product tag data before use in a real test cycle. Real search-service tag-field boost weight = 0 (ServiceConfig_SearchService.png, 2026-08-25) - tag-dimension queries are NOT expected to rank via tag relevance."
Bút Acrylic,아크릴 마커,tag,vi,low,"derived from dev tag taxonomy (lotte_tags_vi_en_ko_description_v2.csv, 2026-08-25) - NO per-SKU tag assignment exists yet, matched only via literal substring of the VI tag name inside product titles - needs QA/BA verification + real per-product tag data before use in a real test cycle. Real search-service tag-field boost weight = 0 (ServiceConfig_SearchService.png, 2026-08-25) - tag-dimension queries are NOT expected to rank via tag relevance."
Măng Khô,Dried Bamboo Shoots,tag,vi,low,"derived from dev tag taxonomy (lotte_tags_vi_en_ko_description_v2.csv, 2026-08-25) - NO per-SKU tag assignment exists yet, matched only via literal substring of the VI tag name inside product titles - needs QA/BA verification + real per-product tag data before use in a real test cycle. Real search-service tag-field boost weight = 0 (ServiceConfig_SearchService.png, 2026-08-25) - tag-dimension queries are NOT expected to rank via tag relevance."
Măng Khô,말린 죽순,tag,vi,low,"derived from dev tag taxonomy (lotte_tags_vi_en_ko_description_v2.csv, 2026-08-25) - NO per-SKU tag assignment exists yet, matched only via literal substring of the VI tag name inside product titles - needs QA/BA verification + real per-product tag data before use in a real test cycle. Real search-service tag-field boost weight = 0 (ServiceConfig_SearchService.png, 2026-08-25) - tag-dimension queries are NOT expected to rank via tag relevance."
Nui Gạo,Rice Pasta,tag,vi,low,"derived from dev tag taxonomy (lotte_tags_vi_en_ko_description_v2.csv, 2026-08-25) - NO per-SKU tag assignment exists yet, matched only via literal substring of the VI tag name inside product titles - needs QA/BA verification + real per-product tag data before use in a real test cycle. Real search-service tag-field boost weight = 0 (ServiceConfig_SearchService.png, 2026-08-25) - tag-dimension queries are NOT expected to rank via tag relevance."
Nui Gạo,쌀 파스타,tag,vi,low,"derived from dev tag taxonomy (lotte_tags_vi_en_ko_description_v2.csv, 2026-08-25) - NO per-SKU tag assignment exists yet, matched only via literal substring of the VI tag name inside product titles - needs QA/BA verification + real per-product tag data before use in a real test cycle. Real search-service tag-field boost weight = 0 (ServiceConfig_SearchService.png, 2026-08-25) - tag-dimension queries are NOT expected to rank via tag relevance."
Bánh Cuộn,Roll Cake,tag,vi,low,"derived from dev tag taxonomy (lotte_tags_vi_en_ko_description_v2.csv, 2026-08-25) - NO per-SKU tag assignment exists yet, matched only via literal substring of the VI tag name inside product titles - needs QA/BA verification + real per-product tag data before use in a real test cycle. Real search-service tag-field boost weight = 0 (ServiceConfig_SearchService.png, 2026-08-25) - tag-dimension queries are NOT expected to rank via tag relevance."
Bánh Cuộn,롤케이크,tag,vi,low,"derived from dev tag taxonomy (lotte_tags_vi_en_ko_description_v2.csv, 2026-08-25) - NO per-SKU tag assignment exists yet, matched only via literal substring of the VI tag name inside product titles - needs QA/BA verification + real per-product tag data before use in a real test cycle. Real search-service tag-field boost weight = 0 (ServiceConfig_SearchService.png, 2026-08-25) - tag-dimension queries are NOT expected to rank via tag relevance."
Cải Thìa,Bok Choy,tag,vi,low,"derived from dev tag taxonomy (lotte_tags_vi_en_ko_description_v2.csv, 2026-08-25) - NO per-SKU tag assignment exists yet, matched only via literal substring of the VI tag name inside product titles - needs QA/BA verification + real per-product tag data before use in a real test cycle. Real search-service tag-field boost weight = 0 (ServiceConfig_SearchService.png, 2026-08-25) - tag-dimension queries are NOT expected to rank via tag relevance."
Cải Thìa,청경채,tag,vi,low,"derived from dev tag taxonomy (lotte_tags_vi_en_ko_description_v2.csv, 2026-08-25) - NO per-SKU tag assignment exists yet, matched only via literal substring of the VI tag name inside product titles - needs QA/BA verification + real per-product tag data before use in a real test cycle. Real search-service tag-field boost weight = 0 (ServiceConfig_SearchService.png, 2026-08-25) - tag-dimension queries are NOT expected to rank via tag relevance."
Không Cay,Non-Spicy,tag,vi,low,"derived from dev tag taxonomy (lotte_tags_vi_en_ko_description_v2.csv, 2026-08-25) - NO per-SKU tag assignment exists yet, matched only via literal substring of the VI tag name inside product titles - needs QA/BA verification + real per-product tag data before use in a real test cycle. Real search-service tag-field boost weight = 0 (ServiceConfig_SearchService.png, 2026-08-25) - tag-dimension queries are NOT expected to rank via tag relevance."
Không Cay,안 매운맛,tag,vi,low,"derived from dev tag taxonomy (lotte_tags_vi_en_ko_description_v2.csv, 2026-08-25) - NO per-SKU tag assignment exists yet, matched only via literal substring of the VI tag name inside product titles - needs QA/BA verification + real per-product tag data before use in a real test cycle. Real search-service tag-field boost weight = 0 (ServiceConfig_SearchService.png, 2026-08-25) - tag-dimension queries are NOT expected to rank via tag relevance."
Nón Cói,Straw Hat,tag,vi,low,"derived from dev tag taxonomy (lotte_tags_vi_en_ko_description_v2.csv, 2026-08-25) - NO per-SKU tag assignment exists yet, matched only via literal substring of the VI tag name inside product titles - needs QA/BA verification + real per-product tag data before use in a real test cycle. Real search-service tag-field boost weight = 0 (ServiceConfig_SearchService.png, 2026-08-25) - tag-dimension queries are NOT expected to rank via tag relevance."
Nón Cói,밀짚모자,tag,vi,low,"derived from dev tag taxonomy (lotte_tags_vi_en_ko_description_v2.csv, 2026-08-25) - NO per-SKU tag assignment exists yet, matched only via literal substring of the VI tag name inside product titles - needs QA/BA verification + real per-product tag data before use in a real test cycle. Real search-service tag-field boost weight = 0 (ServiceConfig_SearchService.png, 2026-08-25) - tag-dimension queries are NOT expected to rank via tag relevance."
Xương Đùi,Leg Bone,tag,vi,low,"derived from dev tag taxonomy (lotte_tags_vi_en_ko_description_v2.csv, 2026-08-25) - NO per-SKU tag assignment exists yet, matched only via literal substring of the VI tag name inside product titles - needs QA/BA verification + real per-product tag data before use in a real test cycle. Real search-service tag-field boost weight = 0 (ServiceConfig_SearchService.png, 2026-08-25) - tag-dimension queries are NOT expected to rank via tag relevance."
Xương Đùi,다리뼈,tag,vi,low,"derived from dev tag taxonomy (lotte_tags_vi_en_ko_description_v2.csv, 2026-08-25) - NO per-SKU tag assignment exists yet, matched only via literal substring of the VI tag name inside product titles - needs QA/BA verification + real per-product tag data before use in a real test cycle. Real search-service tag-field boost weight = 0 (ServiceConfig_SearchService.png, 2026-08-25) - tag-dimension queries are NOT expected to rank via tag relevance."
Bánh Socola,Chocolate Cake / Biscuit,tag,vi,low,"derived from dev tag taxonomy (lotte_tags_vi_en_ko_description_v2.csv, 2026-08-25) - NO per-SKU tag assignment exists yet, matched only via literal substring of the VI tag name inside product titles - needs QA/BA verification + real per-product tag data before use in a real test cycle. Real search-service tag-field boost weight = 0 (ServiceConfig_SearchService.png, 2026-08-25) - tag-dimension queries are NOT expected to rank via tag relevance."
Bánh Socola,초콜릿 과자,tag,vi,low,"derived from dev tag taxonomy (lotte_tags_vi_en_ko_description_v2.csv, 2026-08-25) - NO per-SKU tag assignment exists yet, matched only via literal substring of the VI tag name inside product titles - needs QA/BA verification + real per-product tag data before use in a real test cycle. Real search-service tag-field boost weight = 0 (ServiceConfig_SearchService.png, 2026-08-25) - tag-dimension queries are NOT expected to rank via tag relevance."
Hạt Robusta,Robusta Coffee Beans,tag,vi,low,"derived from dev tag taxonomy (lotte_tags_vi_en_ko_description_v2.csv, 2026-08-25) - NO per-SKU tag assignment exists yet, matched only via literal substring of the VI tag name inside product titles - needs QA/BA verification + real per-product tag data before use in a real test cycle. Real search-service tag-field boost weight = 0 (ServiceConfig_SearchService.png, 2026-08-25) - tag-dimension queries are NOT expected to rank via tag relevance."
Hạt Robusta,로부스타 원두,tag,vi,low,"derived from dev tag taxonomy (lotte_tags_vi_en_ko_description_v2.csv, 2026-08-25) - NO per-SKU tag assignment exists yet, matched only via literal substring of the VI tag name inside product titles - needs QA/BA verification + real per-product tag data before use in a real test cycle. Real search-service tag-field boost weight = 0 (ServiceConfig_SearchService.png, 2026-08-25) - tag-dimension queries are NOT expected to rank via tag relevance."
Bia Silver,Silver Beer,tag,vi,low,"derived from dev tag taxonomy (lotte_tags_vi_en_ko_description_v2.csv, 2026-08-25) - NO per-SKU tag assignment exists yet, matched only via literal substring of the VI tag name inside product titles - needs QA/BA verification + real per-product tag data before use in a real test cycle. Real search-service tag-field boost weight = 0 (ServiceConfig_SearchService.png, 2026-08-25) - tag-dimension queries are NOT expected to rank via tag relevance."
Bia Silver,실버 맥주,tag,vi,low,"derived from dev tag taxonomy (lotte_tags_vi_en_ko_description_v2.csv, 2026-08-25) - NO per-SKU tag assignment exists yet, matched only via literal substring of the VI tag name inside product titles - needs QA/BA verification + real per-product tag data before use in a real test cycle. Real search-service tag-field boost weight = 0 (ServiceConfig_SearchService.png, 2026-08-25) - tag-dimension queries are NOT expected to rank via tag relevance."
Ớt Xay,Ground Chili,tag,vi,low,"derived from dev tag taxonomy (lotte_tags_vi_en_ko_description_v2.csv, 2026-08-25) - NO per-SKU tag assignment exists yet, matched only via literal substring of the VI tag name inside product titles - needs QA/BA verification + real per-product tag data before use in a real test cycle. Real search-service tag-field boost weight = 0 (ServiceConfig_SearchService.png, 2026-08-25) - tag-dimension queries are NOT expected to rank via tag relevance."
Ớt Xay,고춧가루·간 고추,tag,vi,low,"derived from dev tag taxonomy (lotte_tags_vi_en_ko_description_v2.csv, 2026-08-25) - NO per-SKU tag assignment exists yet, matched only via literal substring of the VI tag name inside product titles - needs QA/BA verification + real per-product tag data before use in a real test cycle. Real search-service tag-field boost weight = 0 (ServiceConfig_SearchService.png, 2026-08-25) - tag-dimension queries are NOT expected to rank via tag relevance."
Hot Dog,Hot Dog,tag,vi,low,"derived from dev tag taxonomy (lotte_tags_vi_en_ko_description_v2.csv, 2026-08-25) - NO per-SKU tag assignment exists yet, matched only via literal substring of the VI tag name inside product titles - needs QA/BA verification + real per-product tag data before use in a real test cycle. Real search-service tag-field boost weight = 0 (ServiceConfig_SearchService.png, 2026-08-25) - tag-dimension queries are NOT expected to rank via tag relevance."
Hot Dog,핫도그,tag,vi,low,"derived from dev tag taxonomy (lotte_tags_vi_en_ko_description_v2.csv, 2026-08-25) - NO per-SKU tag assignment exists yet, matched only via literal substring of the VI tag name inside product titles - needs QA/BA verification + real per-product tag data before use in a real test cycle. Real search-service tag-field boost weight = 0 (ServiceConfig_SearchService.png, 2026-08-25) - tag-dimension queries are NOT expected to rank via tag relevance."
Bánh Mềm,Soft Cake,tag,vi,low,"derived from dev tag taxonomy (lotte_tags_vi_en_ko_description_v2.csv, 2026-08-25) - NO per-SKU tag assignment exists yet, matched only via literal substring of the VI tag name inside product titles - needs QA/BA verification + real per-product tag data before use in a real test cycle. Real search-service tag-field boost weight = 0 (ServiceConfig_SearchService.png, 2026-08-25) - tag-dimension queries are NOT expected to rank via tag relevance."
Bánh Mềm,소프트 케이크,tag,vi,low,"derived from dev tag taxonomy (lotte_tags_vi_en_ko_description_v2.csv, 2026-08-25) - NO per-SKU tag assignment exists yet, matched only via literal substring of the VI tag name inside product titles - needs QA/BA verification + real per-product tag data before use in a real test cycle. Real search-service tag-field boost weight = 0 (ServiceConfig_SearchService.png, 2026-08-25) - tag-dimension queries are NOT expected to rank via tag relevance."
Màng Nhôm,Aluminum Foil,tag,vi,low,"derived from dev tag taxonomy (lotte_tags_vi_en_ko_description_v2.csv, 2026-08-25) - NO per-SKU tag assignment exists yet, matched only via literal substring of the VI tag name inside product titles - needs QA/BA verification + real per-product tag data before use in a real test cycle. Real search-service tag-field boost weight = 0 (ServiceConfig_SearchService.png, 2026-08-25) - tag-dimension queries are NOT expected to rank via tag relevance."
Màng Nhôm,알루미늄 포일,tag,vi,low,"derived from dev tag taxonomy (lotte_tags_vi_en_ko_description_v2.csv, 2026-08-25) - NO per-SKU tag assignment exists yet, matched only via literal substring of the VI tag name inside product titles - needs QA/BA verification + real per-product tag data before use in a real test cycle. Real search-service tag-field boost weight = 0 (ServiceConfig_SearchService.png, 2026-08-25) - tag-dimension queries are NOT expected to rank via tag relevance."
Sầu Riêng,Durian,tag,vi,low,"derived from dev tag taxonomy (lotte_tags_vi_en_ko_description_v2.csv, 2026-08-25) - NO per-SKU tag assignment exists yet, matched only via literal substring of the VI tag name inside product titles - needs QA/BA verification + real per-product tag data before use in a real test cycle. Real search-service tag-field boost weight = 0 (ServiceConfig_SearchService.png, 2026-08-25) - tag-dimension queries are NOT expected to rank via tag relevance."
Sầu Riêng,두리안,tag,vi,low,"derived from dev tag taxonomy (lotte_tags_vi_en_ko_description_v2.csv, 2026-08-25) - NO per-SKU tag assignment exists yet, matched only via literal substring of the VI tag name inside product titles - needs QA/BA verification + real per-product tag data before use in a real test cycle. Real search-service tag-field boost weight = 0 (ServiceConfig_SearchService.png, 2026-08-25) - tag-dimension queries are NOT expected to rank via tag relevance."
Lươn Nướng,Grilled Eel,tag,vi,low,"derived from dev tag taxonomy (lotte_tags_vi_en_ko_description_v2.csv, 2026-08-25) - NO per-SKU tag assignment exists yet, matched only via literal substring of the VI tag name inside product titles - needs QA/BA verification + real per-product tag data before use in a real test cycle. Real search-service tag-field boost weight = 0 (ServiceConfig_SearchService.png, 2026-08-25) - tag-dimension queries are NOT expected to rank via tag relevance."
Lươn Nướng,장어구이,tag,vi,low,"derived from dev tag taxonomy (lotte_tags_vi_en_ko_description_v2.csv, 2026-08-25) - NO per-SKU tag assignment exists yet, matched only via literal substring of the VI tag name inside product titles - needs QA/BA verification + real per-product tag data before use in a real test cycle. Real search-service tag-field boost weight = 0 (ServiceConfig_SearchService.png, 2026-08-25) - tag-dimension queries are NOT expected to rank via tag relevance."
Miến Trộn,Mixed Glass Noodles,tag,vi,low,"derived from dev tag taxonomy (lotte_tags_vi_en_ko_description_v2.csv, 2026-08-25) - NO per-SKU tag assignment exists yet, matched only via literal substring of the VI tag name inside product titles - needs QA/BA verification + real per-product tag data before use in a real test cycle. Real search-service tag-field boost weight = 0 (ServiceConfig_SearchService.png, 2026-08-25) - tag-dimension queries are NOT expected to rank via tag relevance."
Miến Trộn,비빔 당면,tag,vi,low,"derived from dev tag taxonomy (lotte_tags_vi_en_ko_description_v2.csv, 2026-08-25) - NO per-SKU tag assignment exists yet, matched only via literal substring of the VI tag name inside product titles - needs QA/BA verification + real per-product tag data before use in a real test cycle. Real search-service tag-field boost weight = 0 (ServiceConfig_SearchService.png, 2026-08-25) - tag-dimension queries are NOT expected to rank via tag relevance."
Túi Mù,Blind Bag,tag,vi,low,"derived from dev tag taxonomy (lotte_tags_vi_en_ko_description_v2.csv, 2026-08-25) - NO per-SKU tag assignment exists yet, matched only via literal substring of the VI tag name inside product titles - needs QA/BA verification + real per-product tag data before use in a real test cycle. Real search-service tag-field boost weight = 0 (ServiceConfig_SearchService.png, 2026-08-25) - tag-dimension queries are NOT expected to rank via tag relevance."
Túi Mù,블라인드 백,tag,vi,low,"derived from dev tag taxonomy (lotte_tags_vi_en_ko_description_v2.csv, 2026-08-25) - NO per-SKU tag assignment exists yet, matched only via literal substring of the VI tag name inside product titles - needs QA/BA verification + real per-product tag data before use in a real test cycle. Real search-service tag-field boost weight = 0 (ServiceConfig_SearchService.png, 2026-08-25) - tag-dimension queries are NOT expected to rank via tag relevance."
Giấy Hộp,Box Tissue,tag,vi,low,"derived from dev tag taxonomy (lotte_tags_vi_en_ko_description_v2.csv, 2026-08-25) - NO per-SKU tag assignment exists yet, matched only via literal substring of the VI tag name inside product titles - needs QA/BA verification + real per-product tag data before use in a real test cycle. Real search-service tag-field boost weight = 0 (ServiceConfig_SearchService.png, 2026-08-25) - tag-dimension queries are NOT expected to rank via tag relevance."
Giấy Hộp,각티슈,tag,vi,low,"derived from dev tag taxonomy (lotte_tags_vi_en_ko_description_v2.csv, 2026-08-25) - NO per-SKU tag assignment exists yet, matched only via literal substring of the VI tag name inside product titles - needs QA/BA verification + real per-product tag data before use in a real test cycle. Real search-service tag-field boost weight = 0 (ServiceConfig_SearchService.png, 2026-08-25) - tag-dimension queries are NOT expected to rank via tag relevance."
Hộp Bút,Pencil Case,tag,vi,low,"derived from dev tag taxonomy (lotte_tags_vi_en_ko_description_v2.csv, 2026-08-25) - NO per-SKU tag assignment exists yet, matched only via literal substring of the VI tag name inside product titles - needs QA/BA verification + real per-product tag data before use in a real test cycle. Real search-service tag-field boost weight = 0 (ServiceConfig_SearchService.png, 2026-08-25) - tag-dimension queries are NOT expected to rank via tag relevance."
Hộp Bút,필통,tag,vi,low,"derived from dev tag taxonomy (lotte_tags_vi_en_ko_description_v2.csv, 2026-08-25) - NO per-SKU tag assignment exists yet, matched only via literal substring of the VI tag name inside product titles - needs QA/BA verification + real per-product tag data before use in a real test cycle. Real search-service tag-field boost weight = 0 (ServiceConfig_SearchService.png, 2026-08-25) - tag-dimension queries are NOT expected to rank via tag relevance."
Ổi Tươi,Fresh Guava,tag,vi,low,"derived from dev tag taxonomy (lotte_tags_vi_en_ko_description_v2.csv, 2026-08-25) - NO per-SKU tag assignment exists yet, matched only via literal substring of the VI tag name inside product titles - needs QA/BA verification + real per-product tag data before use in a real test cycle. Real search-service tag-field boost weight = 0 (ServiceConfig_SearchService.png, 2026-08-25) - tag-dimension queries are NOT expected to rank via tag relevance."
Ổi Tươi,신선 구아바,tag,vi,low,"derived from dev tag taxonomy (lotte_tags_vi_en_ko_description_v2.csv, 2026-08-25) - NO per-SKU tag assignment exists yet, matched only via literal substring of the VI tag name inside product titles - needs QA/BA verification + real per-product tag data before use in a real test cycle. Real search-service tag-field boost weight = 0 (ServiceConfig_SearchService.png, 2026-08-25) - tag-dimension queries are NOT expected to rank via tag relevance."
Mũ Bảo Hiểm Trẻ Em,Kids' Helmet,tag,vi,low,"derived from dev tag taxonomy (lotte_tags_vi_en_ko_description_v2.csv, 2026-08-25) - NO per-SKU tag assignment exists yet, matched only via literal substring of the VI tag name inside product titles - needs QA/BA verification + real per-product tag data before use in a real test cycle. Real search-service tag-field boost weight = 0 (ServiceConfig_SearchService.png, 2026-08-25) - tag-dimension queries are NOT expected to rank via tag relevance."
Mũ Bảo Hiểm Trẻ Em,어린이 헬멧,tag,vi,low,"derived from dev tag taxonomy (lotte_tags_vi_en_ko_description_v2.csv, 2026-08-25) - NO per-SKU tag assignment exists yet, matched only via literal substring of the VI tag name inside product titles - needs QA/BA verification + real per-product tag data before use in a real test cycle. Real search-service tag-field boost weight = 0 (ServiceConfig_SearchService.png, 2026-08-25) - tag-dimension queries are NOT expected to rank via tag relevance."
Bánh Crepe,Crepe,tag,vi,low,"derived from dev tag taxonomy (lotte_tags_vi_en_ko_description_v2.csv, 2026-08-25) - NO per-SKU tag assignment exists yet, matched only via literal substring of the VI tag name inside product titles - needs QA/BA verification + real per-product tag data before use in a real test cycle. Real search-service tag-field boost weight = 0 (ServiceConfig_SearchService.png, 2026-08-25) - tag-dimension queries are NOT expected to rank via tag relevance."
Bánh Crepe,크레페,tag,vi,low,"derived from dev tag taxonomy (lotte_tags_vi_en_ko_description_v2.csv, 2026-08-25) - NO per-SKU tag assignment exists yet, matched only via literal substring of the VI tag name inside product titles - needs QA/BA verification + real per-product tag data before use in a real test cycle. Real search-service tag-field boost weight = 0 (ServiceConfig_SearchService.png, 2026-08-25) - tag-dimension queries are NOT expected to rank via tag relevance."
Burger Patty,Burger Patty,tag,vi,low,"derived from dev tag taxonomy (lotte_tags_vi_en_ko_description_v2.csv, 2026-08-25) - NO per-SKU tag assignment exists yet, matched only via literal substring of the VI tag name inside product titles - needs QA/BA verification + real per-product tag data before use in a real test cycle. Real search-service tag-field boost weight = 0 (ServiceConfig_SearchService.png, 2026-08-25) - tag-dimension queries are NOT expected to rank via tag relevance."
Burger Patty,버거 패티,tag,vi,low,"derived from dev tag taxonomy (lotte_tags_vi_en_ko_description_v2.csv, 2026-08-25) - NO per-SKU tag assignment exists yet, matched only via literal substring of the VI tag name inside product titles - needs QA/BA verification + real per-product tag data before use in a real test cycle. Real search-service tag-field boost weight = 0 (ServiceConfig_SearchService.png, 2026-08-25) - tag-dimension queries are NOT expected to rank via tag relevance."
Nigiri,Nigiri Sushi,tag,vi,low,"derived from dev tag taxonomy (lotte_tags_vi_en_ko_description_v2.csv, 2026-08-25) - NO per-SKU tag assignment exists yet, matched only via literal substring of the VI tag name inside product titles - needs QA/BA verification + real per-product tag data before use in a real test cycle. Real search-service tag-field boost weight = 0 (ServiceConfig_SearchService.png, 2026-08-25) - tag-dimension queries are NOT expected to rank via tag relevance."
Nigiri,니기리 스시,tag,vi,low,"derived from dev tag taxonomy (lotte_tags_vi_en_ko_description_v2.csv, 2026-08-25) - NO per-SKU tag assignment exists yet, matched only via literal substring of the VI tag name inside product titles - needs QA/BA verification + real per-product tag data before use in a real test cycle. Real search-service tag-field boost weight = 0 (ServiceConfig_SearchService.png, 2026-08-25) - tag-dimension queries are NOT expected to rank via tag relevance."
Bánh Swissroll,Swiss Roll,tag,vi,low,"derived from dev tag taxonomy (lotte_tags_vi_en_ko_description_v2.csv, 2026-08-25) - NO per-SKU tag assignment exists yet, matched only via literal substring of the VI tag name inside product titles - needs QA/BA verification + real per-product tag data before use in a real test cycle. Real search-service tag-field boost weight = 0 (ServiceConfig_SearchService.png, 2026-08-25) - tag-dimension queries are NOT expected to rank via tag relevance."
Bánh Swissroll,스위스 롤,tag,vi,low,"derived from dev tag taxonomy (lotte_tags_vi_en_ko_description_v2.csv, 2026-08-25) - NO per-SKU tag assignment exists yet, matched only via literal substring of the VI tag name inside product titles - needs QA/BA verification + real per-product tag data before use in a real test cycle. Real search-service tag-field boost weight = 0 (ServiceConfig_SearchService.png, 2026-08-25) - tag-dimension queries are NOT expected to rank via tag relevance."
Khuynh Diệp,Eucalyptus,tag,vi,low,"derived from dev tag taxonomy (lotte_tags_vi_en_ko_description_v2.csv, 2026-08-25) - NO per-SKU tag assignment exists yet, matched only via literal substring of the VI tag name inside product titles - needs QA/BA verification + real per-product tag data before use in a real test cycle. Real search-service tag-field boost weight = 0 (ServiceConfig_SearchService.png, 2026-08-25) - tag-dimension queries are NOT expected to rank via tag relevance."
Khuynh Diệp,유칼립투스,tag,vi,low,"derived from dev tag taxonomy (lotte_tags_vi_en_ko_description_v2.csv, 2026-08-25) - NO per-SKU tag assignment exists yet, matched only via literal substring of the VI tag name inside product titles - needs QA/BA verification + real per-product tag data before use in a real test cycle. Real search-service tag-field boost weight = 0 (ServiceConfig_SearchService.png, 2026-08-25) - tag-dimension queries are NOT expected to rank via tag relevance."
Sốt Tiêu,Pepper Sauce,tag,vi,low,"derived from dev tag taxonomy (lotte_tags_vi_en_ko_description_v2.csv, 2026-08-25) - NO per-SKU tag assignment exists yet, matched only via literal substring of the VI tag name inside product titles - needs QA/BA verification + real per-product tag data before use in a real test cycle. Real search-service tag-field boost weight = 0 (ServiceConfig_SearchService.png, 2026-08-25) - tag-dimension queries are NOT expected to rank via tag relevance."
Sốt Tiêu,후추 소스,tag,vi,low,"derived from dev tag taxonomy (lotte_tags_vi_en_ko_description_v2.csv, 2026-08-25) - NO per-SKU tag assignment exists yet, matched only via literal substring of the VI tag name inside product titles - needs QA/BA verification + real per-product tag data before use in a real test cycle. Real search-service tag-field boost weight = 0 (ServiceConfig_SearchService.png, 2026-08-25) - tag-dimension queries are NOT expected to rank via tag relevance."
Sốt Wasabi,Wasabi Sauce,tag,vi,low,"derived from dev tag taxonomy (lotte_tags_vi_en_ko_description_v2.csv, 2026-08-25) - NO per-SKU tag assignment exists yet, matched only via literal substring of the VI tag name inside product titles - needs QA/BA verification + real per-product tag data before use in a real test cycle. Real search-service tag-field boost weight = 0 (ServiceConfig_SearchService.png, 2026-08-25) - tag-dimension queries are NOT expected to rank via tag relevance."
Sốt Wasabi,와사비 소스,tag,vi,low,"derived from dev tag taxonomy (lotte_tags_vi_en_ko_description_v2.csv, 2026-08-25) - NO per-SKU tag assignment exists yet, matched only via literal substring of the VI tag name inside product titles - needs QA/BA verification + real per-product tag data before use in a real test cycle. Real search-service tag-field boost weight = 0 (ServiceConfig_SearchService.png, 2026-08-25) - tag-dimension queries are NOT expected to rank via tag relevance."
Nấu Cá,Fish Cooking,tag,vi,low,"derived from dev tag taxonomy (lotte_tags_vi_en_ko_description_v2.csv, 2026-08-25) - NO per-SKU tag assignment exists yet, matched only via literal substring of the VI tag name inside product titles - needs QA/BA verification + real per-product tag data before use in a real test cycle. Real search-service tag-field boost weight = 0 (ServiceConfig_SearchService.png, 2026-08-25) - tag-dimension queries are NOT expected to rank via tag relevance."
Nấu Cá,생선 요리,tag,vi,low,"derived from dev tag taxonomy (lotte_tags_vi_en_ko_description_v2.csv, 2026-08-25) - NO per-SKU tag assignment exists yet, matched only via literal substring of the VI tag name inside product titles - needs QA/BA verification + real per-product tag data before use in a real test cycle. Real search-service tag-field boost weight = 0 (ServiceConfig_SearchService.png, 2026-08-25) - tag-dimension queries are NOT expected to rank via tag relevance."
Nạc Heo,Lean Pork,tag,vi,low,"derived from dev tag taxonomy (lotte_tags_vi_en_ko_description_v2.csv, 2026-08-25) - NO per-SKU tag assignment exists yet, matched only via literal substring of the VI tag name inside product titles - needs QA/BA verification + real per-product tag data before use in a real test cycle. Real search-service tag-field boost weight = 0 (ServiceConfig_SearchService.png, 2026-08-25) - tag-dimension queries are NOT expected to rank via tag relevance."
Nạc Heo,돼지고기 살코기,tag,vi,low,"derived from dev tag taxonomy (lotte_tags_vi_en_ko_description_v2.csv, 2026-08-25) - NO per-SKU tag assignment exists yet, matched only via literal substring of the VI tag name inside product titles - needs QA/BA verification + real per-product tag data before use in a real test cycle. Real search-service tag-field boost weight = 0 (ServiceConfig_SearchService.png, 2026-08-25) - tag-dimension queries are NOT expected to rank via tag relevance."
Nạm Bò,Beef Brisket Plate,tag,vi,low,"derived from dev tag taxonomy (lotte_tags_vi_en_ko_description_v2.csv, 2026-08-25) - NO per-SKU tag assignment exists yet, matched only via literal substring of the VI tag name inside product titles - needs QA/BA verification + real per-product tag data before use in a real test cycle. Real search-service tag-field boost weight = 0 (ServiceConfig_SearchService.png, 2026-08-25) - tag-dimension queries are NOT expected to rank via tag relevance."
Nạm Bò,소고기 양지,tag,vi,low,"derived from dev tag taxonomy (lotte_tags_vi_en_ko_description_v2.csv, 2026-08-25) - NO per-SKU tag assignment exists yet, matched only via literal substring of the VI tag name inside product titles - needs QA/BA verification + real per-product tag data before use in a real test cycle. Real search-service tag-field boost weight = 0 (ServiceConfig_SearchService.png, 2026-08-25) - tag-dimension queries are NOT expected to rank via tag relevance."
Trứng Muối,Salted Egg,tag,vi,low,"derived from dev tag taxonomy (lotte_tags_vi_en_ko_description_v2.csv, 2026-08-25) - NO per-SKU tag assignment exists yet, matched only via literal substring of the VI tag name inside product titles - needs QA/BA verification + real per-product tag data before use in a real test cycle. Real search-service tag-field boost weight = 0 (ServiceConfig_SearchService.png, 2026-08-25) - tag-dimension queries are NOT expected to rank via tag relevance."
Trứng Muối,소금에 절인 계란,tag,vi,low,"derived from dev tag taxonomy (lotte_tags_vi_en_ko_description_v2.csv, 2026-08-25) - NO per-SKU tag assignment exists yet, matched only via literal substring of the VI tag name inside product titles - needs QA/BA verification + real per-product tag data before use in a real test cycle. Real search-service tag-field boost weight = 0 (ServiceConfig_SearchService.png, 2026-08-25) - tag-dimension queries are NOT expected to rank via tag relevance."
Sốt Ớt,Chili Sauce,tag,vi,low,"derived from dev tag taxonomy (lotte_tags_vi_en_ko_description_v2.csv, 2026-08-25) - NO per-SKU tag assignment exists yet, matched only via literal substring of the VI tag name inside product titles - needs QA/BA verification + real per-product tag data before use in a real test cycle. Real search-service tag-field boost weight = 0 (ServiceConfig_SearchService.png, 2026-08-25) - tag-dimension queries are NOT expected to rank via tag relevance."
Sốt Ớt,칠리소스,tag,vi,low,"derived from dev tag taxonomy (lotte_tags_vi_en_ko_description_v2.csv, 2026-08-25) - NO per-SKU tag assignment exists yet, matched only via literal substring of the VI tag name inside product titles - needs QA/BA verification + real per-product tag data before use in a real test cycle. Real search-service tag-field boost weight = 0 (ServiceConfig_SearchService.png, 2026-08-25) - tag-dimension queries are NOT expected to rank via tag relevance."
Hạt Phỉ,Hazelnut,tag,vi,low,"derived from dev tag taxonomy (lotte_tags_vi_en_ko_description_v2.csv, 2026-08-25) - NO per-SKU tag assignment exists yet, matched only via literal substring of the VI tag name inside product titles - needs QA/BA verification + real per-product tag data before use in a real test cycle. Real search-service tag-field boost weight = 0 (ServiceConfig_SearchService.png, 2026-08-25) - tag-dimension queries are NOT expected to rank via tag relevance."
Hạt Phỉ,헤이즐넛,tag,vi,low,"derived from dev tag taxonomy (lotte_tags_vi_en_ko_description_v2.csv, 2026-08-25) - NO per-SKU tag assignment exists yet, matched only via literal substring of the VI tag name inside product titles - needs QA/BA verification + real per-product tag data before use in a real test cycle. Real search-service tag-field boost weight = 0 (ServiceConfig_SearchService.png, 2026-08-25) - tag-dimension queries are NOT expected to rank via tag relevance."
Giò Sống,Raw Pork Paste,tag,vi,low,"derived from dev tag taxonomy (lotte_tags_vi_en_ko_description_v2.csv, 2026-08-25) - NO per-SKU tag assignment exists yet, matched only via literal substring of the VI tag name inside product titles - needs QA/BA verification + real per-product tag data before use in a real test cycle. Real search-service tag-field boost weight = 0 (ServiceConfig_SearchService.png, 2026-08-25) - tag-dimension queries are NOT expected to rank via tag relevance."
Giò Sống,생 돼지고기 페이스트,tag,vi,low,"derived from dev tag taxonomy (lotte_tags_vi_en_ko_description_v2.csv, 2026-08-25) - NO per-SKU tag assignment exists yet, matched only via literal substring of the VI tag name inside product titles - needs QA/BA verification + real per-product tag data before use in a real test cycle. Real search-service tag-field boost weight = 0 (ServiceConfig_SearchService.png, 2026-08-25) - tag-dimension queries are NOT expected to rank via tag relevance."
Xịt Khoáng,Facial Mist,tag,vi,low,"derived from dev tag taxonomy (lotte_tags_vi_en_ko_description_v2.csv, 2026-08-25) - NO per-SKU tag assignment exists yet, matched only via literal substring of the VI tag name inside product titles - needs QA/BA verification + real per-product tag data before use in a real test cycle. Real search-service tag-field boost weight = 0 (ServiceConfig_SearchService.png, 2026-08-25) - tag-dimension queries are NOT expected to rank via tag relevance."
Xịt Khoáng,페이스 미스트,tag,vi,low,"derived from dev tag taxonomy (lotte_tags_vi_en_ko_description_v2.csv, 2026-08-25) - NO per-SKU tag assignment exists yet, matched only via literal substring of the VI tag name inside product titles - needs QA/BA verification + real per-product tag data before use in a real test cycle. Real search-service tag-field boost weight = 0 (ServiceConfig_SearchService.png, 2026-08-25) - tag-dimension queries are NOT expected to rank via tag relevance."
Bánh Giò,Vietnamese Rice Dumpling,tag,vi,low,"derived from dev tag taxonomy (lotte_tags_vi_en_ko_description_v2.csv, 2026-08-25) - NO per-SKU tag assignment exists yet, matched only via literal substring of the VI tag name inside product titles - needs QA/BA verification + real per-product tag data before use in a real test cycle. Real search-service tag-field boost weight = 0 (ServiceConfig_SearchService.png, 2026-08-25) - tag-dimension queries are NOT expected to rank via tag relevance."
Bánh Giò,베트남식 쌀떡,tag,vi,low,"derived from dev tag taxonomy (lotte_tags_vi_en_ko_description_v2.csv, 2026-08-25) - NO per-SKU tag assignment exists yet, matched only via literal substring of the VI tag name inside product titles - needs QA/BA verification + real per-product tag data before use in a real test cycle. Real search-service tag-field boost weight = 0 (ServiceConfig_SearchService.png, 2026-08-25) - tag-dimension queries are NOT expected to rank via tag relevance."
Socola Trắng,White Chocolate,tag,vi,low,"derived from dev tag taxonomy (lotte_tags_vi_en_ko_description_v2.csv, 2026-08-25) - NO per-SKU tag assignment exists yet, matched only via literal substring of the VI tag name inside product titles - needs QA/BA verification + real per-product tag data before use in a real test cycle. Real search-service tag-field boost weight = 0 (ServiceConfig_SearchService.png, 2026-08-25) - tag-dimension queries are NOT expected to rank via tag relevance."
Socola Trắng,화이트 초콜릿,tag,vi,low,"derived from dev tag taxonomy (lotte_tags_vi_en_ko_description_v2.csv, 2026-08-25) - NO per-SKU tag assignment exists yet, matched only via literal substring of the VI tag name inside product titles - needs QA/BA verification + real per-product tag data before use in a real test cycle. Real search-service tag-field boost weight = 0 (ServiceConfig_SearchService.png, 2026-08-25) - tag-dimension queries are NOT expected to rank via tag relevance."
Dép Massage,Massage Slippers,tag,vi,low,"derived from dev tag taxonomy (lotte_tags_vi_en_ko_description_v2.csv, 2026-08-25) - NO per-SKU tag assignment exists yet, matched only via literal substring of the VI tag name inside product titles - needs QA/BA verification + real per-product tag data before use in a real test cycle. Real search-service tag-field boost weight = 0 (ServiceConfig_SearchService.png, 2026-08-25) - tag-dimension queries are NOT expected to rank via tag relevance."
Dép Massage,마사지 슬리퍼,tag,vi,low,"derived from dev tag taxonomy (lotte_tags_vi_en_ko_description_v2.csv, 2026-08-25) - NO per-SKU tag assignment exists yet, matched only via literal substring of the VI tag name inside product titles - needs QA/BA verification + real per-product tag data before use in a real test cycle. Real search-service tag-field boost weight = 0 (ServiceConfig_SearchService.png, 2026-08-25) - tag-dimension queries are NOT expected to rank via tag relevance."
Đậu Đen,Black Bean,tag,vi,low,"derived from dev tag taxonomy (lotte_tags_vi_en_ko_description_v2.csv, 2026-08-25) - NO per-SKU tag assignment exists yet, matched only via literal substring of the VI tag name inside product titles - needs QA/BA verification + real per-product tag data before use in a real test cycle. Real search-service tag-field boost weight = 0 (ServiceConfig_SearchService.png, 2026-08-25) - tag-dimension queries are NOT expected to rank via tag relevance."
Đậu Đen,검은콩,tag,vi,low,"derived from dev tag taxonomy (lotte_tags_vi_en_ko_description_v2.csv, 2026-08-25) - NO per-SKU tag assignment exists yet, matched only via literal substring of the VI tag name inside product titles - needs QA/BA verification + real per-product tag data before use in a real test cycle. Real search-service tag-field boost weight = 0 (ServiceConfig_SearchService.png, 2026-08-25) - tag-dimension queries are NOT expected to rank via tag relevance."
Gà Nướng,Grilled Chicken,tag,vi,low,"derived from dev tag taxonomy (lotte_tags_vi_en_ko_description_v2.csv, 2026-08-25) - NO per-SKU tag assignment exists yet, matched only via literal substring of the VI tag name inside product titles - needs QA/BA verification + real per-product tag data before use in a real test cycle. Real search-service tag-field boost weight = 0 (ServiceConfig_SearchService.png, 2026-08-25) - tag-dimension queries are NOT expected to rank via tag relevance."
Gà Nướng,구운 닭고기,tag,vi,low,"derived from dev tag taxonomy (lotte_tags_vi_en_ko_description_v2.csv, 2026-08-25) - NO per-SKU tag assignment exists yet, matched only via literal substring of the VI tag name inside product titles - needs QA/BA verification + real per-product tag data before use in a real test cycle. Real search-service tag-field boost weight = 0 (ServiceConfig_SearchService.png, 2026-08-25) - tag-dimension queries are NOT expected to rank via tag relevance."
Túi Đeo,Shoulder Bag,tag,vi,low,"derived from dev tag taxonomy (lotte_tags_vi_en_ko_description_v2.csv, 2026-08-25) - NO per-SKU tag assignment exists yet, matched only via literal substring of the VI tag name inside product titles - needs QA/BA verification + real per-product tag data before use in a real test cycle. Real search-service tag-field boost weight = 0 (ServiceConfig_SearchService.png, 2026-08-25) - tag-dimension queries are NOT expected to rank via tag relevance."
Túi Đeo,숄더백,tag,vi,low,"derived from dev tag taxonomy (lotte_tags_vi_en_ko_description_v2.csv, 2026-08-25) - NO per-SKU tag assignment exists yet, matched only via literal substring of the VI tag name inside product titles - needs QA/BA verification + real per-product tag data before use in a real test cycle. Real search-service tag-field boost weight = 0 (ServiceConfig_SearchService.png, 2026-08-25) - tag-dimension queries are NOT expected to rank via tag relevance."
Dép Nhựa,Plastic Slippers,tag,vi,low,"derived from dev tag taxonomy (lotte_tags_vi_en_ko_description_v2.csv, 2026-08-25) - NO per-SKU tag assignment exists yet, matched only via literal substring of the VI tag name inside product titles - needs QA/BA verification + real per-product tag data before use in a real test cycle. Real search-service tag-field boost weight = 0 (ServiceConfig_SearchService.png, 2026-08-25) - tag-dimension queries are NOT expected to rank via tag relevance."
Dép Nhựa,플라스틱 슬리퍼,tag,vi,low,"derived from dev tag taxonomy (lotte_tags_vi_en_ko_description_v2.csv, 2026-08-25) - NO per-SKU tag assignment exists yet, matched only via literal substring of the VI tag name inside product titles - needs QA/BA verification + real per-product tag data before use in a real test cycle. Real search-service tag-field boost weight = 0 (ServiceConfig_SearchService.png, 2026-08-25) - tag-dimension queries are NOT expected to rank via tag relevance."
Nấu Cơm,Rice Cooking,tag,vi,low,"derived from dev tag taxonomy (lotte_tags_vi_en_ko_description_v2.csv, 2026-08-25) - NO per-SKU tag assignment exists yet, matched only via literal substring of the VI tag name inside product titles - needs QA/BA verification + real per-product tag data before use in a real test cycle. Real search-service tag-field boost weight = 0 (ServiceConfig_SearchService.png, 2026-08-25) - tag-dimension queries are NOT expected to rank via tag relevance."
Nấu Cơm,밥 짓기,tag,vi,low,"derived from dev tag taxonomy (lotte_tags_vi_en_ko_description_v2.csv, 2026-08-25) - NO per-SKU tag assignment exists yet, matched only via literal substring of the VI tag name inside product titles - needs QA/BA verification + real per-product tag data before use in a real test cycle. Real search-service tag-field boost weight = 0 (ServiceConfig_SearchService.png, 2026-08-25) - tag-dimension queries are NOT expected to rank via tag relevance."
Súp Nui,Pasta Soup,tag,vi,low,"derived from dev tag taxonomy (lotte_tags_vi_en_ko_description_v2.csv, 2026-08-25) - NO per-SKU tag assignment exists yet, matched only via literal substring of the VI tag name inside product titles - needs QA/BA verification + real per-product tag data before use in a real test cycle. Real search-service tag-field boost weight = 0 (ServiceConfig_SearchService.png, 2026-08-25) - tag-dimension queries are NOT expected to rank via tag relevance."
Súp Nui,파스타 수프,tag,vi,low,"derived from dev tag taxonomy (lotte_tags_vi_en_ko_description_v2.csv, 2026-08-25) - NO per-SKU tag assignment exists yet, matched only via literal substring of the VI tag name inside product titles - needs QA/BA verification + real per-product tag data before use in a real test cycle. Real search-service tag-field boost weight = 0 (ServiceConfig_SearchService.png, 2026-08-25) - tag-dimension queries are NOT expected to rank via tag relevance."
Phin Inox,Stainless Steel Coffee Filter,tag,vi,low,"derived from dev tag taxonomy (lotte_tags_vi_en_ko_description_v2.csv, 2026-08-25) - NO per-SKU tag assignment exists yet, matched only via literal substring of the VI tag name inside product titles - needs QA/BA verification + real per-product tag data before use in a real test cycle. Real search-service tag-field boost weight = 0 (ServiceConfig_SearchService.png, 2026-08-25) - tag-dimension queries are NOT expected to rank via tag relevance."
Phin Inox,스테인리스 커피 필터,tag,vi,low,"derived from dev tag taxonomy (lotte_tags_vi_en_ko_description_v2.csv, 2026-08-25) - NO per-SKU tag assignment exists yet, matched only via literal substring of the VI tag name inside product titles - needs QA/BA verification + real per-product tag data before use in a real test cycle. Real search-service tag-field boost weight = 0 (ServiceConfig_SearchService.png, 2026-08-25) - tag-dimension queries are NOT expected to rank via tag relevance."
Chanh Muối,Salted Lemon,tag,vi,low,"derived from dev tag taxonomy (lotte_tags_vi_en_ko_description_v2.csv, 2026-08-25) - NO per-SKU tag assignment exists yet, matched only via literal substring of the VI tag name inside product titles - needs QA/BA verification + real per-product tag data before use in a real test cycle. Real search-service tag-field boost weight = 0 (ServiceConfig_SearchService.png, 2026-08-25) - tag-dimension queries are NOT expected to rank via tag relevance."
Chanh Muối,소금 레몬,tag,vi,low,"derived from dev tag taxonomy (lotte_tags_vi_en_ko_description_v2.csv, 2026-08-25) - NO per-SKU tag assignment exists yet, matched only via literal substring of the VI tag name inside product titles - needs QA/BA verification + real per-product tag data before use in a real test cycle. Real search-service tag-field boost weight = 0 (ServiceConfig_SearchService.png, 2026-08-25) - tag-dimension queries are NOT expected to rank via tag relevance."
Nước Ép Nho,Grape Juice,tag,vi,low,"derived from dev tag taxonomy (lotte_tags_vi_en_ko_description_v2.csv, 2026-08-25) - NO per-SKU tag assignment exists yet, matched only via literal substring of the VI tag name inside product titles - needs QA/BA verification + real per-product tag data before use in a real test cycle. Real search-service tag-field boost weight = 0 (ServiceConfig_SearchService.png, 2026-08-25) - tag-dimension queries are NOT expected to rank via tag relevance."
Nước Ép Nho,포도 주스,tag,vi,low,"derived from dev tag taxonomy (lotte_tags_vi_en_ko_description_v2.csv, 2026-08-25) - NO per-SKU tag assignment exists yet, matched only via literal substring of the VI tag name inside product titles - needs QA/BA verification + real per-product tag data before use in a real test cycle. Real search-service tag-field boost weight = 0 (ServiceConfig_SearchService.png, 2026-08-25) - tag-dimension queries are NOT expected to rank via tag relevance."
Đào Brandy,Brandy Peach,tag,vi,low,"derived from dev tag taxonomy (lotte_tags_vi_en_ko_description_v2.csv, 2026-08-25) - NO per-SKU tag assignment exists yet, matched only via literal substring of the VI tag name inside product titles - needs QA/BA verification + real per-product tag data before use in a real test cycle. Real search-service tag-field boost weight = 0 (ServiceConfig_SearchService.png, 2026-08-25) - tag-dimension queries are NOT expected to rank via tag relevance."
Đào Brandy,브랜디 복숭아,tag,vi,low,"derived from dev tag taxonomy (lotte_tags_vi_en_ko_description_v2.csv, 2026-08-25) - NO per-SKU tag assignment exists yet, matched only via literal substring of the VI tag name inside product titles - needs QA/BA verification + real per-product tag data before use in a real test cycle. Real search-service tag-field boost weight = 0 (ServiceConfig_SearchService.png, 2026-08-25) - tag-dimension queries are NOT expected to rank via tag relevance."
Sữa Bắp,Corn Milk,tag,vi,low,"derived from dev tag taxonomy (lotte_tags_vi_en_ko_description_v2.csv, 2026-08-25) - NO per-SKU tag assignment exists yet, matched only via literal substring of the VI tag name inside product titles - needs QA/BA verification + real per-product tag data before use in a real test cycle. Real search-service tag-field boost weight = 0 (ServiceConfig_SearchService.png, 2026-08-25) - tag-dimension queries are NOT expected to rank via tag relevance."
Sữa Bắp,옥수수 음료,tag,vi,low,"derived from dev tag taxonomy (lotte_tags_vi_en_ko_description_v2.csv, 2026-08-25) - NO per-SKU tag assignment exists yet, matched only via literal substring of the VI tag name inside product titles - needs QA/BA verification + real per-product tag data before use in a real test cycle. Real search-service tag-field boost weight = 0 (ServiceConfig_SearchService.png, 2026-08-25) - tag-dimension queries are NOT expected to rank via tag relevance."
Cica,Cica,tag,vi,low,"derived from dev tag taxonomy (lotte_tags_vi_en_ko_description_v2.csv, 2026-08-25) - NO per-SKU tag assignment exists yet, matched only via literal substring of the VI tag name inside product titles - needs QA/BA verification + real per-product tag data before use in a real test cycle. Real search-service tag-field boost weight = 0 (ServiceConfig_SearchService.png, 2026-08-25) - tag-dimension queries are NOT expected to rank via tag relevance."
Cica,시카,tag,vi,low,"derived from dev tag taxonomy (lotte_tags_vi_en_ko_description_v2.csv, 2026-08-25) - NO per-SKU tag assignment exists yet, matched only via literal substring of the VI tag name inside product titles - needs QA/BA verification + real per-product tag data before use in a real test cycle. Real search-service tag-field boost weight = 0 (ServiceConfig_SearchService.png, 2026-08-25) - tag-dimension queries are NOT expected to rank via tag relevance."
Pale Pilsen,Pale Pilsen,tag,vi,low,"derived from dev tag taxonomy (lotte_tags_vi_en_ko_description_v2.csv, 2026-08-25) - NO per-SKU tag assignment exists yet, matched only via literal substring of the VI tag name inside product titles - needs QA/BA verification + real per-product tag data before use in a real test cycle. Real search-service tag-field boost weight = 0 (ServiceConfig_SearchService.png, 2026-08-25) - tag-dimension queries are NOT expected to rank via tag relevance."
Pale Pilsen,페일 필젠,tag,vi,low,"derived from dev tag taxonomy (lotte_tags_vi_en_ko_description_v2.csv, 2026-08-25) - NO per-SKU tag assignment exists yet, matched only via literal substring of the VI tag name inside product titles - needs QA/BA verification + real per-product tag data before use in a real test cycle. Real search-service tag-field boost weight = 0 (ServiceConfig_SearchService.png, 2026-08-25) - tag-dimension queries are NOT expected to rank via tag relevance."
Đạm A2,A2 Protein,tag,vi,low,"derived from dev tag taxonomy (lotte_tags_vi_en_ko_description_v2.csv, 2026-08-25) - NO per-SKU tag assignment exists yet, matched only via literal substring of the VI tag name inside product titles - needs QA/BA verification + real per-product tag data before use in a real test cycle. Real search-service tag-field boost weight = 0 (ServiceConfig_SearchService.png, 2026-08-25) - tag-dimension queries are NOT expected to rank via tag relevance."
Đạm A2,A2 단백질,tag,vi,low,"derived from dev tag taxonomy (lotte_tags_vi_en_ko_description_v2.csv, 2026-08-25) - NO per-SKU tag assignment exists yet, matched only via literal substring of the VI tag name inside product titles - needs QA/BA verification + real per-product tag data before use in a real test cycle. Real search-service tag-field boost weight = 0 (ServiceConfig_SearchService.png, 2026-08-25) - tag-dimension queries are NOT expected to rank via tag relevance."
Bột Năng,Tapioca Starch,tag,vi,low,"derived from dev tag taxonomy (lotte_tags_vi_en_ko_description_v2.csv, 2026-08-25) - NO per-SKU tag assignment exists yet, matched only via literal substring of the VI tag name inside product titles - needs QA/BA verification + real per-product tag data before use in a real test cycle. Real search-service tag-field boost weight = 0 (ServiceConfig_SearchService.png, 2026-08-25) - tag-dimension queries are NOT expected to rank via tag relevance."
Bột Năng,타피오카 전분,tag,vi,low,"derived from dev tag taxonomy (lotte_tags_vi_en_ko_description_v2.csv, 2026-08-25) - NO per-SKU tag assignment exists yet, matched only via literal substring of the VI tag name inside product titles - needs QA/BA verification + real per-product tag data before use in a real test cycle. Real search-service tag-field boost weight = 0 (ServiceConfig_SearchService.png, 2026-08-25) - tag-dimension queries are NOT expected to rank via tag relevance."
Rau Dền,Amaranth Greens,tag,vi,low,"derived from dev tag taxonomy (lotte_tags_vi_en_ko_description_v2.csv, 2026-08-25) - NO per-SKU tag assignment exists yet, matched only via literal substring of the VI tag name inside product titles - needs QA/BA verification + real per-product tag data before use in a real test cycle. Real search-service tag-field boost weight = 0 (ServiceConfig_SearchService.png, 2026-08-25) - tag-dimension queries are NOT expected to rank via tag relevance."
Rau Dền,비름나물,tag,vi,low,"derived from dev tag taxonomy (lotte_tags_vi_en_ko_description_v2.csv, 2026-08-25) - NO per-SKU tag assignment exists yet, matched only via literal substring of the VI tag name inside product titles - needs QA/BA verification + real per-product tag data before use in a real test cycle. Real search-service tag-field boost weight = 0 (ServiceConfig_SearchService.png, 2026-08-25) - tag-dimension queries are NOT expected to rank via tag relevance."
Ớt Bột,Chili Powder,tag,vi,low,"derived from dev tag taxonomy (lotte_tags_vi_en_ko_description_v2.csv, 2026-08-25) - NO per-SKU tag assignment exists yet, matched only via literal substring of the VI tag name inside product titles - needs QA/BA verification + real per-product tag data before use in a real test cycle. Real search-service tag-field boost weight = 0 (ServiceConfig_SearchService.png, 2026-08-25) - tag-dimension queries are NOT expected to rank via tag relevance."
Ớt Bột,고춧가루,tag,vi,low,"derived from dev tag taxonomy (lotte_tags_vi_en_ko_description_v2.csv, 2026-08-25) - NO per-SKU tag assignment exists yet, matched only via literal substring of the VI tag name inside product titles - needs QA/BA verification + real per-product tag data before use in a real test cycle. Real search-service tag-field boost weight = 0 (ServiceConfig_SearchService.png, 2026-08-25) - tag-dimension queries are NOT expected to rank via tag relevance."
Ướp Tỏi,Garlic Marinade,tag,vi,low,"derived from dev tag taxonomy (lotte_tags_vi_en_ko_description_v2.csv, 2026-08-25) - NO per-SKU tag assignment exists yet, matched only via literal substring of the VI tag name inside product titles - needs QA/BA verification + real per-product tag data before use in a real test cycle. Real search-service tag-field boost weight = 0 (ServiceConfig_SearchService.png, 2026-08-25) - tag-dimension queries are NOT expected to rank via tag relevance."
Ướp Tỏi,마늘 양념,tag,vi,low,"derived from dev tag taxonomy (lotte_tags_vi_en_ko_description_v2.csv, 2026-08-25) - NO per-SKU tag assignment exists yet, matched only via literal substring of the VI tag name inside product titles - needs QA/BA verification + real per-product tag data before use in a real test cycle. Real search-service tag-field boost weight = 0 (ServiceConfig_SearchService.png, 2026-08-25) - tag-dimension queries are NOT expected to rank via tag relevance."
Táo Envy,Envy Apple,tag,vi,low,"derived from dev tag taxonomy (lotte_tags_vi_en_ko_description_v2.csv, 2026-08-25) - NO per-SKU tag assignment exists yet, matched only via literal substring of the VI tag name inside product titles - needs QA/BA verification + real per-product tag data before use in a real test cycle. Real search-service tag-field boost weight = 0 (ServiceConfig_SearchService.png, 2026-08-25) - tag-dimension queries are NOT expected to rank via tag relevance."
Táo Envy,엔비 사과,tag,vi,low,"derived from dev tag taxonomy (lotte_tags_vi_en_ko_description_v2.csv, 2026-08-25) - NO per-SKU tag assignment exists yet, matched only via literal substring of the VI tag name inside product titles - needs QA/BA verification + real per-product tag data before use in a real test cycle. Real search-service tag-field boost weight = 0 (ServiceConfig_SearchService.png, 2026-08-25) - tag-dimension queries are NOT expected to rank via tag relevance."
Vali Kéo,Rolling Suitcase,tag,vi,low,"derived from dev tag taxonomy (lotte_tags_vi_en_ko_description_v2.csv, 2026-08-25) - NO per-SKU tag assignment exists yet, matched only via literal substring of the VI tag name inside product titles - needs QA/BA verification + real per-product tag data before use in a real test cycle. Real search-service tag-field boost weight = 0 (ServiceConfig_SearchService.png, 2026-08-25) - tag-dimension queries are NOT expected to rank via tag relevance."
Vali Kéo,캐리어,tag,vi,low,"derived from dev tag taxonomy (lotte_tags_vi_en_ko_description_v2.csv, 2026-08-25) - NO per-SKU tag assignment exists yet, matched only via literal substring of the VI tag name inside product titles - needs QA/BA verification + real per-product tag data before use in a real test cycle. Real search-service tag-field boost weight = 0 (ServiceConfig_SearchService.png, 2026-08-25) - tag-dimension queries are NOT expected to rank via tag relevance."
Muỗng Súp,Soup Spoon,tag,vi,low,"derived from dev tag taxonomy (lotte_tags_vi_en_ko_description_v2.csv, 2026-08-25) - NO per-SKU tag assignment exists yet, matched only via literal substring of the VI tag name inside product titles - needs QA/BA verification + real per-product tag data before use in a real test cycle. Real search-service tag-field boost weight = 0 (ServiceConfig_SearchService.png, 2026-08-25) - tag-dimension queries are NOT expected to rank via tag relevance."
Muỗng Súp,수프 스푼,tag,vi,low,"derived from dev tag taxonomy (lotte_tags_vi_en_ko_description_v2.csv, 2026-08-25) - NO per-SKU tag assignment exists yet, matched only via literal substring of the VI tag name inside product titles - needs QA/BA verification + real per-product tag data before use in a real test cycle. Real search-service tag-field boost weight = 0 (ServiceConfig_SearchService.png, 2026-08-25) - tag-dimension queries are NOT expected to rank via tag relevance."
Inox 201,201 Stainless Steel,tag,vi,low,"derived from dev tag taxonomy (lotte_tags_vi_en_ko_description_v2.csv, 2026-08-25) - NO per-SKU tag assignment exists yet, matched only via literal substring of the VI tag name inside product titles - needs QA/BA verification + real per-product tag data before use in a real test cycle. Real search-service tag-field boost weight = 0 (ServiceConfig_SearchService.png, 2026-08-25) - tag-dimension queries are NOT expected to rank via tag relevance."
Inox 201,201 스테인리스,tag,vi,low,"derived from dev tag taxonomy (lotte_tags_vi_en_ko_description_v2.csv, 2026-08-25) - NO per-SKU tag assignment exists yet, matched only via literal substring of the VI tag name inside product titles - needs QA/BA verification + real per-product tag data before use in a real test cycle. Real search-service tag-field boost weight = 0 (ServiceConfig_SearchService.png, 2026-08-25) - tag-dimension queries are NOT expected to rank via tag relevance."
Vợt Muỗi,Electric Mosquito Swatter,tag,vi,low,"derived from dev tag taxonomy (lotte_tags_vi_en_ko_description_v2.csv, 2026-08-25) - NO per-SKU tag assignment exists yet, matched only via literal substring of the VI tag name inside product titles - needs QA/BA verification + real per-product tag data before use in a real test cycle. Real search-service tag-field boost weight = 0 (ServiceConfig_SearchService.png, 2026-08-25) - tag-dimension queries are NOT expected to rank via tag relevance."
Vợt Muỗi,전기 모기채,tag,vi,low,"derived from dev tag taxonomy (lotte_tags_vi_en_ko_description_v2.csv, 2026-08-25) - NO per-SKU tag assignment exists yet, matched only via literal substring of the VI tag name inside product titles - needs QA/BA verification + real per-product tag data before use in a real test cycle. Real search-service tag-field boost weight = 0 (ServiceConfig_SearchService.png, 2026-08-25) - tag-dimension queries are NOT expected to rank via tag relevance."
Than Bạc,Silver Charcoal,tag,vi,low,"derived from dev tag taxonomy (lotte_tags_vi_en_ko_description_v2.csv, 2026-08-25) - NO per-SKU tag assignment exists yet, matched only via literal substring of the VI tag name inside product titles - needs QA/BA verification + real per-product tag data before use in a real test cycle. Real search-service tag-field boost weight = 0 (ServiceConfig_SearchService.png, 2026-08-25) - tag-dimension queries are NOT expected to rank via tag relevance."
Than Bạc,은 숯,tag,vi,low,"derived from dev tag taxonomy (lotte_tags_vi_en_ko_description_v2.csv, 2026-08-25) - NO per-SKU tag assignment exists yet, matched only via literal substring of the VI tag name inside product titles - needs QA/BA verification + real per-product tag data before use in a real test cycle. Real search-service tag-field boost weight = 0 (ServiceConfig_SearchService.png, 2026-08-25) - tag-dimension queries are NOT expected to rank via tag relevance."
Sụn Heo,Pork Cartilage,tag,vi,low,"derived from dev tag taxonomy (lotte_tags_vi_en_ko_description_v2.csv, 2026-08-25) - NO per-SKU tag assignment exists yet, matched only via literal substring of the VI tag name inside product titles - needs QA/BA verification + real per-product tag data before use in a real test cycle. Real search-service tag-field boost weight = 0 (ServiceConfig_SearchService.png, 2026-08-25) - tag-dimension queries are NOT expected to rank via tag relevance."
Sụn Heo,돼지 연골,tag,vi,low,"derived from dev tag taxonomy (lotte_tags_vi_en_ko_description_v2.csv, 2026-08-25) - NO per-SKU tag assignment exists yet, matched only via literal substring of the VI tag name inside product titles - needs QA/BA verification + real per-product tag data before use in a real test cycle. Real search-service tag-field boost weight = 0 (ServiceConfig_SearchService.png, 2026-08-25) - tag-dimension queries are NOT expected to rank via tag relevance."
Kem Dâu,Strawberry Ice Cream,tag,vi,low,"derived from dev tag taxonomy (lotte_tags_vi_en_ko_description_v2.csv, 2026-08-25) - NO per-SKU tag assignment exists yet, matched only via literal substring of the VI tag name inside product titles - needs QA/BA verification + real per-product tag data before use in a real test cycle. Real search-service tag-field boost weight = 0 (ServiceConfig_SearchService.png, 2026-08-25) - tag-dimension queries are NOT expected to rank via tag relevance."
Kem Dâu,딸기 아이스크림,tag,vi,low,"derived from dev tag taxonomy (lotte_tags_vi_en_ko_description_v2.csv, 2026-08-25) - NO per-SKU tag assignment exists yet, matched only via literal substring of the VI tag name inside product titles - needs QA/BA verification + real per-product tag data before use in a real test cycle. Real search-service tag-field boost weight = 0 (ServiceConfig_SearchService.png, 2026-08-25) - tag-dimension queries are NOT expected to rank via tag relevance."
Mì Kimchi,Kimchi Noodles,tag,vi,low,"derived from dev tag taxonomy (lotte_tags_vi_en_ko_description_v2.csv, 2026-08-25) - NO per-SKU tag assignment exists yet, matched only via literal substring of the VI tag name inside product titles - needs QA/BA verification + real per-product tag data before use in a real test cycle. Real search-service tag-field boost weight = 0 (ServiceConfig_SearchService.png, 2026-08-25) - tag-dimension queries are NOT expected to rank via tag relevance."
Mì Kimchi,김치면,tag,vi,low,"derived from dev tag taxonomy (lotte_tags_vi_en_ko_description_v2.csv, 2026-08-25) - NO per-SKU tag assignment exists yet, matched only via literal substring of the VI tag name inside product titles - needs QA/BA verification + real per-product tag data before use in a real test cycle. Real search-service tag-field boost weight = 0 (ServiceConfig_SearchService.png, 2026-08-25) - tag-dimension queries are NOT expected to rank via tag relevance."
Bánh Cuốn,Vietnamese Steamed Rice Rolls,tag,vi,low,"derived from dev tag taxonomy (lotte_tags_vi_en_ko_description_v2.csv, 2026-08-25) - NO per-SKU tag assignment exists yet, matched only via literal substring of the VI tag name inside product titles - needs QA/BA verification + real per-product tag data before use in a real test cycle. Real search-service tag-field boost weight = 0 (ServiceConfig_SearchService.png, 2026-08-25) - tag-dimension queries are NOT expected to rank via tag relevance."
Bánh Cuốn,반꾸온,tag,vi,low,"derived from dev tag taxonomy (lotte_tags_vi_en_ko_description_v2.csv, 2026-08-25) - NO per-SKU tag assignment exists yet, matched only via literal substring of the VI tag name inside product titles - needs QA/BA verification + real per-product tag data before use in a real test cycle. Real search-service tag-field boost weight = 0 (ServiceConfig_SearchService.png, 2026-08-25) - tag-dimension queries are NOT expected to rank via tag relevance."
Mực Nướng,Grilled Squid,tag,vi,low,"derived from dev tag taxonomy (lotte_tags_vi_en_ko_description_v2.csv, 2026-08-25) - NO per-SKU tag assignment exists yet, matched only via literal substring of the VI tag name inside product titles - needs QA/BA verification + real per-product tag data before use in a real test cycle. Real search-service tag-field boost weight = 0 (ServiceConfig_SearchService.png, 2026-08-25) - tag-dimension queries are NOT expected to rank via tag relevance."
Mực Nướng,구운 오징어,tag,vi,low,"derived from dev tag taxonomy (lotte_tags_vi_en_ko_description_v2.csv, 2026-08-25) - NO per-SKU tag assignment exists yet, matched only via literal substring of the VI tag name inside product titles - needs QA/BA verification + real per-product tag data before use in a real test cycle. Real search-service tag-field boost weight = 0 (ServiceConfig_SearchService.png, 2026-08-25) - tag-dimension queries are NOT expected to rank via tag relevance."
Mực Tươi,Fresh Squid,tag,vi,low,"derived from dev tag taxonomy (lotte_tags_vi_en_ko_description_v2.csv, 2026-08-25) - NO per-SKU tag assignment exists yet, matched only via literal substring of the VI tag name inside product titles - needs QA/BA verification + real per-product tag data before use in a real test cycle. Real search-service tag-field boost weight = 0 (ServiceConfig_SearchService.png, 2026-08-25) - tag-dimension queries are NOT expected to rank via tag relevance."
Mực Tươi,신선 오징어,tag,vi,low,"derived from dev tag taxonomy (lotte_tags_vi_en_ko_description_v2.csv, 2026-08-25) - NO per-SKU tag assignment exists yet, matched only via literal substring of the VI tag name inside product titles - needs QA/BA verification + real per-product tag data before use in a real test cycle. Real search-service tag-field boost weight = 0 (ServiceConfig_SearchService.png, 2026-08-25) - tag-dimension queries are NOT expected to rank via tag relevance."
Nhựa Tritan,Tritan Plastic,tag,vi,low,"derived from dev tag taxonomy (lotte_tags_vi_en_ko_description_v2.csv, 2026-08-25) - NO per-SKU tag assignment exists yet, matched only via literal substring of the VI tag name inside product titles - needs QA/BA verification + real per-product tag data before use in a real test cycle. Real search-service tag-field boost weight = 0 (ServiceConfig_SearchService.png, 2026-08-25) - tag-dimension queries are NOT expected to rank via tag relevance."
Nhựa Tritan,트라이탄 플라스틱,tag,vi,low,"derived from dev tag taxonomy (lotte_tags_vi_en_ko_description_v2.csv, 2026-08-25) - NO per-SKU tag assignment exists yet, matched only via literal substring of the VI tag name inside product titles - needs QA/BA verification + real per-product tag data before use in a real test cycle. Real search-service tag-field boost weight = 0 (ServiceConfig_SearchService.png, 2026-08-25) - tag-dimension queries are NOT expected to rank via tag relevance."
Long Não,Camphor,tag,vi,low,"derived from dev tag taxonomy (lotte_tags_vi_en_ko_description_v2.csv, 2026-08-25) - NO per-SKU tag assignment exists yet, matched only via literal substring of the VI tag name inside product titles - needs QA/BA verification + real per-product tag data before use in a real test cycle. Real search-service tag-field boost weight = 0 (ServiceConfig_SearchService.png, 2026-08-25) - tag-dimension queries are NOT expected to rank via tag relevance."
Long Não,장뇌,tag,vi,low,"derived from dev tag taxonomy (lotte_tags_vi_en_ko_description_v2.csv, 2026-08-25) - NO per-SKU tag assignment exists yet, matched only via literal substring of the VI tag name inside product titles - needs QA/BA verification + real per-product tag data before use in a real test cycle. Real search-service tag-field boost weight = 0 (ServiceConfig_SearchService.png, 2026-08-25) - tag-dimension queries are NOT expected to rank via tag relevance."
Sả Cây,Fresh Lemongrass,tag,vi,low,"derived from dev tag taxonomy (lotte_tags_vi_en_ko_description_v2.csv, 2026-08-25) - NO per-SKU tag assignment exists yet, matched only via literal substring of the VI tag name inside product titles - needs QA/BA verification + real per-product tag data before use in a real test cycle. Real search-service tag-field boost weight = 0 (ServiceConfig_SearchService.png, 2026-08-25) - tag-dimension queries are NOT expected to rank via tag relevance."
Sả Cây,생 레몬그라스,tag,vi,low,"derived from dev tag taxonomy (lotte_tags_vi_en_ko_description_v2.csv, 2026-08-25) - NO per-SKU tag assignment exists yet, matched only via literal substring of the VI tag name inside product titles - needs QA/BA verification + real per-product tag data before use in a real test cycle. Real search-service tag-field boost weight = 0 (ServiceConfig_SearchService.png, 2026-08-25) - tag-dimension queries are NOT expected to rank via tag relevance."
Đuôi Heo,Pork Tail,tag,vi,low,"derived from dev tag taxonomy (lotte_tags_vi_en_ko_description_v2.csv, 2026-08-25) - NO per-SKU tag assignment exists yet, matched only via literal substring of the VI tag name inside product titles - needs QA/BA verification + real per-product tag data before use in a real test cycle. Real search-service tag-field boost weight = 0 (ServiceConfig_SearchService.png, 2026-08-25) - tag-dimension queries are NOT expected to rank via tag relevance."
Đuôi Heo,돼지꼬리,tag,vi,low,"derived from dev tag taxonomy (lotte_tags_vi_en_ko_description_v2.csv, 2026-08-25) - NO per-SKU tag assignment exists yet, matched only via literal substring of the VI tag name inside product titles - needs QA/BA verification + real per-product tag data before use in a real test cycle. Real search-service tag-field boost weight = 0 (ServiceConfig_SearchService.png, 2026-08-25) - tag-dimension queries are NOT expected to rank via tag relevance."
Đèn LED,LED Light,tag,vi,low,"derived from dev tag taxonomy (lotte_tags_vi_en_ko_description_v2.csv, 2026-08-25) - NO per-SKU tag assignment exists yet, matched only via literal substring of the VI tag name inside product titles - needs QA/BA verification + real per-product tag data before use in a real test cycle. Real search-service tag-field boost weight = 0 (ServiceConfig_SearchService.png, 2026-08-25) - tag-dimension queries are NOT expected to rank via tag relevance."
Đèn LED,LED 조명,tag,vi,low,"derived from dev tag taxonomy (lotte_tags_vi_en_ko_description_v2.csv, 2026-08-25) - NO per-SKU tag assignment exists yet, matched only via literal substring of the VI tag name inside product titles - needs QA/BA verification + real per-product tag data before use in a real test cycle. Real search-service tag-field boost weight = 0 (ServiceConfig_SearchService.png, 2026-08-25) - tag-dimension queries are NOT expected to rank via tag relevance."
Cay Vừa,Medium Spicy,tag,vi,low,"derived from dev tag taxonomy (lotte_tags_vi_en_ko_description_v2.csv, 2026-08-25) - NO per-SKU tag assignment exists yet, matched only via literal substring of the VI tag name inside product titles - needs QA/BA verification + real per-product tag data before use in a real test cycle. Real search-service tag-field boost weight = 0 (ServiceConfig_SearchService.png, 2026-08-25) - tag-dimension queries are NOT expected to rank via tag relevance."
Cay Vừa,중간 매운맛,tag,vi,low,"derived from dev tag taxonomy (lotte_tags_vi_en_ko_description_v2.csv, 2026-08-25) - NO per-SKU tag assignment exists yet, matched only via literal substring of the VI tag name inside product titles - needs QA/BA verification + real per-product tag data before use in a real test cycle. Real search-service tag-field boost weight = 0 (ServiceConfig_SearchService.png, 2026-08-25) - tag-dimension queries are NOT expected to rank via tag relevance."
Snack Healthy,Healthy Snacks,tag,vi,low,"derived from dev tag taxonomy (lotte_tags_vi_en_ko_description_v2.csv, 2026-08-25) - NO per-SKU tag assignment exists yet, matched only via literal substring of the VI tag name inside product titles - needs QA/BA verification + real per-product tag data before use in a real test cycle. Real search-service tag-field boost weight = 0 (ServiceConfig_SearchService.png, 2026-08-25) - tag-dimension queries are NOT expected to rank via tag relevance."
Snack Healthy,건강 간식,tag,vi,low,"derived from dev tag taxonomy (lotte_tags_vi_en_ko_description_v2.csv, 2026-08-25) - NO per-SKU tag assignment exists yet, matched only via literal substring of the VI tag name inside product titles - needs QA/BA verification + real per-product tag data before use in a real test cycle. Real search-service tag-field boost weight = 0 (ServiceConfig_SearchService.png, 2026-08-25) - tag-dimension queries are NOT expected to rank via tag relevance."
Collagen Peptide,Collagen Peptide,tag,vi,low,"derived from dev tag taxonomy (lotte_tags_vi_en_ko_description_v2.csv, 2026-08-25) - NO per-SKU tag assignment exists yet, matched only via literal substring of the VI tag name inside product titles - needs QA/BA verification + real per-product tag data before use in a real test cycle. Real search-service tag-field boost weight = 0 (ServiceConfig_SearchService.png, 2026-08-25) - tag-dimension queries are NOT expected to rank via tag relevance."
Collagen Peptide,콜라겐 펩타이드,tag,vi,low,"derived from dev tag taxonomy (lotte_tags_vi_en_ko_description_v2.csv, 2026-08-25) - NO per-SKU tag assignment exists yet, matched only via literal substring of the VI tag name inside product titles - needs QA/BA verification + real per-product tag data before use in a real test cycle. Real search-service tag-field boost weight = 0 (ServiceConfig_SearchService.png, 2026-08-25) - tag-dimension queries are NOT expected to rank via tag relevance."
Mứt Cam,Orange Marmalade,tag,vi,low,"derived from dev tag taxonomy (lotte_tags_vi_en_ko_description_v2.csv, 2026-08-25) - NO per-SKU tag assignment exists yet, matched only via literal substring of the VI tag name inside product titles - needs QA/BA verification + real per-product tag data before use in a real test cycle. Real search-service tag-field boost weight = 0 (ServiceConfig_SearchService.png, 2026-08-25) - tag-dimension queries are NOT expected to rank via tag relevance."
Mứt Cam,오렌지 마멀레이드,tag,vi,low,"derived from dev tag taxonomy (lotte_tags_vi_en_ko_description_v2.csv, 2026-08-25) - NO per-SKU tag assignment exists yet, matched only via literal substring of the VI tag name inside product titles - needs QA/BA verification + real per-product tag data before use in a real test cycle. Real search-service tag-field boost weight = 0 (ServiceConfig_SearchService.png, 2026-08-25) - tag-dimension queries are NOT expected to rank via tag relevance."
Baking Soda,Baking Soda,tag,vi,low,"derived from dev tag taxonomy (lotte_tags_vi_en_ko_description_v2.csv, 2026-08-25) - NO per-SKU tag assignment exists yet, matched only via literal substring of the VI tag name inside product titles - needs QA/BA verification + real per-product tag data before use in a real test cycle. Real search-service tag-field boost weight = 0 (ServiceConfig_SearchService.png, 2026-08-25) - tag-dimension queries are NOT expected to rank via tag relevance."
Baking Soda,베이킹소다,tag,vi,low,"derived from dev tag taxonomy (lotte_tags_vi_en_ko_description_v2.csv, 2026-08-25) - NO per-SKU tag assignment exists yet, matched only via literal substring of the VI tag name inside product titles - needs QA/BA verification + real per-product tag data before use in a real test cycle. Real search-service tag-field boost weight = 0 (ServiceConfig_SearchService.png, 2026-08-25) - tag-dimension queries are NOT expected to rank via tag relevance."
Xương Heo,Pork Bones,tag,vi,low,"derived from dev tag taxonomy (lotte_tags_vi_en_ko_description_v2.csv, 2026-08-25) - NO per-SKU tag assignment exists yet, matched only via literal substring of the VI tag name inside product titles - needs QA/BA verification + real per-product tag data before use in a real test cycle. Real search-service tag-field boost weight = 0 (ServiceConfig_SearchService.png, 2026-08-25) - tag-dimension queries are NOT expected to rank via tag relevance."
Xương Heo,돼지뼈,tag,vi,low,"derived from dev tag taxonomy (lotte_tags_vi_en_ko_description_v2.csv, 2026-08-25) - NO per-SKU tag assignment exists yet, matched only via literal substring of the VI tag name inside product titles - needs QA/BA verification + real per-product tag data before use in a real test cycle. Real search-service tag-field boost weight = 0 (ServiceConfig_SearchService.png, 2026-08-25) - tag-dimension queries are NOT expected to rank via tag relevance."
Cải Xanh,Mustard Greens,tag,vi,low,"derived from dev tag taxonomy (lotte_tags_vi_en_ko_description_v2.csv, 2026-08-25) - NO per-SKU tag assignment exists yet, matched only via literal substring of the VI tag name inside product titles - needs QA/BA verification + real per-product tag data before use in a real test cycle. Real search-service tag-field boost weight = 0 (ServiceConfig_SearchService.png, 2026-08-25) - tag-dimension queries are NOT expected to rank via tag relevance."
Cải Xanh,겨자잎 채소,tag,vi,low,"derived from dev tag taxonomy (lotte_tags_vi_en_ko_description_v2.csv, 2026-08-25) - NO per-SKU tag assignment exists yet, matched only via literal substring of the VI tag name inside product titles - needs QA/BA verification + real per-product tag data before use in a real test cycle. Real search-service tag-field boost weight = 0 (ServiceConfig_SearchService.png, 2026-08-25) - tag-dimension queries are NOT expected to rank via tag relevance."
Bò Organic,Organic Beef,tag,vi,low,"derived from dev tag taxonomy (lotte_tags_vi_en_ko_description_v2.csv, 2026-08-25) - NO per-SKU tag assignment exists yet, matched only via literal substring of the VI tag name inside product titles - needs QA/BA verification + real per-product tag data before use in a real test cycle. Real search-service tag-field boost weight = 0 (ServiceConfig_SearchService.png, 2026-08-25) - tag-dimension queries are NOT expected to rank via tag relevance."
Bò Organic,유기농 소고기,tag,vi,low,"derived from dev tag taxonomy (lotte_tags_vi_en_ko_description_v2.csv, 2026-08-25) - NO per-SKU tag assignment exists yet, matched only via literal substring of the VI tag name inside product titles - needs QA/BA verification + real per-product tag data before use in a real test cycle. Real search-service tag-field boost weight = 0 (ServiceConfig_SearchService.png, 2026-08-25) - tag-dimension queries are NOT expected to rank via tag relevance."
Món Nhậu,Drinking Snacks,tag,vi,low,"derived from dev tag taxonomy (lotte_tags_vi_en_ko_description_v2.csv, 2026-08-25) - NO per-SKU tag assignment exists yet, matched only via literal substring of the VI tag name inside product titles - needs QA/BA verification + real per-product tag data before use in a real test cycle. Real search-service tag-field boost weight = 0 (ServiceConfig_SearchService.png, 2026-08-25) - tag-dimension queries are NOT expected to rank via tag relevance."
Món Nhậu,안주,tag,vi,low,"derived from dev tag taxonomy (lotte_tags_vi_en_ko_description_v2.csv, 2026-08-25) - NO per-SKU tag assignment exists yet, matched only via literal substring of the VI tag name inside product titles - needs QA/BA verification + real per-product tag data before use in a real test cycle. Real search-service tag-field boost weight = 0 (ServiceConfig_SearchService.png, 2026-08-25) - tag-dimension queries are NOT expected to rank via tag relevance."
Muối Tắm,Bath Salt,tag,vi,low,"derived from dev tag taxonomy (lotte_tags_vi_en_ko_description_v2.csv, 2026-08-25) - NO per-SKU tag assignment exists yet, matched only via literal substring of the VI tag name inside product titles - needs QA/BA verification + real per-product tag data before use in a real test cycle. Real search-service tag-field boost weight = 0 (ServiceConfig_SearchService.png, 2026-08-25) - tag-dimension queries are NOT expected to rank via tag relevance."
Muối Tắm,입욕 소금,tag,vi,low,"derived from dev tag taxonomy (lotte_tags_vi_en_ko_description_v2.csv, 2026-08-25) - NO per-SKU tag assignment exists yet, matched only via literal substring of the VI tag name inside product titles - needs QA/BA verification + real per-product tag data before use in a real test cycle. Real search-service tag-field boost weight = 0 (ServiceConfig_SearchService.png, 2026-08-25) - tag-dimension queries are NOT expected to rank via tag relevance."
Hoa Hồng,Rose,tag,vi,low,"derived from dev tag taxonomy (lotte_tags_vi_en_ko_description_v2.csv, 2026-08-25) - NO per-SKU tag assignment exists yet, matched only via literal substring of the VI tag name inside product titles - needs QA/BA verification + real per-product tag data before use in a real test cycle. Real search-service tag-field boost weight = 0 (ServiceConfig_SearchService.png, 2026-08-25) - tag-dimension queries are NOT expected to rank via tag relevance."
Hoa Hồng,장미,tag,vi,low,"derived from dev tag taxonomy (lotte_tags_vi_en_ko_description_v2.csv, 2026-08-25) - NO per-SKU tag assignment exists yet, matched only via literal substring of the VI tag name inside product titles - needs QA/BA verification + real per-product tag data before use in a real test cycle. Real search-service tag-field boost weight = 0 (ServiceConfig_SearchService.png, 2026-08-25) - tag-dimension queries are NOT expected to rank via tag relevance."
Kiwi Xanh,Green Kiwi,tag,vi,low,"derived from dev tag taxonomy (lotte_tags_vi_en_ko_description_v2.csv, 2026-08-25) - NO per-SKU tag assignment exists yet, matched only via literal substring of the VI tag name inside product titles - needs QA/BA verification + real per-product tag data before use in a real test cycle. Real search-service tag-field boost weight = 0 (ServiceConfig_SearchService.png, 2026-08-25) - tag-dimension queries are NOT expected to rank via tag relevance."
Kiwi Xanh,그린키위,tag,vi,low,"derived from dev tag taxonomy (lotte_tags_vi_en_ko_description_v2.csv, 2026-08-25) - NO per-SKU tag assignment exists yet, matched only via literal substring of the VI tag name inside product titles - needs QA/BA verification + real per-product tag data before use in a real test cycle. Real search-service tag-field boost weight = 0 (ServiceConfig_SearchService.png, 2026-08-25) - tag-dimension queries are NOT expected to rank via tag relevance."
Bưởi Ruby,Ruby Grapefruit,tag,vi,low,"derived from dev tag taxonomy (lotte_tags_vi_en_ko_description_v2.csv, 2026-08-25) - NO per-SKU tag assignment exists yet, matched only via literal substring of the VI tag name inside product titles - needs QA/BA verification + real per-product tag data before use in a real test cycle. Real search-service tag-field boost weight = 0 (ServiceConfig_SearchService.png, 2026-08-25) - tag-dimension queries are NOT expected to rank via tag relevance."
Bưởi Ruby,루비 자몽,tag,vi,low,"derived from dev tag taxonomy (lotte_tags_vi_en_ko_description_v2.csv, 2026-08-25) - NO per-SKU tag assignment exists yet, matched only via literal substring of the VI tag name inside product titles - needs QA/BA verification + real per-product tag data before use in a real test cycle. Real search-service tag-field boost weight = 0 (ServiceConfig_SearchService.png, 2026-08-25) - tag-dimension queries are NOT expected to rank via tag relevance."
Nạc Lưng,Pork Loin,tag,vi,low,"derived from dev tag taxonomy (lotte_tags_vi_en_ko_description_v2.csv, 2026-08-25) - NO per-SKU tag assignment exists yet, matched only via literal substring of the VI tag name inside product titles - needs QA/BA verification + real per-product tag data before use in a real test cycle. Real search-service tag-field boost weight = 0 (ServiceConfig_SearchService.png, 2026-08-25) - tag-dimension queries are NOT expected to rank via tag relevance."
Nạc Lưng,돼지 등심,tag,vi,low,"derived from dev tag taxonomy (lotte_tags_vi_en_ko_description_v2.csv, 2026-08-25) - NO per-SKU tag assignment exists yet, matched only via literal substring of the VI tag name inside product titles - needs QA/BA verification + real per-product tag data before use in a real test cycle. Real search-service tag-field boost weight = 0 (ServiceConfig_SearchService.png, 2026-08-25) - tag-dimension queries are NOT expected to rank via tag relevance."
Tôm Viên,Shrimp Balls,tag,vi,low,"derived from dev tag taxonomy (lotte_tags_vi_en_ko_description_v2.csv, 2026-08-25) - NO per-SKU tag assignment exists yet, matched only via literal substring of the VI tag name inside product titles - needs QA/BA verification + real per-product tag data before use in a real test cycle. Real search-service tag-field boost weight = 0 (ServiceConfig_SearchService.png, 2026-08-25) - tag-dimension queries are NOT expected to rank via tag relevance."
Tôm Viên,새우 완자,tag,vi,low,"derived from dev tag taxonomy (lotte_tags_vi_en_ko_description_v2.csv, 2026-08-25) - NO per-SKU tag assignment exists yet, matched only via literal substring of the VI tag name inside product titles - needs QA/BA verification + real per-product tag data before use in a real test cycle. Real search-service tag-field boost weight = 0 (ServiceConfig_SearchService.png, 2026-08-25) - tag-dimension queries are NOT expected to rank via tag relevance."
Xôi,Sticky Rice,tag,vi,low,"derived from dev tag taxonomy (lotte_tags_vi_en_ko_description_v2.csv, 2026-08-25) - NO per-SKU tag assignment exists yet, matched only via literal substring of the VI tag name inside product titles - needs QA/BA verification + real per-product tag data before use in a real test cycle. Real search-service tag-field boost weight = 0 (ServiceConfig_SearchService.png, 2026-08-25) - tag-dimension queries are NOT expected to rank via tag relevance."
Xôi,찹쌀밥,tag,vi,low,"derived from dev tag taxonomy (lotte_tags_vi_en_ko_description_v2.csv, 2026-08-25) - NO per-SKU tag assignment exists yet, matched only via literal substring of the VI tag name inside product titles - needs QA/BA verification + real per-product tag data before use in a real test cycle. Real search-service tag-field boost weight = 0 (ServiceConfig_SearchService.png, 2026-08-25) - tag-dimension queries are NOT expected to rank via tag relevance."
Surimi Cá,Fish Surimi,tag,vi,low,"derived from dev tag taxonomy (lotte_tags_vi_en_ko_description_v2.csv, 2026-08-25) - NO per-SKU tag assignment exists yet, matched only via literal substring of the VI tag name inside product titles - needs QA/BA verification + real per-product tag data before use in a real test cycle. Real search-service tag-field boost weight = 0 (ServiceConfig_SearchService.png, 2026-08-25) - tag-dimension queries are NOT expected to rank via tag relevance."
Surimi Cá,생선 연육,tag,vi,low,"derived from dev tag taxonomy (lotte_tags_vi_en_ko_description_v2.csv, 2026-08-25) - NO per-SKU tag assignment exists yet, matched only via literal substring of the VI tag name inside product titles - needs QA/BA verification + real per-product tag data before use in a real test cycle. Real search-service tag-field boost weight = 0 (ServiceConfig_SearchService.png, 2026-08-25) - tag-dimension queries are NOT expected to rank via tag relevance."
Vá Canh,Soup Ladle,tag,vi,low,"derived from dev tag taxonomy (lotte_tags_vi_en_ko_description_v2.csv, 2026-08-25) - NO per-SKU tag assignment exists yet, matched only via literal substring of the VI tag name inside product titles - needs QA/BA verification + real per-product tag data before use in a real test cycle. Real search-service tag-field boost weight = 0 (ServiceConfig_SearchService.png, 2026-08-25) - tag-dimension queries are NOT expected to rank via tag relevance."
Vá Canh,국자,tag,vi,low,"derived from dev tag taxonomy (lotte_tags_vi_en_ko_description_v2.csv, 2026-08-25) - NO per-SKU tag assignment exists yet, matched only via literal substring of the VI tag name inside product titles - needs QA/BA verification + real per-product tag data before use in a real test cycle. Real search-service tag-field boost weight = 0 (ServiceConfig_SearchService.png, 2026-08-25) - tag-dimension queries are NOT expected to rank via tag relevance."
Chống Tràn,Spill-Proof,tag,vi,low,"derived from dev tag taxonomy (lotte_tags_vi_en_ko_description_v2.csv, 2026-08-25) - NO per-SKU tag assignment exists yet, matched only via literal substring of the VI tag name inside product titles - needs QA/BA verification + real per-product tag data before use in a real test cycle. Real search-service tag-field boost weight = 0 (ServiceConfig_SearchService.png, 2026-08-25) - tag-dimension queries are NOT expected to rank via tag relevance."
Chống Tràn,흘림 방지,tag,vi,low,"derived from dev tag taxonomy (lotte_tags_vi_en_ko_description_v2.csv, 2026-08-25) - NO per-SKU tag assignment exists yet, matched only via literal substring of the VI tag name inside product titles - needs QA/BA verification + real per-product tag data before use in a real test cycle. Real search-service tag-field boost weight = 0 (ServiceConfig_SearchService.png, 2026-08-25) - tag-dimension queries are NOT expected to rank via tag relevance."
Cam Sành,Vietnamese Green Orange,tag,vi,low,"derived from dev tag taxonomy (lotte_tags_vi_en_ko_description_v2.csv, 2026-08-25) - NO per-SKU tag assignment exists yet, matched only via literal substring of the VI tag name inside product titles - needs QA/BA verification + real per-product tag data before use in a real test cycle. Real search-service tag-field boost weight = 0 (ServiceConfig_SearchService.png, 2026-08-25) - tag-dimension queries are NOT expected to rank via tag relevance."
Cam Sành,깜산 오렌지,tag,vi,low,"derived from dev tag taxonomy (lotte_tags_vi_en_ko_description_v2.csv, 2026-08-25) - NO per-SKU tag assignment exists yet, matched only via literal substring of the VI tag name inside product titles - needs QA/BA verification + real per-product tag data before use in a real test cycle. Real search-service tag-field boost weight = 0 (ServiceConfig_SearchService.png, 2026-08-25) - tag-dimension queries are NOT expected to rank via tag relevance."
Thanh Nhiệt,Cooling / Heat-Relief,tag,vi,low,"derived from dev tag taxonomy (lotte_tags_vi_en_ko_description_v2.csv, 2026-08-25) - NO per-SKU tag assignment exists yet, matched only via literal substring of the VI tag name inside product titles - needs QA/BA verification + real per-product tag data before use in a real test cycle. Real search-service tag-field boost weight = 0 (ServiceConfig_SearchService.png, 2026-08-25) - tag-dimension queries are NOT expected to rank via tag relevance."
Thanh Nhiệt,열 완화,tag,vi,low,"derived from dev tag taxonomy (lotte_tags_vi_en_ko_description_v2.csv, 2026-08-25) - NO per-SKU tag assignment exists yet, matched only via literal substring of the VI tag name inside product titles - needs QA/BA verification + real per-product tag data before use in a real test cycle. Real search-service tag-field boost weight = 0 (ServiceConfig_SearchService.png, 2026-08-25) - tag-dimension queries are NOT expected to rank via tag relevance."
Mơ Muối,Salted Plum,tag,vi,low,"derived from dev tag taxonomy (lotte_tags_vi_en_ko_description_v2.csv, 2026-08-25) - NO per-SKU tag assignment exists yet, matched only via literal substring of the VI tag name inside product titles - needs QA/BA verification + real per-product tag data before use in a real test cycle. Real search-service tag-field boost weight = 0 (ServiceConfig_SearchService.png, 2026-08-25) - tag-dimension queries are NOT expected to rank via tag relevance."
Mơ Muối,매실 절임,tag,vi,low,"derived from dev tag taxonomy (lotte_tags_vi_en_ko_description_v2.csv, 2026-08-25) - NO per-SKU tag assignment exists yet, matched only via literal substring of the VI tag name inside product titles - needs QA/BA verification + real per-product tag data before use in a real test cycle. Real search-service tag-field boost weight = 0 (ServiceConfig_SearchService.png, 2026-08-25) - tag-dimension queries are NOT expected to rank via tag relevance."
Soju Infused,Infused Soju,tag,vi,low,"derived from dev tag taxonomy (lotte_tags_vi_en_ko_description_v2.csv, 2026-08-25) - NO per-SKU tag assignment exists yet, matched only via literal substring of the VI tag name inside product titles - needs QA/BA verification + real per-product tag data before use in a real test cycle. Real search-service tag-field boost weight = 0 (ServiceConfig_SearchService.png, 2026-08-25) - tag-dimension queries are NOT expected to rank via tag relevance."
Soju Infused,인퓨즈드 소주,tag,vi,low,"derived from dev tag taxonomy (lotte_tags_vi_en_ko_description_v2.csv, 2026-08-25) - NO per-SKU tag assignment exists yet, matched only via literal substring of the VI tag name inside product titles - needs QA/BA verification + real per-product tag data before use in a real test cycle. Real search-service tag-field boost weight = 0 (ServiceConfig_SearchService.png, 2026-08-25) - tag-dimension queries are NOT expected to rank via tag relevance."
Trà Vải,Lychee Tea,tag,vi,low,"derived from dev tag taxonomy (lotte_tags_vi_en_ko_description_v2.csv, 2026-08-25) - NO per-SKU tag assignment exists yet, matched only via literal substring of the VI tag name inside product titles - needs QA/BA verification + real per-product tag data before use in a real test cycle. Real search-service tag-field boost weight = 0 (ServiceConfig_SearchService.png, 2026-08-25) - tag-dimension queries are NOT expected to rank via tag relevance."
Trà Vải,리치차,tag,vi,low,"derived from dev tag taxonomy (lotte_tags_vi_en_ko_description_v2.csv, 2026-08-25) - NO per-SKU tag assignment exists yet, matched only via literal substring of the VI tag name inside product titles - needs QA/BA verification + real per-product tag data before use in a real test cycle. Real search-service tag-field boost weight = 0 (ServiceConfig_SearchService.png, 2026-08-25) - tag-dimension queries are NOT expected to rank via tag relevance."
Trà Dâu,Strawberry Tea,tag,vi,low,"derived from dev tag taxonomy (lotte_tags_vi_en_ko_description_v2.csv, 2026-08-25) - NO per-SKU tag assignment exists yet, matched only via literal substring of the VI tag name inside product titles - needs QA/BA verification + real per-product tag data before use in a real test cycle. Real search-service tag-field boost weight = 0 (ServiceConfig_SearchService.png, 2026-08-25) - tag-dimension queries are NOT expected to rank via tag relevance."
Trà Dâu,딸기차,tag,vi,low,"derived from dev tag taxonomy (lotte_tags_vi_en_ko_description_v2.csv, 2026-08-25) - NO per-SKU tag assignment exists yet, matched only via literal substring of the VI tag name inside product titles - needs QA/BA verification + real per-product tag data before use in a real test cycle. Real search-service tag-field boost weight = 0 (ServiceConfig_SearchService.png, 2026-08-25) - tag-dimension queries are NOT expected to rank via tag relevance."
Hộp Đựng Cơm,Lunch Box,tag,vi,low,"derived from dev tag taxonomy (lotte_tags_vi_en_ko_description_v2.csv, 2026-08-25) - NO per-SKU tag assignment exists yet, matched only via literal substring of the VI tag name inside product titles - needs QA/BA verification + real per-product tag data before use in a real test cycle. Real search-service tag-field boost weight = 0 (ServiceConfig_SearchService.png, 2026-08-25) - tag-dimension queries are NOT expected to rank via tag relevance."
Hộp Đựng Cơm,도시락통,tag,vi,low,"derived from dev tag taxonomy (lotte_tags_vi_en_ko_description_v2.csv, 2026-08-25) - NO per-SKU tag assignment exists yet, matched only via literal substring of the VI tag name inside product titles - needs QA/BA verification + real per-product tag data before use in a real test cycle. Real search-service tag-field boost weight = 0 (ServiceConfig_SearchService.png, 2026-08-25) - tag-dimension queries are NOT expected to rank via tag relevance."
Matcha Latte,Matcha Latte,tag,vi,low,"derived from dev tag taxonomy (lotte_tags_vi_en_ko_description_v2.csv, 2026-08-25) - NO per-SKU tag assignment exists yet, matched only via literal substring of the VI tag name inside product titles - needs QA/BA verification + real per-product tag data before use in a real test cycle. Real search-service tag-field boost weight = 0 (ServiceConfig_SearchService.png, 2026-08-25) - tag-dimension queries are NOT expected to rank via tag relevance."
Matcha Latte,말차 라떼,tag,vi,low,"derived from dev tag taxonomy (lotte_tags_vi_en_ko_description_v2.csv, 2026-08-25) - NO per-SKU tag assignment exists yet, matched only via literal substring of the VI tag name inside product titles - needs QA/BA verification + real per-product tag data before use in a real test cycle. Real search-service tag-field boost weight = 0 (ServiceConfig_SearchService.png, 2026-08-25) - tag-dimension queries are NOT expected to rank via tag relevance."
Hạt Bí,Pumpkin Seeds,tag,vi,low,"derived from dev tag taxonomy (lotte_tags_vi_en_ko_description_v2.csv, 2026-08-25) - NO per-SKU tag assignment exists yet, matched only via literal substring of the VI tag name inside product titles - needs QA/BA verification + real per-product tag data before use in a real test cycle. Real search-service tag-field boost weight = 0 (ServiceConfig_SearchService.png, 2026-08-25) - tag-dimension queries are NOT expected to rank via tag relevance."
Hạt Bí,호박씨,tag,vi,low,"derived from dev tag taxonomy (lotte_tags_vi_en_ko_description_v2.csv, 2026-08-25) - NO per-SKU tag assignment exists yet, matched only via literal substring of the VI tag name inside product titles - needs QA/BA verification + real per-product tag data before use in a real test cycle. Real search-service tag-field boost weight = 0 (ServiceConfig_SearchService.png, 2026-08-25) - tag-dimension queries are NOT expected to rank via tag relevance."
Bạch Tuộc,Octopus,tag,vi,low,"derived from dev tag taxonomy (lotte_tags_vi_en_ko_description_v2.csv, 2026-08-25) - NO per-SKU tag assignment exists yet, matched only via literal substring of the VI tag name inside product titles - needs QA/BA verification + real per-product tag data before use in a real test cycle. Real search-service tag-field boost weight = 0 (ServiceConfig_SearchService.png, 2026-08-25) - tag-dimension queries are NOT expected to rank via tag relevance."
Bạch Tuộc,문어,tag,vi,low,"derived from dev tag taxonomy (lotte_tags_vi_en_ko_description_v2.csv, 2026-08-25) - NO per-SKU tag assignment exists yet, matched only via literal substring of the VI tag name inside product titles - needs QA/BA verification + real per-product tag data before use in a real test cycle. Real search-service tag-field boost weight = 0 (ServiceConfig_SearchService.png, 2026-08-25) - tag-dimension queries are NOT expected to rank via tag relevance."
Yến Chưng,Stewed Bird's Nest,tag,vi,low,"derived from dev tag taxonomy (lotte_tags_vi_en_ko_description_v2.csv, 2026-08-25) - NO per-SKU tag assignment exists yet, matched only via literal substring of the VI tag name inside product titles - needs QA/BA verification + real per-product tag data before use in a real test cycle. Real search-service tag-field boost weight = 0 (ServiceConfig_SearchService.png, 2026-08-25) - tag-dimension queries are NOT expected to rank via tag relevance."
Yến Chưng,중탕 제비집,tag,vi,low,"derived from dev tag taxonomy (lotte_tags_vi_en_ko_description_v2.csv, 2026-08-25) - NO per-SKU tag assignment exists yet, matched only via literal substring of the VI tag name inside product titles - needs QA/BA verification + real per-product tag data before use in a real test cycle. Real search-service tag-field boost weight = 0 (ServiceConfig_SearchService.png, 2026-08-25) - tag-dimension queries are NOT expected to rank via tag relevance."
Hạt Sen,Lotus Seeds,tag,vi,low,"derived from dev tag taxonomy (lotte_tags_vi_en_ko_description_v2.csv, 2026-08-25) - NO per-SKU tag assignment exists yet, matched only via literal substring of the VI tag name inside product titles - needs QA/BA verification + real per-product tag data before use in a real test cycle. Real search-service tag-field boost weight = 0 (ServiceConfig_SearchService.png, 2026-08-25) - tag-dimension queries are NOT expected to rank via tag relevance."
Hạt Sen,연꽃씨,tag,vi,low,"derived from dev tag taxonomy (lotte_tags_vi_en_ko_description_v2.csv, 2026-08-25) - NO per-SKU tag assignment exists yet, matched only via literal substring of the VI tag name inside product titles - needs QA/BA verification + real per-product tag data before use in a real test cycle. Real search-service tag-field boost weight = 0 (ServiceConfig_SearchService.png, 2026-08-25) - tag-dimension queries are NOT expected to rank via tag relevance."
Hành Lá,Green Onion,tag,vi,low,"derived from dev tag taxonomy (lotte_tags_vi_en_ko_description_v2.csv, 2026-08-25) - NO per-SKU tag assignment exists yet, matched only via literal substring of the VI tag name inside product titles - needs QA/BA verification + real per-product tag data before use in a real test cycle. Real search-service tag-field boost weight = 0 (ServiceConfig_SearchService.png, 2026-08-25) - tag-dimension queries are NOT expected to rank via tag relevance."
Hành Lá,대파,tag,vi,low,"derived from dev tag taxonomy (lotte_tags_vi_en_ko_description_v2.csv, 2026-08-25) - NO per-SKU tag assignment exists yet, matched only via literal substring of the VI tag name inside product titles - needs QA/BA verification + real per-product tag data before use in a real test cycle. Real search-service tag-field boost weight = 0 (ServiceConfig_SearchService.png, 2026-08-25) - tag-dimension queries are NOT expected to rank via tag relevance."
Quất Dẻo,Candied Kumquat,tag,vi,low,"derived from dev tag taxonomy (lotte_tags_vi_en_ko_description_v2.csv, 2026-08-25) - NO per-SKU tag assignment exists yet, matched only via literal substring of the VI tag name inside product titles - needs QA/BA verification + real per-product tag data before use in a real test cycle. Real search-service tag-field boost weight = 0 (ServiceConfig_SearchService.png, 2026-08-25) - tag-dimension queries are NOT expected to rank via tag relevance."
Quất Dẻo,말랑 금귤,tag,vi,low,"derived from dev tag taxonomy (lotte_tags_vi_en_ko_description_v2.csv, 2026-08-25) - NO per-SKU tag assignment exists yet, matched only via literal substring of the VI tag name inside product titles - needs QA/BA verification + real per-product tag data before use in a real test cycle. Real search-service tag-field boost weight = 0 (ServiceConfig_SearchService.png, 2026-08-25) - tag-dimension queries are NOT expected to rank via tag relevance."
Pizza Tôm,Shrimp Pizza,tag,vi,low,"derived from dev tag taxonomy (lotte_tags_vi_en_ko_description_v2.csv, 2026-08-25) - NO per-SKU tag assignment exists yet, matched only via literal substring of the VI tag name inside product titles - needs QA/BA verification + real per-product tag data before use in a real test cycle. Real search-service tag-field boost weight = 0 (ServiceConfig_SearchService.png, 2026-08-25) - tag-dimension queries are NOT expected to rank via tag relevance."
Pizza Tôm,새우 피자,tag,vi,low,"derived from dev tag taxonomy (lotte_tags_vi_en_ko_description_v2.csv, 2026-08-25) - NO per-SKU tag assignment exists yet, matched only via literal substring of the VI tag name inside product titles - needs QA/BA verification + real per-product tag data before use in a real test cycle. Real search-service tag-field boost weight = 0 (ServiceConfig_SearchService.png, 2026-08-25) - tag-dimension queries are NOT expected to rank via tag relevance."
Sữa Socola,Chocolate Milk,tag,vi,low,"derived from dev tag taxonomy (lotte_tags_vi_en_ko_description_v2.csv, 2026-08-25) - NO per-SKU tag assignment exists yet, matched only via literal substring of the VI tag name inside product titles - needs QA/BA verification + real per-product tag data before use in a real test cycle. Real search-service tag-field boost weight = 0 (ServiceConfig_SearchService.png, 2026-08-25) - tag-dimension queries are NOT expected to rank via tag relevance."
Sữa Socola,초콜릿 우유,tag,vi,low,"derived from dev tag taxonomy (lotte_tags_vi_en_ko_description_v2.csv, 2026-08-25) - NO per-SKU tag assignment exists yet, matched only via literal substring of the VI tag name inside product titles - needs QA/BA verification + real per-product tag data before use in a real test cycle. Real search-service tag-field boost weight = 0 (ServiceConfig_SearchService.png, 2026-08-25) - tag-dimension queries are NOT expected to rank via tag relevance."
Khô Heo,Pork Jerky,tag,vi,low,"derived from dev tag taxonomy (lotte_tags_vi_en_ko_description_v2.csv, 2026-08-25) - NO per-SKU tag assignment exists yet, matched only via literal substring of the VI tag name inside product titles - needs QA/BA verification + real per-product tag data before use in a real test cycle. Real search-service tag-field boost weight = 0 (ServiceConfig_SearchService.png, 2026-08-25) - tag-dimension queries are NOT expected to rank via tag relevance."
Khô Heo,돼지고기 육포,tag,vi,low,"derived from dev tag taxonomy (lotte_tags_vi_en_ko_description_v2.csv, 2026-08-25) - NO per-SKU tag assignment exists yet, matched only via literal substring of the VI tag name inside product titles - needs QA/BA verification + real per-product tag data before use in a real test cycle. Real search-service tag-field boost weight = 0 (ServiceConfig_SearchService.png, 2026-08-25) - tag-dimension queries are NOT expected to rank via tag relevance."
Sườn Bò,Beef Ribs,tag,vi,low,"derived from dev tag taxonomy (lotte_tags_vi_en_ko_description_v2.csv, 2026-08-25) - NO per-SKU tag assignment exists yet, matched only via literal substring of the VI tag name inside product titles - needs QA/BA verification + real per-product tag data before use in a real test cycle. Real search-service tag-field boost weight = 0 (ServiceConfig_SearchService.png, 2026-08-25) - tag-dimension queries are NOT expected to rank via tag relevance."
Sườn Bò,소갈비,tag,vi,low,"derived from dev tag taxonomy (lotte_tags_vi_en_ko_description_v2.csv, 2026-08-25) - NO per-SKU tag assignment exists yet, matched only via literal substring of the VI tag name inside product titles - needs QA/BA verification + real per-product tag data before use in a real test cycle. Real search-service tag-field boost weight = 0 (ServiceConfig_SearchService.png, 2026-08-25) - tag-dimension queries are NOT expected to rank via tag relevance."
Hồng Sâm,Red Ginseng,tag,vi,low,"derived from dev tag taxonomy (lotte_tags_vi_en_ko_description_v2.csv, 2026-08-25) - NO per-SKU tag assignment exists yet, matched only via literal substring of the VI tag name inside product titles - needs QA/BA verification + real per-product tag data before use in a real test cycle. Real search-service tag-field boost weight = 0 (ServiceConfig_SearchService.png, 2026-08-25) - tag-dimension queries are NOT expected to rank via tag relevance."
Hồng Sâm,홍삼,tag,vi,low,"derived from dev tag taxonomy (lotte_tags_vi_en_ko_description_v2.csv, 2026-08-25) - NO per-SKU tag assignment exists yet, matched only via literal substring of the VI tag name inside product titles - needs QA/BA verification + real per-product tag data before use in a real test cycle. Real search-service tag-field boost weight = 0 (ServiceConfig_SearchService.png, 2026-08-25) - tag-dimension queries are NOT expected to rank via tag relevance."
Trung Thu,Mid-Autumn Festival,tag,vi,low,"derived from dev tag taxonomy (lotte_tags_vi_en_ko_description_v2.csv, 2026-08-25) - NO per-SKU tag assignment exists yet, matched only via literal substring of the VI tag name inside product titles - needs QA/BA verification + real per-product tag data before use in a real test cycle. Real search-service tag-field boost weight = 0 (ServiceConfig_SearchService.png, 2026-08-25) - tag-dimension queries are NOT expected to rank via tag relevance."
Trung Thu,중추절,tag,vi,low,"derived from dev tag taxonomy (lotte_tags_vi_en_ko_description_v2.csv, 2026-08-25) - NO per-SKU tag assignment exists yet, matched only via literal substring of the VI tag name inside product titles - needs QA/BA verification + real per-product tag data before use in a real test cycle. Real search-service tag-field boost weight = 0 (ServiceConfig_SearchService.png, 2026-08-25) - tag-dimension queries are NOT expected to rank via tag relevance."
Chống Rối,Anti-Tangle,tag,vi,low,"derived from dev tag taxonomy (lotte_tags_vi_en_ko_description_v2.csv, 2026-08-25) - NO per-SKU tag assignment exists yet, matched only via literal substring of the VI tag name inside product titles - needs QA/BA verification + real per-product tag data before use in a real test cycle. Real search-service tag-field boost weight = 0 (ServiceConfig_SearchService.png, 2026-08-25) - tag-dimension queries are NOT expected to rank via tag relevance."
Chống Rối,엉킴 방지,tag,vi,low,"derived from dev tag taxonomy (lotte_tags_vi_en_ko_description_v2.csv, 2026-08-25) - NO per-SKU tag assignment exists yet, matched only via literal substring of the VI tag name inside product titles - needs QA/BA verification + real per-product tag data before use in a real test cycle. Real search-service tag-field boost weight = 0 (ServiceConfig_SearchService.png, 2026-08-25) - tag-dimension queries are NOT expected to rank via tag relevance."
Ion Bạc,Silver Ion,tag,vi,low,"derived from dev tag taxonomy (lotte_tags_vi_en_ko_description_v2.csv, 2026-08-25) - NO per-SKU tag assignment exists yet, matched only via literal substring of the VI tag name inside product titles - needs QA/BA verification + real per-product tag data before use in a real test cycle. Real search-service tag-field boost weight = 0 (ServiceConfig_SearchService.png, 2026-08-25) - tag-dimension queries are NOT expected to rank via tag relevance."
Ion Bạc,은이온,tag,vi,low,"derived from dev tag taxonomy (lotte_tags_vi_en_ko_description_v2.csv, 2026-08-25) - NO per-SKU tag assignment exists yet, matched only via literal substring of the VI tag name inside product titles - needs QA/BA verification + real per-product tag data before use in a real test cycle. Real search-service tag-field boost weight = 0 (ServiceConfig_SearchService.png, 2026-08-25) - tag-dimension queries are NOT expected to rank via tag relevance."
Mặc Nhà,Homewear,tag,vi,low,"derived from dev tag taxonomy (lotte_tags_vi_en_ko_description_v2.csv, 2026-08-25) - NO per-SKU tag assignment exists yet, matched only via literal substring of the VI tag name inside product titles - needs QA/BA verification + real per-product tag data before use in a real test cycle. Real search-service tag-field boost weight = 0 (ServiceConfig_SearchService.png, 2026-08-25) - tag-dimension queries are NOT expected to rank via tag relevance."
Mặc Nhà,홈웨어,tag,vi,low,"derived from dev tag taxonomy (lotte_tags_vi_en_ko_description_v2.csv, 2026-08-25) - NO per-SKU tag assignment exists yet, matched only via literal substring of the VI tag name inside product titles - needs QA/BA verification + real per-product tag data before use in a real test cycle. Real search-service tag-field boost weight = 0 (ServiceConfig_SearchService.png, 2026-08-25) - tag-dimension queries are NOT expected to rank via tag relevance."
Nước Chanh,Lemon Drink,tag,vi,low,"derived from dev tag taxonomy (lotte_tags_vi_en_ko_description_v2.csv, 2026-08-25) - NO per-SKU tag assignment exists yet, matched only via literal substring of the VI tag name inside product titles - needs QA/BA verification + real per-product tag data before use in a real test cycle. Real search-service tag-field boost weight = 0 (ServiceConfig_SearchService.png, 2026-08-25) - tag-dimension queries are NOT expected to rank via tag relevance."
Nước Chanh,레몬 음료,tag,vi,low,"derived from dev tag taxonomy (lotte_tags_vi_en_ko_description_v2.csv, 2026-08-25) - NO per-SKU tag assignment exists yet, matched only via literal substring of the VI tag name inside product titles - needs QA/BA verification + real per-product tag data before use in a real test cycle. Real search-service tag-field boost weight = 0 (ServiceConfig_SearchService.png, 2026-08-25) - tag-dimension queries are NOT expected to rank via tag relevance."
Bánh Nướng,Baked Cake,tag,vi,low,"derived from dev tag taxonomy (lotte_tags_vi_en_ko_description_v2.csv, 2026-08-25) - NO per-SKU tag assignment exists yet, matched only via literal substring of the VI tag name inside product titles - needs QA/BA verification + real per-product tag data before use in a real test cycle. Real search-service tag-field boost weight = 0 (ServiceConfig_SearchService.png, 2026-08-25) - tag-dimension queries are NOT expected to rank via tag relevance."
Bánh Nướng,구운 케이크,tag,vi,low,"derived from dev tag taxonomy (lotte_tags_vi_en_ko_description_v2.csv, 2026-08-25) - NO per-SKU tag assignment exists yet, matched only via literal substring of the VI tag name inside product titles - needs QA/BA verification + real per-product tag data before use in a real test cycle. Real search-service tag-field boost weight = 0 (ServiceConfig_SearchService.png, 2026-08-25) - tag-dimension queries are NOT expected to rank via tag relevance."
Túi Đựng Thực Phẩm,Food Storage Bag,tag,vi,low,"derived from dev tag taxonomy (lotte_tags_vi_en_ko_description_v2.csv, 2026-08-25) - NO per-SKU tag assignment exists yet, matched only via literal substring of the VI tag name inside product titles - needs QA/BA verification + real per-product tag data before use in a real test cycle. Real search-service tag-field boost weight = 0 (ServiceConfig_SearchService.png, 2026-08-25) - tag-dimension queries are NOT expected to rank via tag relevance."
Túi Đựng Thực Phẩm,식품 보관 봉투,tag,vi,low,"derived from dev tag taxonomy (lotte_tags_vi_en_ko_description_v2.csv, 2026-08-25) - NO per-SKU tag assignment exists yet, matched only via literal substring of the VI tag name inside product titles - needs QA/BA verification + real per-product tag data before use in a real test cycle. Real search-service tag-field boost weight = 0 (ServiceConfig_SearchService.png, 2026-08-25) - tag-dimension queries are NOT expected to rank via tag relevance."
Xe Xúc,Excavator Toy,tag,vi,low,"derived from dev tag taxonomy (lotte_tags_vi_en_ko_description_v2.csv, 2026-08-25) - NO per-SKU tag assignment exists yet, matched only via literal substring of the VI tag name inside product titles - needs QA/BA verification + real per-product tag data before use in a real test cycle. Real search-service tag-field boost weight = 0 (ServiceConfig_SearchService.png, 2026-08-25) - tag-dimension queries are NOT expected to rank via tag relevance."
Xe Xúc,굴착기 장난감,tag,vi,low,"derived from dev tag taxonomy (lotte_tags_vi_en_ko_description_v2.csv, 2026-08-25) - NO per-SKU tag assignment exists yet, matched only via literal substring of the VI tag name inside product titles - needs QA/BA verification + real per-product tag data before use in a real test cycle. Real search-service tag-field boost weight = 0 (ServiceConfig_SearchService.png, 2026-08-25) - tag-dimension queries are NOT expected to rank via tag relevance."
Me Vườn,Garden Tamarind,tag,vi,low,"derived from dev tag taxonomy (lotte_tags_vi_en_ko_description_v2.csv, 2026-08-25) - NO per-SKU tag assignment exists yet, matched only via literal substring of the VI tag name inside product titles - needs QA/BA verification + real per-product tag data before use in a real test cycle. Real search-service tag-field boost weight = 0 (ServiceConfig_SearchService.png, 2026-08-25) - tag-dimension queries are NOT expected to rank via tag relevance."
Me Vườn,정원 타마린드,tag,vi,low,"derived from dev tag taxonomy (lotte_tags_vi_en_ko_description_v2.csv, 2026-08-25) - NO per-SKU tag assignment exists yet, matched only via literal substring of the VI tag name inside product titles - needs QA/BA verification + real per-product tag data before use in a real test cycle. Real search-service tag-field boost weight = 0 (ServiceConfig_SearchService.png, 2026-08-25) - tag-dimension queries are NOT expected to rank via tag relevance."
Không Hương,Unscented,tag,vi,low,"derived from dev tag taxonomy (lotte_tags_vi_en_ko_description_v2.csv, 2026-08-25) - NO per-SKU tag assignment exists yet, matched only via literal substring of the VI tag name inside product titles - needs QA/BA verification + real per-product tag data before use in a real test cycle. Real search-service tag-field boost weight = 0 (ServiceConfig_SearchService.png, 2026-08-25) - tag-dimension queries are NOT expected to rank via tag relevance."
Không Hương,무향,tag,vi,low,"derived from dev tag taxonomy (lotte_tags_vi_en_ko_description_v2.csv, 2026-08-25) - NO per-SKU tag assignment exists yet, matched only via literal substring of the VI tag name inside product titles - needs QA/BA verification + real per-product tag data before use in a real test cycle. Real search-service tag-field boost weight = 0 (ServiceConfig_SearchService.png, 2026-08-25) - tag-dimension queries are NOT expected to rank via tag relevance."
Chuẩn VietGAP,VietGAP Certified,tag,vi,low,"derived from dev tag taxonomy (lotte_tags_vi_en_ko_description_v2.csv, 2026-08-25) - NO per-SKU tag assignment exists yet, matched only via literal substring of the VI tag name inside product titles - needs QA/BA verification + real per-product tag data before use in a real test cycle. Real search-service tag-field boost weight = 0 (ServiceConfig_SearchService.png, 2026-08-25) - tag-dimension queries are NOT expected to rank via tag relevance."
Chuẩn VietGAP,VietGAP 인증,tag,vi,low,"derived from dev tag taxonomy (lotte_tags_vi_en_ko_description_v2.csv, 2026-08-25) - NO per-SKU tag assignment exists yet, matched only via literal substring of the VI tag name inside product titles - needs QA/BA verification + real per-product tag data before use in a real test cycle. Real search-service tag-field boost weight = 0 (ServiceConfig_SearchService.png, 2026-08-25) - tag-dimension queries are NOT expected to rank via tag relevance."
Chanh Vàng,Yellow Lemon,tag,vi,low,"derived from dev tag taxonomy (lotte_tags_vi_en_ko_description_v2.csv, 2026-08-25) - NO per-SKU tag assignment exists yet, matched only via literal substring of the VI tag name inside product titles - needs QA/BA verification + real per-product tag data before use in a real test cycle. Real search-service tag-field boost weight = 0 (ServiceConfig_SearchService.png, 2026-08-25) - tag-dimension queries are NOT expected to rank via tag relevance."
Chanh Vàng,레몬,tag,vi,low,"derived from dev tag taxonomy (lotte_tags_vi_en_ko_description_v2.csv, 2026-08-25) - NO per-SKU tag assignment exists yet, matched only via literal substring of the VI tag name inside product titles - needs QA/BA verification + real per-product tag data before use in a real test cycle. Real search-service tag-field boost weight = 0 (ServiceConfig_SearchService.png, 2026-08-25) - tag-dimension queries are NOT expected to rank via tag relevance."
Xí Muội,Preserved Plum,tag,vi,low,"derived from dev tag taxonomy (lotte_tags_vi_en_ko_description_v2.csv, 2026-08-25) - NO per-SKU tag assignment exists yet, matched only via literal substring of the VI tag name inside product titles - needs QA/BA verification + real per-product tag data before use in a real test cycle. Real search-service tag-field boost weight = 0 (ServiceConfig_SearchService.png, 2026-08-25) - tag-dimension queries are NOT expected to rank via tag relevance."
Xí Muội,화매·절임 매실,tag,vi,low,"derived from dev tag taxonomy (lotte_tags_vi_en_ko_description_v2.csv, 2026-08-25) - NO per-SKU tag assignment exists yet, matched only via literal substring of the VI tag name inside product titles - needs QA/BA verification + real per-product tag data before use in a real test cycle. Real search-service tag-field boost weight = 0 (ServiceConfig_SearchService.png, 2026-08-25) - tag-dimension queries are NOT expected to rank via tag relevance."
Đậu Trắng,White Bean,tag,vi,low,"derived from dev tag taxonomy (lotte_tags_vi_en_ko_description_v2.csv, 2026-08-25) - NO per-SKU tag assignment exists yet, matched only via literal substring of the VI tag name inside product titles - needs QA/BA verification + real per-product tag data before use in a real test cycle. Real search-service tag-field boost weight = 0 (ServiceConfig_SearchService.png, 2026-08-25) - tag-dimension queries are NOT expected to rank via tag relevance."
Đậu Trắng,흰콩,tag,vi,low,"derived from dev tag taxonomy (lotte_tags_vi_en_ko_description_v2.csv, 2026-08-25) - NO per-SKU tag assignment exists yet, matched only via literal substring of the VI tag name inside product titles - needs QA/BA verification + real per-product tag data before use in a real test cycle. Real search-service tag-field boost weight = 0 (ServiceConfig_SearchService.png, 2026-08-25) - tag-dimension queries are NOT expected to rank via tag relevance."
Sốt Dầu,Oil-Based Sauce,tag,vi,low,"derived from dev tag taxonomy (lotte_tags_vi_en_ko_description_v2.csv, 2026-08-25) - NO per-SKU tag assignment exists yet, matched only via literal substring of the VI tag name inside product titles - needs QA/BA verification + real per-product tag data before use in a real test cycle. Real search-service tag-field boost weight = 0 (ServiceConfig_SearchService.png, 2026-08-25) - tag-dimension queries are NOT expected to rank via tag relevance."
Sốt Dầu,오일 소스,tag,vi,low,"derived from dev tag taxonomy (lotte_tags_vi_en_ko_description_v2.csv, 2026-08-25) - NO per-SKU tag assignment exists yet, matched only via literal substring of the VI tag name inside product titles - needs QA/BA verification + real per-product tag data before use in a real test cycle. Real search-service tag-field boost weight = 0 (ServiceConfig_SearchService.png, 2026-08-25) - tag-dimension queries are NOT expected to rank via tag relevance."
Bulgogi Bò,Beef Bulgogi,tag,vi,low,"derived from dev tag taxonomy (lotte_tags_vi_en_ko_description_v2.csv, 2026-08-25) - NO per-SKU tag assignment exists yet, matched only via literal substring of the VI tag name inside product titles - needs QA/BA verification + real per-product tag data before use in a real test cycle. Real search-service tag-field boost weight = 0 (ServiceConfig_SearchService.png, 2026-08-25) - tag-dimension queries are NOT expected to rank via tag relevance."
Bulgogi Bò,소불고기,tag,vi,low,"derived from dev tag taxonomy (lotte_tags_vi_en_ko_description_v2.csv, 2026-08-25) - NO per-SKU tag assignment exists yet, matched only via literal substring of the VI tag name inside product titles - needs QA/BA verification + real per-product tag data before use in a real test cycle. Real search-service tag-field boost weight = 0 (ServiceConfig_SearchService.png, 2026-08-25) - tag-dimension queries are NOT expected to rank via tag relevance."
Latte Muối,Salted Latte,tag,vi,low,"derived from dev tag taxonomy (lotte_tags_vi_en_ko_description_v2.csv, 2026-08-25) - NO per-SKU tag assignment exists yet, matched only via literal substring of the VI tag name inside product titles - needs QA/BA verification + real per-product tag data before use in a real test cycle. Real search-service tag-field boost weight = 0 (ServiceConfig_SearchService.png, 2026-08-25) - tag-dimension queries are NOT expected to rank via tag relevance."
Latte Muối,소금 라떼,tag,vi,low,"derived from dev tag taxonomy (lotte_tags_vi_en_ko_description_v2.csv, 2026-08-25) - NO per-SKU tag assignment exists yet, matched only via literal substring of the VI tag name inside product titles - needs QA/BA verification + real per-product tag data before use in a real test cycle. Real search-service tag-field boost weight = 0 (ServiceConfig_SearchService.png, 2026-08-25) - tag-dimension queries are NOT expected to rank via tag relevance."
Kẹo Sữa,Milk Candy,tag,vi,low,"derived from dev tag taxonomy (lotte_tags_vi_en_ko_description_v2.csv, 2026-08-25) - NO per-SKU tag assignment exists yet, matched only via literal substring of the VI tag name inside product titles - needs QA/BA verification + real per-product tag data before use in a real test cycle. Real search-service tag-field boost weight = 0 (ServiceConfig_SearchService.png, 2026-08-25) - tag-dimension queries are NOT expected to rank via tag relevance."
Kẹo Sữa,우유 캔디,tag,vi,low,"derived from dev tag taxonomy (lotte_tags_vi_en_ko_description_v2.csv, 2026-08-25) - NO per-SKU tag assignment exists yet, matched only via literal substring of the VI tag name inside product titles - needs QA/BA verification + real per-product tag data before use in a real test cycle. Real search-service tag-field boost weight = 0 (ServiceConfig_SearchService.png, 2026-08-25) - tag-dimension queries are NOT expected to rank via tag relevance."
Óc Chó,Walnut,tag,vi,low,"derived from dev tag taxonomy (lotte_tags_vi_en_ko_description_v2.csv, 2026-08-25) - NO per-SKU tag assignment exists yet, matched only via literal substring of the VI tag name inside product titles - needs QA/BA verification + real per-product tag data before use in a real test cycle. Real search-service tag-field boost weight = 0 (ServiceConfig_SearchService.png, 2026-08-25) - tag-dimension queries are NOT expected to rank via tag relevance."
Óc Chó,호두,tag,vi,low,"derived from dev tag taxonomy (lotte_tags_vi_en_ko_description_v2.csv, 2026-08-25) - NO per-SKU tag assignment exists yet, matched only via literal substring of the VI tag name inside product titles - needs QA/BA verification + real per-product tag data before use in a real test cycle. Real search-service tag-field boost weight = 0 (ServiceConfig_SearchService.png, 2026-08-25) - tag-dimension queries are NOT expected to rank via tag relevance."
Socola Chip,Chocolate Chips,tag,vi,low,"derived from dev tag taxonomy (lotte_tags_vi_en_ko_description_v2.csv, 2026-08-25) - NO per-SKU tag assignment exists yet, matched only via literal substring of the VI tag name inside product titles - needs QA/BA verification + real per-product tag data before use in a real test cycle. Real search-service tag-field boost weight = 0 (ServiceConfig_SearchService.png, 2026-08-25) - tag-dimension queries are NOT expected to rank via tag relevance."
Socola Chip,초콜릿 칩,tag,vi,low,"derived from dev tag taxonomy (lotte_tags_vi_en_ko_description_v2.csv, 2026-08-25) - NO per-SKU tag assignment exists yet, matched only via literal substring of the VI tag name inside product titles - needs QA/BA verification + real per-product tag data before use in a real test cycle. Real search-service tag-field boost weight = 0 (ServiceConfig_SearchService.png, 2026-08-25) - tag-dimension queries are NOT expected to rank via tag relevance."
Sốt Chanh,Lemon Sauce,tag,vi,low,"derived from dev tag taxonomy (lotte_tags_vi_en_ko_description_v2.csv, 2026-08-25) - NO per-SKU tag assignment exists yet, matched only via literal substring of the VI tag name inside product titles - needs QA/BA verification + real per-product tag data before use in a real test cycle. Real search-service tag-field boost weight = 0 (ServiceConfig_SearchService.png, 2026-08-25) - tag-dimension queries are NOT expected to rank via tag relevance."
Sốt Chanh,레몬 소스,tag,vi,low,"derived from dev tag taxonomy (lotte_tags_vi_en_ko_description_v2.csv, 2026-08-25) - NO per-SKU tag assignment exists yet, matched only via literal substring of the VI tag name inside product titles - needs QA/BA verification + real per-product tag data before use in a real test cycle. Real search-service tag-field boost weight = 0 (ServiceConfig_SearchService.png, 2026-08-25) - tag-dimension queries are NOT expected to rank via tag relevance."
Bánh Dứa,Pineapple Cake,tag,vi,low,"derived from dev tag taxonomy (lotte_tags_vi_en_ko_description_v2.csv, 2026-08-25) - NO per-SKU tag assignment exists yet, matched only via literal substring of the VI tag name inside product titles - needs QA/BA verification + real per-product tag data before use in a real test cycle. Real search-service tag-field boost weight = 0 (ServiceConfig_SearchService.png, 2026-08-25) - tag-dimension queries are NOT expected to rank via tag relevance."
Bánh Dứa,파인애플 케이크,tag,vi,low,"derived from dev tag taxonomy (lotte_tags_vi_en_ko_description_v2.csv, 2026-08-25) - NO per-SKU tag assignment exists yet, matched only via literal substring of the VI tag name inside product titles - needs QA/BA verification + real per-product tag data before use in a real test cycle. Real search-service tag-field boost weight = 0 (ServiceConfig_SearchService.png, 2026-08-25) - tag-dimension queries are NOT expected to rank via tag relevance."
Bánh Marie,Marie Biscuits,tag,vi,low,"derived from dev tag taxonomy (lotte_tags_vi_en_ko_description_v2.csv, 2026-08-25) - NO per-SKU tag assignment exists yet, matched only via literal substring of the VI tag name inside product titles - needs QA/BA verification + real per-product tag data before use in a real test cycle. Real search-service tag-field boost weight = 0 (ServiceConfig_SearchService.png, 2026-08-25) - tag-dimension queries are NOT expected to rank via tag relevance."
Bánh Marie,마리 비스킷,tag,vi,low,"derived from dev tag taxonomy (lotte_tags_vi_en_ko_description_v2.csv, 2026-08-25) - NO per-SKU tag assignment exists yet, matched only via literal substring of the VI tag name inside product titles - needs QA/BA verification + real per-product tag data before use in a real test cycle. Real search-service tag-field boost weight = 0 (ServiceConfig_SearchService.png, 2026-08-25) - tag-dimension queries are NOT expected to rank via tag relevance."
Làm Sandwich,Sandwich Making,tag,vi,low,"derived from dev tag taxonomy (lotte_tags_vi_en_ko_description_v2.csv, 2026-08-25) - NO per-SKU tag assignment exists yet, matched only via literal substring of the VI tag name inside product titles - needs QA/BA verification + real per-product tag data before use in a real test cycle. Real search-service tag-field boost weight = 0 (ServiceConfig_SearchService.png, 2026-08-25) - tag-dimension queries are NOT expected to rank via tag relevance."
Làm Sandwich,샌드위치 만들기,tag,vi,low,"derived from dev tag taxonomy (lotte_tags_vi_en_ko_description_v2.csv, 2026-08-25) - NO per-SKU tag assignment exists yet, matched only via literal substring of the VI tag name inside product titles - needs QA/BA verification + real per-product tag data before use in a real test cycle. Real search-service tag-field boost weight = 0 (ServiceConfig_SearchService.png, 2026-08-25) - tag-dimension queries are NOT expected to rank via tag relevance."
Mẹ Bầu,Pregnant Women,tag,vi,low,"derived from dev tag taxonomy (lotte_tags_vi_en_ko_description_v2.csv, 2026-08-25) - NO per-SKU tag assignment exists yet, matched only via literal substring of the VI tag name inside product titles - needs QA/BA verification + real per-product tag data before use in a real test cycle. Real search-service tag-field boost weight = 0 (ServiceConfig_SearchService.png, 2026-08-25) - tag-dimension queries are NOT expected to rank via tag relevance."
Mẹ Bầu,임산부,tag,vi,low,"derived from dev tag taxonomy (lotte_tags_vi_en_ko_description_v2.csv, 2026-08-25) - NO per-SKU tag assignment exists yet, matched only via literal substring of the VI tag name inside product titles - needs QA/BA verification + real per-product tag data before use in a real test cycle. Real search-service tag-field boost weight = 0 (ServiceConfig_SearchService.png, 2026-08-25) - tag-dimension queries are NOT expected to rank via tag relevance."
Khay Inox,Stainless Steel Tray,tag,vi,low,"derived from dev tag taxonomy (lotte_tags_vi_en_ko_description_v2.csv, 2026-08-25) - NO per-SKU tag assignment exists yet, matched only via literal substring of the VI tag name inside product titles - needs QA/BA verification + real per-product tag data before use in a real test cycle. Real search-service tag-field boost weight = 0 (ServiceConfig_SearchService.png, 2026-08-25) - tag-dimension queries are NOT expected to rank via tag relevance."
Khay Inox,스테인리스 트레이,tag,vi,low,"derived from dev tag taxonomy (lotte_tags_vi_en_ko_description_v2.csv, 2026-08-25) - NO per-SKU tag assignment exists yet, matched only via literal substring of the VI tag name inside product titles - needs QA/BA verification + real per-product tag data before use in a real test cycle. Real search-service tag-field boost weight = 0 (ServiceConfig_SearchService.png, 2026-08-25) - tag-dimension queries are NOT expected to rank via tag relevance."
Serum Biotin,Biotin Serum,tag,vi,low,"derived from dev tag taxonomy (lotte_tags_vi_en_ko_description_v2.csv, 2026-08-25) - NO per-SKU tag assignment exists yet, matched only via literal substring of the VI tag name inside product titles - needs QA/BA verification + real per-product tag data before use in a real test cycle. Real search-service tag-field boost weight = 0 (ServiceConfig_SearchService.png, 2026-08-25) - tag-dimension queries are NOT expected to rank via tag relevance."
Serum Biotin,비오틴 세럼,tag,vi,low,"derived from dev tag taxonomy (lotte_tags_vi_en_ko_description_v2.csv, 2026-08-25) - NO per-SKU tag assignment exists yet, matched only via literal substring of the VI tag name inside product titles - needs QA/BA verification + real per-product tag data before use in a real test cycle. Real search-service tag-field boost weight = 0 (ServiceConfig_SearchService.png, 2026-08-25) - tag-dimension queries are NOT expected to rank via tag relevance."
Xá Xíu,Char Siu,tag,vi,low,"derived from dev tag taxonomy (lotte_tags_vi_en_ko_description_v2.csv, 2026-08-25) - NO per-SKU tag assignment exists yet, matched only via literal substring of the VI tag name inside product titles - needs QA/BA verification + real per-product tag data before use in a real test cycle. Real search-service tag-field boost weight = 0 (ServiceConfig_SearchService.png, 2026-08-25) - tag-dimension queries are NOT expected to rank via tag relevance."
Xá Xíu,차슈,tag,vi,low,"derived from dev tag taxonomy (lotte_tags_vi_en_ko_description_v2.csv, 2026-08-25) - NO per-SKU tag assignment exists yet, matched only via literal substring of the VI tag name inside product titles - needs QA/BA verification + real per-product tag data before use in a real test cycle. Real search-service tag-field boost weight = 0 (ServiceConfig_SearchService.png, 2026-08-25) - tag-dimension queries are NOT expected to rank via tag relevance."
Bánh Trứng,Egg Cake,tag,vi,low,"derived from dev tag taxonomy (lotte_tags_vi_en_ko_description_v2.csv, 2026-08-25) - NO per-SKU tag assignment exists yet, matched only via literal substring of the VI tag name inside product titles - needs QA/BA verification + real per-product tag data before use in a real test cycle. Real search-service tag-field boost weight = 0 (ServiceConfig_SearchService.png, 2026-08-25) - tag-dimension queries are NOT expected to rank via tag relevance."
Bánh Trứng,계란 케이크,tag,vi,low,"derived from dev tag taxonomy (lotte_tags_vi_en_ko_description_v2.csv, 2026-08-25) - NO per-SKU tag assignment exists yet, matched only via literal substring of the VI tag name inside product titles - needs QA/BA verification + real per-product tag data before use in a real test cycle. Real search-service tag-field boost weight = 0 (ServiceConfig_SearchService.png, 2026-08-25) - tag-dimension queries are NOT expected to rank via tag relevance."
Nhựa PVC,PVC Plastic,tag,vi,low,"derived from dev tag taxonomy (lotte_tags_vi_en_ko_description_v2.csv, 2026-08-25) - NO per-SKU tag assignment exists yet, matched only via literal substring of the VI tag name inside product titles - needs QA/BA verification + real per-product tag data before use in a real test cycle. Real search-service tag-field boost weight = 0 (ServiceConfig_SearchService.png, 2026-08-25) - tag-dimension queries are NOT expected to rank via tag relevance."
Nhựa PVC,PVC 플라스틱,tag,vi,low,"derived from dev tag taxonomy (lotte_tags_vi_en_ko_description_v2.csv, 2026-08-25) - NO per-SKU tag assignment exists yet, matched only via literal substring of the VI tag name inside product titles - needs QA/BA verification + real per-product tag data before use in a real test cycle. Real search-service tag-field boost weight = 0 (ServiceConfig_SearchService.png, 2026-08-25) - tag-dimension queries are NOT expected to rank via tag relevance."
Vitamin A/C/E,Vitamins A/C/E,tag,vi,low,"derived from dev tag taxonomy (lotte_tags_vi_en_ko_description_v2.csv, 2026-08-25) - NO per-SKU tag assignment exists yet, matched only via literal substring of the VI tag name inside product titles - needs QA/BA verification + real per-product tag data before use in a real test cycle. Real search-service tag-field boost weight = 0 (ServiceConfig_SearchService.png, 2026-08-25) - tag-dimension queries are NOT expected to rank via tag relevance."
Vitamin A/C/E,비타민 A/C/E,tag,vi,low,"derived from dev tag taxonomy (lotte_tags_vi_en_ko_description_v2.csv, 2026-08-25) - NO per-SKU tag assignment exists yet, matched only via literal substring of the VI tag name inside product titles - needs QA/BA verification + real per-product tag data before use in a real test cycle. Real search-service tag-field boost weight = 0 (ServiceConfig_SearchService.png, 2026-08-25) - tag-dimension queries are NOT expected to rank via tag relevance."
Ngựa Pony,Pony,tag,vi,low,"derived from dev tag taxonomy (lotte_tags_vi_en_ko_description_v2.csv, 2026-08-25) - NO per-SKU tag assignment exists yet, matched only via literal substring of the VI tag name inside product titles - needs QA/BA verification + real per-product tag data before use in a real test cycle. Real search-service tag-field boost weight = 0 (ServiceConfig_SearchService.png, 2026-08-25) - tag-dimension queries are NOT expected to rank via tag relevance."
Ngựa Pony,포니,tag,vi,low,"derived from dev tag taxonomy (lotte_tags_vi_en_ko_description_v2.csv, 2026-08-25) - NO per-SKU tag assignment exists yet, matched only via literal substring of the VI tag name inside product titles - needs QA/BA verification + real per-product tag data before use in a real test cycle. Real search-service tag-field boost weight = 0 (ServiceConfig_SearchService.png, 2026-08-25) - tag-dimension queries are NOT expected to rank via tag relevance."
Nấu Burger,Burger Cooking,tag,vi,low,"derived from dev tag taxonomy (lotte_tags_vi_en_ko_description_v2.csv, 2026-08-25) - NO per-SKU tag assignment exists yet, matched only via literal substring of the VI tag name inside product titles - needs QA/BA verification + real per-product tag data before use in a real test cycle. Real search-service tag-field boost weight = 0 (ServiceConfig_SearchService.png, 2026-08-25) - tag-dimension queries are NOT expected to rank via tag relevance."
Nấu Burger,버거 만들기,tag,vi,low,"derived from dev tag taxonomy (lotte_tags_vi_en_ko_description_v2.csv, 2026-08-25) - NO per-SKU tag assignment exists yet, matched only via literal substring of the VI tag name inside product titles - needs QA/BA verification + real per-product tag data before use in a real test cycle. Real search-service tag-field boost weight = 0 (ServiceConfig_SearchService.png, 2026-08-25) - tag-dimension queries are NOT expected to rank via tag relevance."
Tóc Nhuộm,Color-Treated Hair,tag,vi,low,"derived from dev tag taxonomy (lotte_tags_vi_en_ko_description_v2.csv, 2026-08-25) - NO per-SKU tag assignment exists yet, matched only via literal substring of the VI tag name inside product titles - needs QA/BA verification + real per-product tag data before use in a real test cycle. Real search-service tag-field boost weight = 0 (ServiceConfig_SearchService.png, 2026-08-25) - tag-dimension queries are NOT expected to rank via tag relevance."
Tóc Nhuộm,염색모,tag,vi,low,"derived from dev tag taxonomy (lotte_tags_vi_en_ko_description_v2.csv, 2026-08-25) - NO per-SKU tag assignment exists yet, matched only via literal substring of the VI tag name inside product titles - needs QA/BA verification + real per-product tag data before use in a real test cycle. Real search-service tag-field boost weight = 0 (ServiceConfig_SearchService.png, 2026-08-25) - tag-dimension queries are NOT expected to rank via tag relevance."
Xe Đạp,Bicycle,tag,vi,low,"derived from dev tag taxonomy (lotte_tags_vi_en_ko_description_v2.csv, 2026-08-25) - NO per-SKU tag assignment exists yet, matched only via literal substring of the VI tag name inside product titles - needs QA/BA verification + real per-product tag data before use in a real test cycle. Real search-service tag-field boost weight = 0 (ServiceConfig_SearchService.png, 2026-08-25) - tag-dimension queries are NOT expected to rank via tag relevance."
Xe Đạp,자전거,tag,vi,low,"derived from dev tag taxonomy (lotte_tags_vi_en_ko_description_v2.csv, 2026-08-25) - NO per-SKU tag assignment exists yet, matched only via literal substring of the VI tag name inside product titles - needs QA/BA verification + real per-product tag data before use in a real test cycle. Real search-service tag-field boost weight = 0 (ServiceConfig_SearchService.png, 2026-08-25) - tag-dimension queries are NOT expected to rank via tag relevance."
Thịt Viên,Meatballs,tag,vi,low,"derived from dev tag taxonomy (lotte_tags_vi_en_ko_description_v2.csv, 2026-08-25) - NO per-SKU tag assignment exists yet, matched only via literal substring of the VI tag name inside product titles - needs QA/BA verification + real per-product tag data before use in a real test cycle. Real search-service tag-field boost weight = 0 (ServiceConfig_SearchService.png, 2026-08-25) - tag-dimension queries are NOT expected to rank via tag relevance."
Thịt Viên,미트볼,tag,vi,low,"derived from dev tag taxonomy (lotte_tags_vi_en_ko_description_v2.csv, 2026-08-25) - NO per-SKU tag assignment exists yet, matched only via literal substring of the VI tag name inside product titles - needs QA/BA verification + real per-product tag data before use in a real test cycle. Real search-service tag-field boost weight = 0 (ServiceConfig_SearchService.png, 2026-08-25) - tag-dimension queries are NOT expected to rank via tag relevance."
Bánh Chưng,Banh Chung,tag,vi,low,"derived from dev tag taxonomy (lotte_tags_vi_en_ko_description_v2.csv, 2026-08-25) - NO per-SKU tag assignment exists yet, matched only via literal substring of the VI tag name inside product titles - needs QA/BA verification + real per-product tag data before use in a real test cycle. Real search-service tag-field boost weight = 0 (ServiceConfig_SearchService.png, 2026-08-25) - tag-dimension queries are NOT expected to rank via tag relevance."
Bánh Chưng,반쯩,tag,vi,low,"derived from dev tag taxonomy (lotte_tags_vi_en_ko_description_v2.csv, 2026-08-25) - NO per-SKU tag assignment exists yet, matched only via literal substring of the VI tag name inside product titles - needs QA/BA verification + real per-product tag data before use in a real test cycle. Real search-service tag-field boost weight = 0 (ServiceConfig_SearchService.png, 2026-08-25) - tag-dimension queries are NOT expected to rank via tag relevance."
Muối Biển,Sea Salt,tag,vi,low,"derived from dev tag taxonomy (lotte_tags_vi_en_ko_description_v2.csv, 2026-08-25) - NO per-SKU tag assignment exists yet, matched only via literal substring of the VI tag name inside product titles - needs QA/BA verification + real per-product tag data before use in a real test cycle. Real search-service tag-field boost weight = 0 (ServiceConfig_SearchService.png, 2026-08-25) - tag-dimension queries are NOT expected to rank via tag relevance."
Muối Biển,천일염,tag,vi,low,"derived from dev tag taxonomy (lotte_tags_vi_en_ko_description_v2.csv, 2026-08-25) - NO per-SKU tag assignment exists yet, matched only via literal substring of the VI tag name inside product titles - needs QA/BA verification + real per-product tag data before use in a real test cycle. Real search-service tag-field boost weight = 0 (ServiceConfig_SearchService.png, 2026-08-25) - tag-dimension queries are NOT expected to rank via tag relevance."
Tỏi Phi,Fried Garlic,tag,vi,low,"derived from dev tag taxonomy (lotte_tags_vi_en_ko_description_v2.csv, 2026-08-25) - NO per-SKU tag assignment exists yet, matched only via literal substring of the VI tag name inside product titles - needs QA/BA verification + real per-product tag data before use in a real test cycle. Real search-service tag-field boost weight = 0 (ServiceConfig_SearchService.png, 2026-08-25) - tag-dimension queries are NOT expected to rank via tag relevance."
Tỏi Phi,튀긴 마늘,tag,vi,low,"derived from dev tag taxonomy (lotte_tags_vi_en_ko_description_v2.csv, 2026-08-25) - NO per-SKU tag assignment exists yet, matched only via literal substring of the VI tag name inside product titles - needs QA/BA verification + real per-product tag data before use in a real test cycle. Real search-service tag-field boost weight = 0 (ServiceConfig_SearchService.png, 2026-08-25) - tag-dimension queries are NOT expected to rank via tag relevance."
Phụ Kiện Ô Tô,Car Accessories,tag,vi,low,"derived from dev tag taxonomy (lotte_tags_vi_en_ko_description_v2.csv, 2026-08-25) - NO per-SKU tag assignment exists yet, matched only via literal substring of the VI tag name inside product titles - needs QA/BA verification + real per-product tag data before use in a real test cycle. Real search-service tag-field boost weight = 0 (ServiceConfig_SearchService.png, 2026-08-25) - tag-dimension queries are NOT expected to rank via tag relevance."
Phụ Kiện Ô Tô,자동차 액세서리,tag,vi,low,"derived from dev tag taxonomy (lotte_tags_vi_en_ko_description_v2.csv, 2026-08-25) - NO per-SKU tag assignment exists yet, matched only via literal substring of the VI tag name inside product titles - needs QA/BA verification + real per-product tag data before use in a real test cycle. Real search-service tag-field boost weight = 0 (ServiceConfig_SearchService.png, 2026-08-25) - tag-dimension queries are NOT expected to rank via tag relevance."
Giàu Đạm,High Protein,tag,vi,low,"derived from dev tag taxonomy (lotte_tags_vi_en_ko_description_v2.csv, 2026-08-25) - NO per-SKU tag assignment exists yet, matched only via literal substring of the VI tag name inside product titles - needs QA/BA verification + real per-product tag data before use in a real test cycle. Real search-service tag-field boost weight = 0 (ServiceConfig_SearchService.png, 2026-08-25) - tag-dimension queries are NOT expected to rank via tag relevance."
Giàu Đạm,고단백,tag,vi,low,"derived from dev tag taxonomy (lotte_tags_vi_en_ko_description_v2.csv, 2026-08-25) - NO per-SKU tag assignment exists yet, matched only via literal substring of the VI tag name inside product titles - needs QA/BA verification + real per-product tag data before use in a real test cycle. Real search-service tag-field boost weight = 0 (ServiceConfig_SearchService.png, 2026-08-25) - tag-dimension queries are NOT expected to rank via tag relevance."
Nấm Hương,Shiitake Mushroom,tag,vi,low,"derived from dev tag taxonomy (lotte_tags_vi_en_ko_description_v2.csv, 2026-08-25) - NO per-SKU tag assignment exists yet, matched only via literal substring of the VI tag name inside product titles - needs QA/BA verification + real per-product tag data before use in a real test cycle. Real search-service tag-field boost weight = 0 (ServiceConfig_SearchService.png, 2026-08-25) - tag-dimension queries are NOT expected to rank via tag relevance."
Nấm Hương,표고버섯,tag,vi,low,"derived from dev tag taxonomy (lotte_tags_vi_en_ko_description_v2.csv, 2026-08-25) - NO per-SKU tag assignment exists yet, matched only via literal substring of the VI tag name inside product titles - needs QA/BA verification + real per-product tag data before use in a real test cycle. Real search-service tag-field boost weight = 0 (ServiceConfig_SearchService.png, 2026-08-25) - tag-dimension queries are NOT expected to rank via tag relevance."
Bánh Bơ,Butter Cake,tag,vi,low,"derived from dev tag taxonomy (lotte_tags_vi_en_ko_description_v2.csv, 2026-08-25) - NO per-SKU tag assignment exists yet, matched only via literal substring of the VI tag name inside product titles - needs QA/BA verification + real per-product tag data before use in a real test cycle. Real search-service tag-field boost weight = 0 (ServiceConfig_SearchService.png, 2026-08-25) - tag-dimension queries are NOT expected to rank via tag relevance."
Bánh Bơ,버터 케이크,tag,vi,low,"derived from dev tag taxonomy (lotte_tags_vi_en_ko_description_v2.csv, 2026-08-25) - NO per-SKU tag assignment exists yet, matched only via literal substring of the VI tag name inside product titles - needs QA/BA verification + real per-product tag data before use in a real test cycle. Real search-service tag-field boost weight = 0 (ServiceConfig_SearchService.png, 2026-08-25) - tag-dimension queries are NOT expected to rank via tag relevance."
Dừa Tươi,Fresh Coconut,tag,vi,low,"derived from dev tag taxonomy (lotte_tags_vi_en_ko_description_v2.csv, 2026-08-25) - NO per-SKU tag assignment exists yet, matched only via literal substring of the VI tag name inside product titles - needs QA/BA verification + real per-product tag data before use in a real test cycle. Real search-service tag-field boost weight = 0 (ServiceConfig_SearchService.png, 2026-08-25) - tag-dimension queries are NOT expected to rank via tag relevance."
Dừa Tươi,신선 코코넛,tag,vi,low,"derived from dev tag taxonomy (lotte_tags_vi_en_ko_description_v2.csv, 2026-08-25) - NO per-SKU tag assignment exists yet, matched only via literal substring of the VI tag name inside product titles - needs QA/BA verification + real per-product tag data before use in a real test cycle. Real search-service tag-field boost weight = 0 (ServiceConfig_SearchService.png, 2026-08-25) - tag-dimension queries are NOT expected to rank via tag relevance."
Đồ Ngủ,Sleepwear,tag,vi,low,"derived from dev tag taxonomy (lotte_tags_vi_en_ko_description_v2.csv, 2026-08-25) - NO per-SKU tag assignment exists yet, matched only via literal substring of the VI tag name inside product titles - needs QA/BA verification + real per-product tag data before use in a real test cycle. Real search-service tag-field boost weight = 0 (ServiceConfig_SearchService.png, 2026-08-25) - tag-dimension queries are NOT expected to rank via tag relevance."
Đồ Ngủ,잠옷,tag,vi,low,"derived from dev tag taxonomy (lotte_tags_vi_en_ko_description_v2.csv, 2026-08-25) - NO per-SKU tag assignment exists yet, matched only via literal substring of the VI tag name inside product titles - needs QA/BA verification + real per-product tag data before use in a real test cycle. Real search-service tag-field boost weight = 0 (ServiceConfig_SearchService.png, 2026-08-25) - tag-dimension queries are NOT expected to rank via tag relevance."
Cỏ Ngọt,Stevia,tag,vi,low,"derived from dev tag taxonomy (lotte_tags_vi_en_ko_description_v2.csv, 2026-08-25) - NO per-SKU tag assignment exists yet, matched only via literal substring of the VI tag name inside product titles - needs QA/BA verification + real per-product tag data before use in a real test cycle. Real search-service tag-field boost weight = 0 (ServiceConfig_SearchService.png, 2026-08-25) - tag-dimension queries are NOT expected to rank via tag relevance."
Cỏ Ngọt,스테비아,tag,vi,low,"derived from dev tag taxonomy (lotte_tags_vi_en_ko_description_v2.csv, 2026-08-25) - NO per-SKU tag assignment exists yet, matched only via literal substring of the VI tag name inside product titles - needs QA/BA verification + real per-product tag data before use in a real test cycle. Real search-service tag-field boost weight = 0 (ServiceConfig_SearchService.png, 2026-08-25) - tag-dimension queries are NOT expected to rank via tag relevance."
Muỗng Nhọn,Pointed Spoon,tag,vi,low,"derived from dev tag taxonomy (lotte_tags_vi_en_ko_description_v2.csv, 2026-08-25) - NO per-SKU tag assignment exists yet, matched only via literal substring of the VI tag name inside product titles - needs QA/BA verification + real per-product tag data before use in a real test cycle. Real search-service tag-field boost weight = 0 (ServiceConfig_SearchService.png, 2026-08-25) - tag-dimension queries are NOT expected to rank via tag relevance."
Muỗng Nhọn,끝이 뾰족한 스푼,tag,vi,low,"derived from dev tag taxonomy (lotte_tags_vi_en_ko_description_v2.csv, 2026-08-25) - NO per-SKU tag assignment exists yet, matched only via literal substring of the VI tag name inside product titles - needs QA/BA verification + real per-product tag data before use in a real test cycle. Real search-service tag-field boost weight = 0 (ServiceConfig_SearchService.png, 2026-08-25) - tag-dimension queries are NOT expected to rank via tag relevance."
Tôm Tempura,Shrimp Tempura,tag,vi,low,"derived from dev tag taxonomy (lotte_tags_vi_en_ko_description_v2.csv, 2026-08-25) - NO per-SKU tag assignment exists yet, matched only via literal substring of the VI tag name inside product titles - needs QA/BA verification + real per-product tag data before use in a real test cycle. Real search-service tag-field boost weight = 0 (ServiceConfig_SearchService.png, 2026-08-25) - tag-dimension queries are NOT expected to rank via tag relevance."
Tôm Tempura,새우튀김,tag,vi,low,"derived from dev tag taxonomy (lotte_tags_vi_en_ko_description_v2.csv, 2026-08-25) - NO per-SKU tag assignment exists yet, matched only via literal substring of the VI tag name inside product titles - needs QA/BA verification + real per-product tag data before use in a real test cycle. Real search-service tag-field boost weight = 0 (ServiceConfig_SearchService.png, 2026-08-25) - tag-dimension queries are NOT expected to rank via tag relevance."
Bánh Mặn,Savory Pastry,tag,vi,low,"derived from dev tag taxonomy (lotte_tags_vi_en_ko_description_v2.csv, 2026-08-25) - NO per-SKU tag assignment exists yet, matched only via literal substring of the VI tag name inside product titles - needs QA/BA verification + real per-product tag data before use in a real test cycle. Real search-service tag-field boost weight = 0 (ServiceConfig_SearchService.png, 2026-08-25) - tag-dimension queries are NOT expected to rank via tag relevance."
Bánh Mặn,짭짤한 페이스트리,tag,vi,low,"derived from dev tag taxonomy (lotte_tags_vi_en_ko_description_v2.csv, 2026-08-25) - NO per-SKU tag assignment exists yet, matched only via literal substring of the VI tag name inside product titles - needs QA/BA verification + real per-product tag data before use in a real test cycle. Real search-service tag-field boost weight = 0 (ServiceConfig_SearchService.png, 2026-08-25) - tag-dimension queries are NOT expected to rank via tag relevance."
Chuối Tây,Cavendish Banana,tag,vi,low,"derived from dev tag taxonomy (lotte_tags_vi_en_ko_description_v2.csv, 2026-08-25) - NO per-SKU tag assignment exists yet, matched only via literal substring of the VI tag name inside product titles - needs QA/BA verification + real per-product tag data before use in a real test cycle. Real search-service tag-field boost weight = 0 (ServiceConfig_SearchService.png, 2026-08-25) - tag-dimension queries are NOT expected to rank via tag relevance."
Chuối Tây,캐번디시 바나나,tag,vi,low,"derived from dev tag taxonomy (lotte_tags_vi_en_ko_description_v2.csv, 2026-08-25) - NO per-SKU tag assignment exists yet, matched only via literal substring of the VI tag name inside product titles - needs QA/BA verification + real per-product tag data before use in a real test cycle. Real search-service tag-field boost weight = 0 (ServiceConfig_SearchService.png, 2026-08-25) - tag-dimension queries are NOT expected to rank via tag relevance."
Dã Ngoại,Picnic,tag,vi,low,"derived from dev tag taxonomy (lotte_tags_vi_en_ko_description_v2.csv, 2026-08-25) - NO per-SKU tag assignment exists yet, matched only via literal substring of the VI tag name inside product titles - needs QA/BA verification + real per-product tag data before use in a real test cycle. Real search-service tag-field boost weight = 0 (ServiceConfig_SearchService.png, 2026-08-25) - tag-dimension queries are NOT expected to rank via tag relevance."
Dã Ngoại,피크닉,tag,vi,low,"derived from dev tag taxonomy (lotte_tags_vi_en_ko_description_v2.csv, 2026-08-25) - NO per-SKU tag assignment exists yet, matched only via literal substring of the VI tag name inside product titles - needs QA/BA verification + real per-product tag data before use in a real test cycle. Real search-service tag-field boost weight = 0 (ServiceConfig_SearchService.png, 2026-08-25) - tag-dimension queries are NOT expected to rank via tag relevance."
Tôm Cua,Shrimp & Crab,tag,vi,low,"derived from dev tag taxonomy (lotte_tags_vi_en_ko_description_v2.csv, 2026-08-25) - NO per-SKU tag assignment exists yet, matched only via literal substring of the VI tag name inside product titles - needs QA/BA verification + real per-product tag data before use in a real test cycle. Real search-service tag-field boost weight = 0 (ServiceConfig_SearchService.png, 2026-08-25) - tag-dimension queries are NOT expected to rank via tag relevance."
Tôm Cua,새우·게,tag,vi,low,"derived from dev tag taxonomy (lotte_tags_vi_en_ko_description_v2.csv, 2026-08-25) - NO per-SKU tag assignment exists yet, matched only via literal substring of the VI tag name inside product titles - needs QA/BA verification + real per-product tag data before use in a real test cycle. Real search-service tag-field boost weight = 0 (ServiceConfig_SearchService.png, 2026-08-25) - tag-dimension queries are NOT expected to rank via tag relevance."
Hành Lý,Luggage,tag,vi,low,"derived from dev tag taxonomy (lotte_tags_vi_en_ko_description_v2.csv, 2026-08-25) - NO per-SKU tag assignment exists yet, matched only via literal substring of the VI tag name inside product titles - needs QA/BA verification + real per-product tag data before use in a real test cycle. Real search-service tag-field boost weight = 0 (ServiceConfig_SearchService.png, 2026-08-25) - tag-dimension queries are NOT expected to rank via tag relevance."
Hành Lý,수하물,tag,vi,low,"derived from dev tag taxonomy (lotte_tags_vi_en_ko_description_v2.csv, 2026-08-25) - NO per-SKU tag assignment exists yet, matched only via literal substring of the VI tag name inside product titles - needs QA/BA verification + real per-product tag data before use in a real test cycle. Real search-service tag-field boost weight = 0 (ServiceConfig_SearchService.png, 2026-08-25) - tag-dimension queries are NOT expected to rank via tag relevance."
Đường Thanh,Sugar Sticks,tag,vi,low,"derived from dev tag taxonomy (lotte_tags_vi_en_ko_description_v2.csv, 2026-08-25) - NO per-SKU tag assignment exists yet, matched only via literal substring of the VI tag name inside product titles - needs QA/BA verification + real per-product tag data before use in a real test cycle. Real search-service tag-field boost weight = 0 (ServiceConfig_SearchService.png, 2026-08-25) - tag-dimension queries are NOT expected to rank via tag relevance."
Đường Thanh,스틱 설탕,tag,vi,low,"derived from dev tag taxonomy (lotte_tags_vi_en_ko_description_v2.csv, 2026-08-25) - NO per-SKU tag assignment exists yet, matched only via literal substring of the VI tag name inside product titles - needs QA/BA verification + real per-product tag data before use in a real test cycle. Real search-service tag-field boost weight = 0 (ServiceConfig_SearchService.png, 2026-08-25) - tag-dimension queries are NOT expected to rank via tag relevance."
Chống Lóa,Anti-Glare,tag,vi,low,"derived from dev tag taxonomy (lotte_tags_vi_en_ko_description_v2.csv, 2026-08-25) - NO per-SKU tag assignment exists yet, matched only via literal substring of the VI tag name inside product titles - needs QA/BA verification + real per-product tag data before use in a real test cycle. Real search-service tag-field boost weight = 0 (ServiceConfig_SearchService.png, 2026-08-25) - tag-dimension queries are NOT expected to rank via tag relevance."
Chống Lóa,눈부심 방지,tag,vi,low,"derived from dev tag taxonomy (lotte_tags_vi_en_ko_description_v2.csv, 2026-08-25) - NO per-SKU tag assignment exists yet, matched only via literal substring of the VI tag name inside product titles - needs QA/BA verification + real per-product tag data before use in a real test cycle. Real search-service tag-field boost weight = 0 (ServiceConfig_SearchService.png, 2026-08-25) - tag-dimension queries are NOT expected to rank via tag relevance."
Bún Chả,Bun Cha,tag,vi,low,"derived from dev tag taxonomy (lotte_tags_vi_en_ko_description_v2.csv, 2026-08-25) - NO per-SKU tag assignment exists yet, matched only via literal substring of the VI tag name inside product titles - needs QA/BA verification + real per-product tag data before use in a real test cycle. Real search-service tag-field boost weight = 0 (ServiceConfig_SearchService.png, 2026-08-25) - tag-dimension queries are NOT expected to rank via tag relevance."
Bún Chả,분짜,tag,vi,low,"derived from dev tag taxonomy (lotte_tags_vi_en_ko_description_v2.csv, 2026-08-25) - NO per-SKU tag assignment exists yet, matched only via literal substring of the VI tag name inside product titles - needs QA/BA verification + real per-product tag data before use in a real test cycle. Real search-service tag-field boost weight = 0 (ServiceConfig_SearchService.png, 2026-08-25) - tag-dimension queries are NOT expected to rank via tag relevance."
Tôm Thịt,Shrimp & Meat,tag,vi,low,"derived from dev tag taxonomy (lotte_tags_vi_en_ko_description_v2.csv, 2026-08-25) - NO per-SKU tag assignment exists yet, matched only via literal substring of the VI tag name inside product titles - needs QA/BA verification + real per-product tag data before use in a real test cycle. Real search-service tag-field boost weight = 0 (ServiceConfig_SearchService.png, 2026-08-25) - tag-dimension queries are NOT expected to rank via tag relevance."
Tôm Thịt,새우·고기,tag,vi,low,"derived from dev tag taxonomy (lotte_tags_vi_en_ko_description_v2.csv, 2026-08-25) - NO per-SKU tag assignment exists yet, matched only via literal substring of the VI tag name inside product titles - needs QA/BA verification + real per-product tag data before use in a real test cycle. Real search-service tag-field boost weight = 0 (ServiceConfig_SearchService.png, 2026-08-25) - tag-dimension queries are NOT expected to rank via tag relevance."
Sốt Nấm,Mushroom Sauce,tag,vi,low,"derived from dev tag taxonomy (lotte_tags_vi_en_ko_description_v2.csv, 2026-08-25) - NO per-SKU tag assignment exists yet, matched only via literal substring of the VI tag name inside product titles - needs QA/BA verification + real per-product tag data before use in a real test cycle. Real search-service tag-field boost weight = 0 (ServiceConfig_SearchService.png, 2026-08-25) - tag-dimension queries are NOT expected to rank via tag relevance."
Sốt Nấm,버섯 소스,tag,vi,low,"derived from dev tag taxonomy (lotte_tags_vi_en_ko_description_v2.csv, 2026-08-25) - NO per-SKU tag assignment exists yet, matched only via literal substring of the VI tag name inside product titles - needs QA/BA verification + real per-product tag data before use in a real test cycle. Real search-service tag-field boost weight = 0 (ServiceConfig_SearchService.png, 2026-08-25) - tag-dimension queries are NOT expected to rank via tag relevance."
Lẩu Nấm,Mushroom Hot Pot,tag,vi,low,"derived from dev tag taxonomy (lotte_tags_vi_en_ko_description_v2.csv, 2026-08-25) - NO per-SKU tag assignment exists yet, matched only via literal substring of the VI tag name inside product titles - needs QA/BA verification + real per-product tag data before use in a real test cycle. Real search-service tag-field boost weight = 0 (ServiceConfig_SearchService.png, 2026-08-25) - tag-dimension queries are NOT expected to rank via tag relevance."
Lẩu Nấm,버섯 전골,tag,vi,low,"derived from dev tag taxonomy (lotte_tags_vi_en_ko_description_v2.csv, 2026-08-25) - NO per-SKU tag assignment exists yet, matched only via literal substring of the VI tag name inside product titles - needs QA/BA verification + real per-product tag data before use in a real test cycle. Real search-service tag-field boost weight = 0 (ServiceConfig_SearchService.png, 2026-08-25) - tag-dimension queries are NOT expected to rank via tag relevance."
Sốt Sriracha,Sriracha Sauce,tag,vi,low,"derived from dev tag taxonomy (lotte_tags_vi_en_ko_description_v2.csv, 2026-08-25) - NO per-SKU tag assignment exists yet, matched only via literal substring of the VI tag name inside product titles - needs QA/BA verification + real per-product tag data before use in a real test cycle. Real search-service tag-field boost weight = 0 (ServiceConfig_SearchService.png, 2026-08-25) - tag-dimension queries are NOT expected to rank via tag relevance."
Sốt Sriracha,스리라차 소스,tag,vi,low,"derived from dev tag taxonomy (lotte_tags_vi_en_ko_description_v2.csv, 2026-08-25) - NO per-SKU tag assignment exists yet, matched only via literal substring of the VI tag name inside product titles - needs QA/BA verification + real per-product tag data before use in a real test cycle. Real search-service tag-field boost weight = 0 (ServiceConfig_SearchService.png, 2026-08-25) - tag-dimension queries are NOT expected to rank via tag relevance."
Mì Carbonara,Carbonara Noodles,tag,vi,low,"derived from dev tag taxonomy (lotte_tags_vi_en_ko_description_v2.csv, 2026-08-25) - NO per-SKU tag assignment exists yet, matched only via literal substring of the VI tag name inside product titles - needs QA/BA verification + real per-product tag data before use in a real test cycle. Real search-service tag-field boost weight = 0 (ServiceConfig_SearchService.png, 2026-08-25) - tag-dimension queries are NOT expected to rank via tag relevance."
Mì Carbonara,카르보나라 면,tag,vi,low,"derived from dev tag taxonomy (lotte_tags_vi_en_ko_description_v2.csv, 2026-08-25) - NO per-SKU tag assignment exists yet, matched only via literal substring of the VI tag name inside product titles - needs QA/BA verification + real per-product tag data before use in a real test cycle. Real search-service tag-field boost weight = 0 (ServiceConfig_SearchService.png, 2026-08-25) - tag-dimension queries are NOT expected to rank via tag relevance."
Nghệ Tươi,Fresh Turmeric,tag,vi,low,"derived from dev tag taxonomy (lotte_tags_vi_en_ko_description_v2.csv, 2026-08-25) - NO per-SKU tag assignment exists yet, matched only via literal substring of the VI tag name inside product titles - needs QA/BA verification + real per-product tag data before use in a real test cycle. Real search-service tag-field boost weight = 0 (ServiceConfig_SearchService.png, 2026-08-25) - tag-dimension queries are NOT expected to rank via tag relevance."
Nghệ Tươi,생강황,tag,vi,low,"derived from dev tag taxonomy (lotte_tags_vi_en_ko_description_v2.csv, 2026-08-25) - NO per-SKU tag assignment exists yet, matched only via literal substring of the VI tag name inside product titles - needs QA/BA verification + real per-product tag data before use in a real test cycle. Real search-service tag-field boost weight = 0 (ServiceConfig_SearchService.png, 2026-08-25) - tag-dimension queries are NOT expected to rank via tag relevance."
Dừa Sợi,Shredded Coconut,tag,vi,low,"derived from dev tag taxonomy (lotte_tags_vi_en_ko_description_v2.csv, 2026-08-25) - NO per-SKU tag assignment exists yet, matched only via literal substring of the VI tag name inside product titles - needs QA/BA verification + real per-product tag data before use in a real test cycle. Real search-service tag-field boost weight = 0 (ServiceConfig_SearchService.png, 2026-08-25) - tag-dimension queries are NOT expected to rank via tag relevance."
Dừa Sợi,코코넛 채,tag,vi,low,"derived from dev tag taxonomy (lotte_tags_vi_en_ko_description_v2.csv, 2026-08-25) - NO per-SKU tag assignment exists yet, matched only via literal substring of the VI tag name inside product titles - needs QA/BA verification + real per-product tag data before use in a real test cycle. Real search-service tag-field boost weight = 0 (ServiceConfig_SearchService.png, 2026-08-25) - tag-dimension queries are NOT expected to rank via tag relevance."
Lẩu Gà,Chicken Hot Pot,tag,vi,low,"derived from dev tag taxonomy (lotte_tags_vi_en_ko_description_v2.csv, 2026-08-25) - NO per-SKU tag assignment exists yet, matched only via literal substring of the VI tag name inside product titles - needs QA/BA verification + real per-product tag data before use in a real test cycle. Real search-service tag-field boost weight = 0 (ServiceConfig_SearchService.png, 2026-08-25) - tag-dimension queries are NOT expected to rank via tag relevance."
Lẩu Gà,닭 전골,tag,vi,low,"derived from dev tag taxonomy (lotte_tags_vi_en_ko_description_v2.csv, 2026-08-25) - NO per-SKU tag assignment exists yet, matched only via literal substring of the VI tag name inside product titles - needs QA/BA verification + real per-product tag data before use in a real test cycle. Real search-service tag-field boost weight = 0 (ServiceConfig_SearchService.png, 2026-08-25) - tag-dimension queries are NOT expected to rank via tag relevance."
Xương Rồng,Cactus,tag,vi,low,"derived from dev tag taxonomy (lotte_tags_vi_en_ko_description_v2.csv, 2026-08-25) - NO per-SKU tag assignment exists yet, matched only via literal substring of the VI tag name inside product titles - needs QA/BA verification + real per-product tag data before use in a real test cycle. Real search-service tag-field boost weight = 0 (ServiceConfig_SearchService.png, 2026-08-25) - tag-dimension queries are NOT expected to rank via tag relevance."
Xương Rồng,선인장,tag,vi,low,"derived from dev tag taxonomy (lotte_tags_vi_en_ko_description_v2.csv, 2026-08-25) - NO per-SKU tag assignment exists yet, matched only via literal substring of the VI tag name inside product titles - needs QA/BA verification + real per-product tag data before use in a real test cycle. Real search-service tag-field boost weight = 0 (ServiceConfig_SearchService.png, 2026-08-25) - tag-dimension queries are NOT expected to rank via tag relevance."
Kem Dừa,Coconut Ice Cream,tag,vi,low,"derived from dev tag taxonomy (lotte_tags_vi_en_ko_description_v2.csv, 2026-08-25) - NO per-SKU tag assignment exists yet, matched only via literal substring of the VI tag name inside product titles - needs QA/BA verification + real per-product tag data before use in a real test cycle. Real search-service tag-field boost weight = 0 (ServiceConfig_SearchService.png, 2026-08-25) - tag-dimension queries are NOT expected to rank via tag relevance."
Kem Dừa,코코넛 아이스크림,tag,vi,low,"derived from dev tag taxonomy (lotte_tags_vi_en_ko_description_v2.csv, 2026-08-25) - NO per-SKU tag assignment exists yet, matched only via literal substring of the VI tag name inside product titles - needs QA/BA verification + real per-product tag data before use in a real test cycle. Real search-service tag-field boost weight = 0 (ServiceConfig_SearchService.png, 2026-08-25) - tag-dimension queries are NOT expected to rank via tag relevance."
Heo Hầm,Braised Pork,tag,vi,low,"derived from dev tag taxonomy (lotte_tags_vi_en_ko_description_v2.csv, 2026-08-25) - NO per-SKU tag assignment exists yet, matched only via literal substring of the VI tag name inside product titles - needs QA/BA verification + real per-product tag data before use in a real test cycle. Real search-service tag-field boost weight = 0 (ServiceConfig_SearchService.png, 2026-08-25) - tag-dimension queries are NOT expected to rank via tag relevance."
Heo Hầm,돼지고기 조림,tag,vi,low,"derived from dev tag taxonomy (lotte_tags_vi_en_ko_description_v2.csv, 2026-08-25) - NO per-SKU tag assignment exists yet, matched only via literal substring of the VI tag name inside product titles - needs QA/BA verification + real per-product tag data before use in a real test cycle. Real search-service tag-field boost weight = 0 (ServiceConfig_SearchService.png, 2026-08-25) - tag-dimension queries are NOT expected to rank via tag relevance."
